"titulo","url","autor","url_autor","data_atualizacao","boosts","comentarios","views","tags","_status"
"FVG with Probabilities | GainzAlgo","https://www.tradingview.com/script/sSsrTFwp-FVG-with-Probabilities-GainzAlgo/","GainzAlgo","https://www.tradingview.com/u/GainzAlgo/","2026-04-24T21:50:19.000Z","609","0","","",""
"FVG Quality Scorer | Flux Charts","https://www.tradingview.com/script/olDO4cWI-FVG-Quality-Scorer-Flux-Charts/","fluxchart","https://www.tradingview.com/u/fluxchart/","2026-04-24T23:09:10.000Z","401","2","","",""
"Moving Average Cross Toolkit [NotLazyBear]","https://www.tradingview.com/script/Ebkusgce-Moving-Average-Cross-Toolkit-NotLazyBear/","NotLazyBear","https://www.tradingview.com/u/NotLazyBear/","2026-04-26T02:09:30.000Z","391","1","","",""
"Institutional Order Flow Map","https://www.tradingview.com/script/RtUSROgU-Institutional-Order-Flow-Map/","AleksDU","https://www.tradingview.com/u/AleksDU/","2026-04-25T00:57:31.000Z","131","0","","",""
"Dominance Sweep Tracker [JOAT]","https://www.tradingview.com/script/SksvlRqT-Dominance-Sweep-Tracker-JOAT/","officialjackofalltrades","https://www.tradingview.com/u/officialjackofalltrades/","2026-04-25T02:10:08.000Z","94","0","","",""
"Zen RTH Trading Toolkit","https://www.tradingview.com/script/uyhvlSrD-Zen-RTH-Trading-Toolkit/","Zen_Trading_Tech","https://www.tradingview.com/u/Zen_Trading_Tech/","2026-04-24T15:31:54.000Z","122","1","","",""
"SuperTrend PSAR Scalping Momentum Indicator","https://www.tradingview.com/script/AIkRE08r-SuperTrend-PSAR-Scalping-Momentum-Indicator/","Tradedailywithseb","https://www.tradingview.com/u/Tradedailywithseb/","2026-04-25T00:55:13.000Z","62","2","","",""
"SPY Breadth Buy Signal","https://www.tradingview.com/script/EqOvXo5Z-SPY-Breadth-Buy-Signal/","jhc77761829","https://www.tradingview.com/u/jhc77761829/","2026-04-25T14:55:16.000Z","16","2","","",""
"TOB (True Order Blocks)","https://www.tradingview.com/script/lBcIKXtX-TOB-True-Order-Blocks/","carvictor0101","https://www.tradingview.com/u/carvictor0101/","2026-04-24T23:03:13.000Z","70","0","","",""
"RB22 Fast Pass Strategy (15 Micro) - PERFECTED","https://www.tradingview.com/script/3nzaoTFx-RB22-Fast-Pass-Strategy-15-Micro-PERFECTED/","arreolajuliojr969","https://www.tradingview.com/u/arreolajuliojr969/","2026-04-25T03:08:44.000Z","111","0","","",""
"Market State Distribution Engine v2 [Breadth Model]","https://www.tradingview.com/script/TDF1eTka-Market-State-Distribution-Engine-v2-Breadth-Model/","Trade_Logic1019","https://www.tradingview.com/u/Trade_Logic1019/","2026-04-24T12:52:53.000Z","114","0","","",""
"SHK CCI RSI StochRSI Fisher Blended Oscillator divergence","https://www.tradingview.com/script/jn89BVvO-SHK-CCI-RSI-StochRSI-Fisher-Blended-Oscillator-divergence/","Syed_Hussain_K","https://www.tradingview.com/u/Syed_Hussain_K/","2026-04-24T19:09:22.000Z","43","1","","",""
"Supertrend Multi-Filter Toolkit [CLEVER]","https://www.tradingview.com/script/KCnf3Jsc-Supertrend-Multi-Filter-Toolkit-CLEVER/","TheCleverTraders","https://www.tradingview.com/u/TheCleverTraders/","2026-04-25T00:57:20.000Z","68","0","","",""
"Segmented Pressure Bands [JOAT]","https://www.tradingview.com/script/HTfGgMLY-Segmented-Pressure-Bands-JOAT/","officialjackofalltrades","https://www.tradingview.com/u/officialjackofalltrades/","2026-04-25T16:15:28.000Z","46","0","","",""
"J.TRADER - Premium Trend Sniper V.05","https://www.tradingview.com/script/v8vUB8Sb/","Trader_j_official","https://www.tradingview.com/u/Trader_j_official/","2026-04-24T12:28:00.000Z","98","0","","",""
"Wedge Reversal Detector [AGPro Series]","https://www.tradingview.com/script/czoEb5kS-Wedge-Reversal-Detector-AGPro-Series/","AGProLabs","https://www.tradingview.com/u/AGProLabs/","2026-04-24T17:30:04.000Z","71","0","","",""
"Trend lines super","https://www.tradingview.com/script/j5Tr7GxT-trend-lines-super/","AlexTraderPsycholog","https://www.tradingview.com/u/AlexTraderPsycholog/","2026-04-25T10:05:42.000Z","45","0","","",""
"Dual Structure CHoCH RR system","https://www.tradingview.com/script/zZn43fwU-Dual-Structure-CHoCH-RR-system/","julzALGO","https://www.tradingview.com/u/julzALGO/","2026-04-25T10:59:10.000Z","35","0","","",""
"Auto Swings + 4H / 1H / 5m Trend (FULL + ALL TF ALERT)","https://www.tradingview.com/script/zOo0l8ip-auto-swings-4h-1h-5m-trend-full-all-tf-alert/","TradePro1000","https://www.tradingview.com/u/TradePro1000/","2026-04-24T20:22:39.000Z","45","0","","",""
"ABCD Projection Zones [AGPro Series]","https://www.tradingview.com/script/BOuMku65-ABCD-Projection-Zones-AGPro-Series/","AGProLabs","https://www.tradingview.com/u/AGProLabs/","2026-04-25T08:44:49.000Z","30","0","","",""
"PRE: UT Bot + Linear Regression Combo","https://www.tradingview.com/script/vpe0Y2hr-PRE-UT-Bot-Linear-Regression-Combo/","preclicks","https://www.tradingview.com/u/preclicks/","2026-04-24T20:48:16.000Z","43","0","","",""
"CCI Surge - Momentum Continuation Strateg","https://www.tradingview.com/script/0NVDxrQc-CCI-Surge-Momentum-Continuation-Strateg/","wielkieef","https://www.tradingview.com/u/wielkieef/","2026-04-25T10:47:14.000Z","27","0","","",""
"Volume Profile With Smart Level Detection","https://www.tradingview.com/script/eoJMDuOm-Volume-Profile-With-Smart-Level-Detection/","CraftyPicks","https://www.tradingview.com/u/CraftyPicks/","2026-04-25T03:43:09.000Z","29","0","","",""
"AMT Market Phase [TradingIQ + Ethan]","https://www.tradingview.com/script/kzJBbJO3-AMT-Market-Phase-TradingIQ-Ethan/","Trading-IQ","https://www.tradingview.com/u/Trading-IQ/","2026-04-25T22:31:02.000Z","35","0","","",""
"JEETUNSE stockpro - Audited V7.1 Strict Close","https://www.tradingview.com/script/m2YvQr3j-JEETUNSE-stockpro-Audited-V7-1-Strict-Close/","jeetunse","https://www.tradingview.com/u/jeetunse/","2026-04-25T11:02:13.000Z","5","1","","",""
"Confirmation Signals [Simple]","https://www.tradingview.com/script/5YFdymjB-confirmation-signals-simple/","vitalychikin","https://www.tradingview.com/u/vitalychikin/","2026-04-24T17:22:49.000Z","46","0","","",""
"Wave Navigator Cycle [Adaptive]","https://www.tradingview.com/script/LkdQLlEo-Wave-Navigator-Cycle-Adaptive/","carlson35","https://www.tradingview.com/u/carlson35/","2026-04-24T16:58:32.000Z","35","0","","",""
"Traditional Renko Box Overlay","https://www.tradingview.com/script/TZkdEphU/","FX_tankyu","https://www.tradingview.com/u/FX_tankyu/","2026-04-25T02:16:02.000Z","18","0","","",""
"Cumulative Volume Delta","https://www.tradingview.com/script/WZA1QyN1-Cumulative-Volume-Delta/","pluckyMagpie58488","https://www.tradingview.com/u/pluckyMagpie58488/","2026-04-24T09:24:20.000Z","76","1","","",""
"Weekly Open Reaction Map [AGPro Series]","https://www.tradingview.com/script/rmHuWlAn-Weekly-Open-Reaction-Map-AGPro-Series/","AGProLabs","https://www.tradingview.com/u/AGProLabs/","2026-04-25T10:27:42.000Z","20","0","","",""
"Hull MA Trend Zones [AGPro Series]","https://www.tradingview.com/script/J6TYZdIP-Hull-MA-Trend-Zones-AGPro-Series/","AGProLabs","https://www.tradingview.com/u/AGProLabs/","2026-04-24T22:55:31.000Z","40","0","","",""
"GUADEER orignel SMC 2.0","https://www.tradingview.com/script/ESGoafRm-GUADEER-orignel-SMC-2-0/","AQUATRADERS","https://www.tradingview.com/u/AQUATRADERS/","2026-04-24T16:55:31.000Z","33","1","","",""
"arvindvasudevan","https://www.tradingview.com/script/KALVfNQj-arvindvasudevan/","tradewithanand11","https://www.tradingview.com/u/tradewithanand11/","2026-04-25T10:57:13.000Z","24","0","","",""
"Quasimodo Reversal Zones [AGPro Series]","https://www.tradingview.com/script/zqlDPLfS-Quasimodo-Reversal-Zones-AGPro-Series/","AGProLabs","https://www.tradingview.com/u/AGProLabs/","2026-04-25T09:09:23.000Z","15","0","","",""
"Session Range Architecture [JOAT]","https://www.tradingview.com/script/qeSoTcGR-Session-Range-Architecture-JOAT/","officialjackofalltrades","https://www.tradingview.com/u/officialjackofalltrades/","2026-04-25T18:13:56.000Z","21","0","","",""
"Cup and Handle Quality [AGPro Series]","https://www.tradingview.com/script/Kg8nENSG-Cup-and-Handle-Quality-AGPro-Series/","AGProLabs","https://www.tradingview.com/u/AGProLabs/","2026-04-25T07:25:55.000Z","17","0","","",""
"Impulse Structure Zones [JOAT]","https://www.tradingview.com/script/OesGgbnY-Impulse-Structure-Zones-JOAT/","officialjackofalltrades","https://www.tradingview.com/u/officialjackofalltrades/","2026-04-25T01:05:05.000Z","13","0","","",""
"J.TRADER - Premium Trend Sniper V.05","https://www.tradingview.com/script/DJuv8t7K/","Trader_j_official","https://www.tradingview.com/u/Trader_j_official/","2026-04-24T12:06:23.000Z","39","0","","",""
"JEETU PRO PCR & OI SMART MASTER + CVD","https://www.tradingview.com/script/wlAhtG6n-JEETU-PRO-PCR-OI-SMART-MASTER-CVD/","jeetunse","https://www.tradingview.com/u/jeetunse/","2026-04-25T07:42:34.000Z","15","0","","",""
"Non-Repainting Trendline Breakout","https://www.tradingview.com/script/f8yYw8Uq/","aa7440282","https://www.tradingview.com/u/aa7440282/","2026-04-25T13:18:51.000Z","18","0","","",""
"OTE Fast Pass Strategy (15 Micro) - PERFECTED","https://www.tradingview.com/script/LiHS9rGa-OTE-Fast-Pass-Strategy-15-Micro-PERFECTED/","arreolajuliojr969","https://www.tradingview.com/u/arreolajuliojr969/","2026-04-25T03:07:41.000Z","16","0","","",""
"Ict Ny Mmxm","https://www.tradingview.com/script/DLKT1kXZ-Ict-Ny-Mmxm/","SunovaBeach","https://www.tradingview.com/u/SunovaBeach/","2026-04-25T16:12:03.000Z","17","0","","",""
"Heikin Ashi Trend Zones [AGPro Series]","https://www.tradingview.com/script/iXNTJGyR-Heikin-Ashi-Trend-Zones-AGPro-Series/","AGProLabs","https://www.tradingview.com/u/AGProLabs/","2026-04-24T22:41:05.000Z","25","0","","",""
"MASU+ v12 Conformal Edge","https://www.tradingview.com/script/brAt4GUH-MASU-v12-Conformal-Edge/","Mark_Novak","https://www.tradingview.com/u/Mark_Novak/","2026-04-25T12:33:34.000Z","11","0","","",""
"Volume Absorption Zones [AGPro Series]","https://www.tradingview.com/script/10Fk4mJY-Volume-Absorption-Zones-AGPro-Series/","AGProLabs","https://www.tradingview.com/u/AGProLabs/","2026-04-24T15:02:58.000Z","37","0","","",""
"ATR Super Bands Long/Short","https://www.tradingview.com/script/6Bv48FFN-ATR-Super-Bands-Long-Short/","Crypto_Imperija","https://www.tradingview.com/u/Crypto_Imperija/","2026-04-25T16:46:13.000Z","14","0","","",""
"Darvas Box Breakout Quality [AGPro Series]","https://www.tradingview.com/script/SBsg0Ad5-Darvas-Box-Breakout-Quality-AGPro-Series/","AGProLabs","https://www.tradingview.com/u/AGProLabs/","2026-04-25T04:30:09.000Z","13","0","","",""
"1-2-3 Reversal Map [AGPro Series]","https://www.tradingview.com/script/W9OHw6fk-1-2-3-Reversal-Map-AGPro-Series/","AGProLabs","https://www.tradingview.com/u/AGProLabs/","2026-04-25T09:39:18.000Z","11","0","","",""
"MR DU Elliott Wave FOR IX0001","https://www.tradingview.com/script/cSmpPNRT-MR-DU-Elliott-Wave-FOR-IX0001/","curtischangTW","https://www.tradingview.com/u/curtischangTW/","2026-04-24T22:31:03.000Z","13","0","","",""
"Institutional IOF Zones","https://www.tradingview.com/script/Vjwpg6h8-Institutional-IOF-Zones/","ZenOutMan","https://www.tradingview.com/u/ZenOutMan/","2026-04-24T16:16:57.000Z","29","0","","",""
"3-TP RSI-ATR Strategy [4h]","https://www.tradingview.com/script/C2UvIzsg-3-TP-RSI-ATR-Strategy-4h/","wielkieef","https://www.tradingview.com/u/wielkieef/","2026-04-24T20:20:01.000Z","21","0","","",""
"Modelo Entrada Institucional 40/30/30","https://www.tradingview.com/script/LUY9ThWM/","Jerrik","https://www.tradingview.com/u/Jerrik/","2026-04-25T16:39:58.000Z","11","0","","",""
"Adaptive RSI ZScore","https://www.tradingview.com/script/63LvNlP6-Adaptive-RSI-ZScore/","Unknownhodler","https://www.tradingview.com/u/Unknownhodler/","2026-04-25T07:57:00.000Z","10","0","","",""
"Gold Minicharts [MatsukazeAlgo]","https://www.tradingview.com/script/JX9eg0xp-Gold-Minicharts-MatsukazeAlgo/","MatsukazeAlgo","https://www.tradingview.com/u/MatsukazeAlgo/","2026-04-24T07:24:47.000Z","54","0","","",""
"QuantumPips ReactionTrack","https://www.tradingview.com/script/98WCOctk-QuantumPips-ReactionTrack/","QuantumPipsio","https://www.tradingview.com/u/QuantumPipsio/","2026-04-24T16:23:50.000Z","24","0","","",""
"PRE's: UTB + LR Candles","https://www.tradingview.com/script/b5y2hfth-PRE-s-UTB-LR-Candles/","preclicks","https://www.tradingview.com/u/preclicks/","2026-04-24T21:04:02.000Z","12","0","","",""
"Volatility Prism [JOAT]","https://www.tradingview.com/script/7xp4xp9j-Volatility-Prism-JOAT/","officialjackofalltrades","https://www.tradingview.com/u/officialjackofalltrades/","2026-04-24T20:55:37.000Z","20","0","","",""
"NY Weekly Candle Right","https://www.tradingview.com/script/GsEUCwed-NY-Weekly-Candle-Right/","safianfzl","https://www.tradingview.com/u/safianfzl/","2026-04-24T23:22:03.000Z","10","0","","",""
"Deviation Lens [JOAT]","https://www.tradingview.com/script/QK8f1R5o-Deviation-Lens-JOAT/","officialjackofalltrades","https://www.tradingview.com/u/officialjackofalltrades/","2026-04-24T02:15:01.000Z","227","0","","",""
"VWRSI Crossovers & Extremes [The AI Trading Desk]","https://www.tradingview.com/script/DLxyp3Vv-VWRSI-Crossovers-Extremes-The-AI-Trading-Desk/","TheAITradingDesk","https://www.tradingview.com/u/TheAITradingDesk/","2026-04-25T20:15:54.000Z","11","0","","",""
"Volume Displacement Engine [JOAT]","https://www.tradingview.com/script/1axezDdC-Volume-Displacement-Engine-JOAT/","officialjackofalltrades","https://www.tradingview.com/u/officialjackofalltrades/","2026-04-25T21:35:33.000Z","12","0","","",""
"Lunchy Model","https://www.tradingview.com/script/IaNiZtVw-Lunchy-Model/","klazalier","https://www.tradingview.com/u/klazalier/","2026-04-25T16:43:06.000Z","12","0","","",""
"ICT Balanced Price Range (BPR)","https://www.tradingview.com/script/eGvnxDh1-ICT-Balanced-Price-Range-BPR/","Stealthlink","https://www.tradingview.com/u/Stealthlink/","2026-04-25T15:55:00.000Z","10","0","","",""
"Momentum Ignition Radar [forexobroker]","https://www.tradingview.com/script/jrsBf1Ea-Momentum-Ignition-Radar-forexobroker/","forexobroker","https://www.tradingview.com/u/forexobroker/","2026-04-25T08:05:35.000Z","9","0","","",""
"Chandelier Exit Flip Zones [AGPro Series]","https://www.tradingview.com/script/Q40nkmjM-Chandelier-Exit-Flip-Zones-AGPro-Series/","AGProLabs","https://www.tradingview.com/u/AGProLabs/","2026-04-24T23:09:32.000Z","13","0","","",""
"NQ pivot pulse","https://www.tradingview.com/script/xX8p81dZ-NQ-pivot-pulse/","TylerFrancis06","https://www.tradingview.com/u/TylerFrancis06/","2026-04-24T04:07:14.000Z","28","2","","",""
"Velocity Candle Radar","https://www.tradingview.com/script/bw5TLYcY-Velocity-Candle-Radar/","Crypto_Imperija","https://www.tradingview.com/u/Crypto_Imperija/","2026-04-25T14:53:48.000Z","10","0","","",""
"Auto Swings + 4H / 1H / 5m Trend (FULL)","https://www.tradingview.com/script/5n7Hb1WX-auto-swings-4h-1h-5m-trend-full/","TradePro1000","https://www.tradingview.com/u/TradePro1000/","2026-04-24T20:20:06.000Z","11","0","","",""
"session high/low teszt","https://www.tradingview.com/script/vdEebaiV-session-high-low-teszt/","stermarcell","https://www.tradingview.com/u/stermarcell/","2026-04-24T18:46:50.000Z","12","2","","",""
"NQ Confluence Pro","https://www.tradingview.com/script/n78qCI6q-NQ-Confluence-Pro/","harmannssingh","https://www.tradingview.com/u/harmannssingh/","2026-04-25T07:12:22.000Z","6","0","","",""
"GM-Structure Ultra [POC & Major SR] Herman Sangivera","https://www.tradingview.com/script/MlPbQNl5/","hermanwomsiwor","https://www.tradingview.com/u/hermanwomsiwor/","2026-04-25T03:15:46.000Z","9","0","","",""
"Gold Futures Statistical Mapper (GC1! - Stat Mapper)","https://www.tradingview.com/script/wPrIN09d-Gold-Futures-Statistical-Mapper-GC1-Stat-Mapper/","FreedomByFutures","https://www.tradingview.com/u/FreedomByFutures/","2026-04-25T09:11:38.000Z","7","0","","",""
"gold predaction","https://www.tradingview.com/script/03WZlK2s-gold-predaction/","Ask_Peter","https://www.tradingview.com/u/Ask_Peter/","2026-04-25T04:20:59.000Z","6","0","","",""
"Effort vs Result Reaction Map [AGPro Series]","https://www.tradingview.com/script/HeDQBrkV-Effort-vs-Result-Reaction-Map-AGPro-Series/","AGProLabs","https://www.tradingview.com/u/AGProLabs/","2026-04-24T16:02:02.000Z","20","0","","",""
"OB Finder ICT  BOS/CHoCH","https://www.tradingview.com/script/q271mT0a-OB-Finder-ICT-BOS-CHoCH/","Stealthlink","https://www.tradingview.com/u/Stealthlink/","2026-04-25T18:16:27.000Z","17","1","","",""
"Aquila Reale Assets v6.7 PRO giua64","https://www.tradingview.com/script/k4GmC5Iu/","giua64","https://www.tradingview.com/u/giua64/","2026-04-25T07:03:16.000Z","5","0","","",""
"Adaptive Trend Checklist (EMA + Supertrend + ADX)svm","https://www.tradingview.com/script/02CMQ5HC/","salvadorvelasco2009","https://www.tradingview.com/u/salvadorvelasco2009/","2026-04-25T05:12:18.000Z","6","0","","",""
"MU indicator ict","https://www.tradingview.com/script/5EoUhtuL-MU-indicator-ict/","miles113","https://www.tradingview.com/u/miles113/","2026-04-24T20:41:29.000Z","8","0","","",""
"Timeframe Heikin Ashi RSI Oscillator","https://www.tradingview.com/script/N05NQ9CN-Timeframe-Heikin-Ashi-RSI-Oscillator/","gggoaaat","https://www.tradingview.com/u/gggoaaat/","2026-04-24T19:59:09.000Z","11","0","","",""
"Liquidity Matrix Indicator","https://www.tradingview.com/script/FrkT4WTr-Liquidity-Matrix-Indicator/","srini_mallareddy","https://www.tradingview.com/u/srini_mallareddy/","2026-04-24T14:17:54.000Z","19","0","","",""
"Sector Power & Market Regime","https://www.tradingview.com/script/ZF1Onesq-Sector-Power-Market-Regime/","federalTacos5392b","https://www.tradingview.com/u/federalTacos5392b/","2026-04-25T11:15:06.000Z","5","0","","",""
"Smart Reversal Compass [forexobroker]","https://www.tradingview.com/script/OleQDj4S-Smart-Reversal-Compass-forexobroker/","forexobroker","https://www.tradingview.com/u/forexobroker/","2026-04-25T08:08:54.000Z","5","0","","",""
"ORB Prism","https://www.tradingview.com/script/Jaq8nQeX-ORB-Prism/","jorgehernandez1176","https://www.tradingview.com/u/jorgehernandez1176/","2026-04-25T21:43:23.000Z","10","0","","",""
"Yearly CPR By BitcoinBaily","https://www.tradingview.com/script/YF8DYJ0e-Yearly-CPR-By-BitcoinBaily/","bitcoinbaily","https://www.tradingview.com/u/bitcoinbaily/","2026-04-25T06:04:51.000Z","5","0","","",""
"VWAP Bounce PRO - Stable","https://www.tradingview.com/script/DvcNmaf7-VWAP-Bounce-PRO-Stable/","jw129","https://www.tradingview.com/u/jw129/","2026-04-25T02:19:37.000Z","5","0","","",""
"Liquidity Sweep + FVG + VWAP Strategy","https://www.tradingview.com/script/9XtfE9kA-Liquidity-Sweep-FVG-VWAP-Strategy/","tradewithanand11","https://www.tradingview.com/u/tradewithanand11/","2026-04-25T11:02:13.000Z","5","0","","",""
"Aquila Reale RSI v3.7 PRO | giua64","https://www.tradingview.com/script/YIF2OfJ6/","giua64","https://www.tradingview.com/u/giua64/","2026-04-25T07:44:05.000Z","6","0","","",""
"Bloomberg Fundamental Terminal - Precision Edition","https://www.tradingview.com/script/7ZHMfWZG-Bloomberg-Fundamental-Terminal-Precision-Edition/","bilal1947","https://www.tradingview.com/u/bilal1947/","2026-04-25T14:02:39.000Z","4","0","","",""
"Sand (200MA)","https://www.tradingview.com/script/xfGOWwWr/","BeatrixYang","https://www.tradingview.com/u/BeatrixYang/","2026-04-25T13:02:35.000Z","6","0","","",""
"Measured Move Projection Zones [AGPro Series]","https://www.tradingview.com/script/uRcaGuen-Measured-Move-Projection-Zones-AGPro-Series/","AGProLabs","https://www.tradingview.com/u/AGProLabs/","2026-04-25T10:11:42.000Z","6","0","","",""
"M1 Croissants","https://www.tradingview.com/script/ehNalL73-M1-Croissants/","charlie_become_sensei","https://www.tradingview.com/u/charlie_become_sensei/","2026-04-25T05:11:51.000Z","7","0","","",""
"MTF Structure Intelligence Dashboard [NICK789]","https://www.tradingview.com/script/47qBfaya-MTF-Structure-Intelligence-Dashboard-NICK789/","NICK789","https://www.tradingview.com/u/NICK789/","2026-04-24T11:42:46.000Z","20","0","","",""
"Supertrend+atr","https://www.tradingview.com/script/bK7ooPvS/","Darkphi","https://www.tradingview.com/u/Darkphi/","2026-04-24T14:27:27.000Z","15","0","","",""
"Session Pulse [JOAT]","https://www.tradingview.com/script/ccYTHr7K-Session-Pulse-JOAT/","officialjackofalltrades","https://www.tradingview.com/u/officialjackofalltrades/","2026-04-25T00:08:47.000Z","6","0","","",""
"VWAP Pullback Trading System","https://www.tradingview.com/script/um5WMElt-VWAP-Pullback-Trading-System/","ramya0822","https://www.tradingview.com/u/ramya0822/","2026-04-24T10:05:42.000Z","22","0","","",""
"Low Volume Pullback Zones [AGPro Series]","https://www.tradingview.com/script/rWPId9WQ-Low-Volume-Pullback-Zones-AGPro-Series/","AGProLabs","https://www.tradingview.com/u/AGProLabs/","2026-04-24T15:54:47.000Z","12","0","","",""
"---","https://www.tradingview.com/script/KzuAavsJ/","AIssa_","https://www.tradingview.com/u/AIssa_/","2026-04-24T15:45:56.000Z","17","0","","",""
"Opening Range Failure Zones [AGPro Series]","https://www.tradingview.com/script/y9779NQ9-Opening-Range-Failure-Zones-AGPro-Series/","AGProLabs","https://www.tradingview.com/u/AGProLabs/","2026-04-24T22:10:17.000Z","9","0","","",""
"Bollinger Walk Quality [AGPro Series]","https://www.tradingview.com/script/qHMogVDP-Bollinger-Walk-Quality-AGPro-Series/","AGProLabs","https://www.tradingview.com/u/AGProLabs/","2026-04-24T21:52:31.000Z","10","0","","",""
"BT Vela RX","https://www.tradingview.com/script/7n8DISuJ/","BillionsTrade","https://www.tradingview.com/u/BillionsTrade/","2026-04-24T19:56:46.000Z","7","1","","",""
"Hidden Divergence Continuation Zones [AGPro Series]","https://www.tradingview.com/script/KlbXe0Q9-Hidden-Divergence-Continuation-Zones-AGPro-Series/","AGProLabs","https://www.tradingview.com/u/AGProLabs/","2026-04-24T16:13:54.000Z","10","0","","",""
"MACD + 200 EMA + Support/Resistance Strategy","https://www.tradingview.com/script/FzfWWd0i-MACD-200-EMA-Support-Resistance-Strategy/","Phantom_Trader_Global","https://www.tradingview.com/u/Phantom_Trader_Global/","2026-04-25T01:17:42.000Z","3","0","","",""
"ATR20 SMA x3.5 Trailing Line","https://www.tradingview.com/script/41aUv3gh/","hibinomasakazu1991","https://www.tradingview.com/u/hibinomasakazu1991/","2026-04-25T14:01:02.000Z","4","0","","",""
"HTF Uncollected Liquidity","https://www.tradingview.com/script/kpL2Usq7/","nirree11","https://www.tradingview.com/u/nirree11/","2026-04-25T13:23:22.000Z","4","0","","",""
"test","https://www.tradingview.com/script/hj5bM92S-test/","segols","https://www.tradingview.com/u/segols/","2026-04-25T11:39:56.000Z","4","0","","",""
"Quantum VWAP","https://www.tradingview.com/script/uxNkvIMO-Quantum-VWAP/","ksdkingtreid","https://www.tradingview.com/u/ksdkingtreid/","2026-04-25T19:15:04.000Z","7","0","","",""
"Tiefster ZigZag Punkt + VWAP 1 + VWAP 2 Touch + Screener","https://www.tradingview.com/script/l2IxsK29/","Ashpi_","https://www.tradingview.com/u/Ashpi_/","2026-04-25T16:47:34.000Z","5","0","","",""
"gold longer bulish","https://www.tradingview.com/script/mUuZLOfR-gold-longer-bulish/","Ask_Peter","https://www.tradingview.com/u/Ask_Peter/","2026-04-25T16:38:31.000Z","3","0","","",""
"AS 25.04.2026 - 1 minute Elephant bar + SMA Trend + FVG","https://www.tradingview.com/script/dluSmFat/","andrzejcezaryszulkowski","https://www.tradingview.com/u/andrzejcezaryszulkowski/","2026-04-25T16:23:30.000Z","5","0","","",""
"Smart S/R Price Action with Volume, Breakout Retest & Auto SL/TP","https://www.tradingview.com/script/FArv6PIm-Smart-S-R-Price-Action-with-Volume-Breakout-Retest-Auto-SL-TP/","dipin_rai7260","https://www.tradingview.com/u/dipin_rai7260/","2026-04-25T14:42:50.000Z","5","0","","",""
"Power Trend [Webster]","https://www.tradingview.com/script/EY6WIRW7-Power-Trend-Webster/","Calda09","https://www.tradingview.com/u/Calda09/","2026-04-25T15:47:12.000Z","4","0","","",""
"CTZ Asia Session + MTF Levels","https://www.tradingview.com/script/Qihi2Fcr-CTZ-Asia-Session-MTF-Levels/","CryptoTradingZone","https://www.tradingview.com/u/CryptoTradingZone/","2026-04-25T09:04:01.000Z","4","0","","",""
"Mentor ELITE 3 ZLEMA Signal","https://www.tradingview.com/script/Cx6gzDjH-Mentor-ELITE-3-ZLEMA-Signal/","bdlove1815","https://www.tradingview.com/u/bdlove1815/","2026-04-25T06:03:05.000Z","5","0","","",""
"ORB [SPX500] (Prism Style)","https://www.tradingview.com/script/vujZW8Pn-ORB-SPX500-Prism-Style/","jorgehernandez1176","https://www.tradingview.com/u/jorgehernandez1176/","2026-04-25T22:15:27.000Z","6","0","","",""
"Smart MCDX BTCUSD SNIPER PRO (DYNAMIC HTF FIXED)","https://www.tradingview.com/script/bVeV9Iww/","Sachse-1980","https://www.tradingview.com/u/Sachse-1980/","2026-04-25T14:29:05.000Z","4","0","","",""
"CPR 3M/6M/12M Bull/Bear Stacking + 9/15 EMA","https://www.tradingview.com/script/yBlraNo3-CPR-3M-6M-12M-Bull-Bear-Stacking-9-15-EMA/","bitcoinbaily","https://www.tradingview.com/u/bitcoinbaily/","2026-04-25T11:49:52.000Z","7","0","","",""
"EMA Crossover Signal","https://www.tradingview.com/script/wJlgUvmS-EMA-Crossover-Signal/","aydenjustiniano6","https://www.tradingview.com/u/aydenjustiniano6/","2026-04-25T00:55:05.000Z","5","0","","",""
"Growth Breakout Indicator v3 - EMA + RVOL + Stoch RSI","https://www.tradingview.com/script/XjJqBVdm-Growth-Breakout-Indicator-v3-EMA-RVOL-Stoch-RSI/","anders_k","https://www.tradingview.com/u/anders_k/","2026-04-24T18:34:33.000Z","11","0","","",""
"NQ IFVG Suite keya","https://www.tradingview.com/script/cZW7jvl4-NQ-IFVG-Suite-keya/","arnavnagpal","https://www.tradingview.com/u/arnavnagpal/","2026-04-24T14:29:42.000Z","13","0","","",""
"Kiyotaka RSI Clone","https://www.tradingview.com/script/EVUXmxVE/","shaoruce","https://www.tradingview.com/u/shaoruce/","2026-04-24T06:52:20.000Z","20","0","","",""
"BREAK OF STRUCTURE strategy","https://www.tradingview.com/script/0EZp3sZy-BREAK-OF-STRUCTURE-strategy/","skyvisionfx1","https://www.tradingview.com/u/skyvisionfx1/","2026-04-24T06:19:06.000Z","27","0","","",""
"TMA - True NY Midnight","https://www.tradingview.com/script/kG84Ozbp-TMA-True-NY-Midnight/","trendmastera","https://www.tradingview.com/u/trendmastera/","2026-04-25T08:29:52.000Z","3","2","","",""
"Breakout Volume Quality [AGPro Series]","https://www.tradingview.com/script/ur0U6b1Z-Breakout-Volume-Quality-AGPro-Series/","AGProLabs","https://www.tradingview.com/u/AGProLabs/","2026-04-24T15:41:10.000Z","13","0","","",""
"Donald J Trump SM","https://www.tradingview.com/script/zA5cVPhy-Donald-J-Trump-SM/","ajaniofficial24","https://www.tradingview.com/u/ajaniofficial24/","2026-04-24T19:24:12.000Z","5","1","","",""
"PSP AI Auto Gap Finder (Bullish + Bearish)","https://www.tradingview.com/script/yyOI6voJ-PSP-AI-Auto-Gap-Finder-Bullish-Bearish/","pushpandrasingh","https://www.tradingview.com/u/pushpandrasingh/","2026-04-24T10:18:08.000Z","17","0","","",""
"Williams %R - %R | TR","https://www.tradingview.com/script/x5E5Il5P-Williams-R-R-TR/","Tiagorocha1989","https://www.tradingview.com/u/Tiagorocha1989/","2026-04-24T18:47:06.000Z","6","0","","",""
"Tawfiq_Hamidah - SAR","https://www.tradingview.com/script/6ujSOnDk/","TAWFIQ1985","https://www.tradingview.com/u/TAWFIQ1985/","2026-04-25T22:37:54.000Z","2","0","","",""
"Complete Volume Toolkit [NotLazyBear]","https://www.tradingview.com/script/OxkureI2-Complete-Volume-Toolkit-NotLazyBear/","NotLazyBear","https://www.tradingview.com/u/NotLazyBear/","2026-04-25T19:07:32.000Z","3","0","","",""
"MTF Mirror Candles + SMT","https://www.tradingview.com/script/eLazFwQu/","Marco_Mattos","https://www.tradingview.com/u/Marco_Mattos/","2026-04-25T23:15:04.000Z","4","0","","",""
"AS 25 kwietnia 2026 - Elephant + SMA Trend + FVG","https://www.tradingview.com/script/RLfHRyhD/","andrzejcezaryszulkowski","https://www.tradingview.com/u/andrzejcezaryszulkowski/","2026-04-25T15:39:05.000Z","4","0","","",""
"4 EMAs in One (Multi-Timeframe)","https://www.tradingview.com/script/sluCuqwr-4-EMAs-in-One-Multi-Timeframe/","manideepreddy11206","https://www.tradingview.com/u/manideepreddy11206/","2026-04-25T07:13:54.000Z","2","0","","",""
"Structural Effort Targeting (MTF)","https://www.tradingview.com/script/tcXSn2Ak-Structural-Effort-Targeting-MTF/","danilita247","https://www.tradingview.com/u/danilita247/","2026-04-25T05:26:27.000Z","3","0","","",""
"Weekly Breakout Sniper System (NSE Futures)","https://www.tradingview.com/script/LDEk84XM-Weekly-Breakout-Sniper-System-NSE-Futures/","mdislahuddin786","https://www.tradingview.com/u/mdislahuddin786/","2026-04-25T18:29:18.000Z","2","0","","",""
"NQ breakout","https://www.tradingview.com/script/ouu6QGk0/","baddasss","https://www.tradingview.com/u/baddasss/","2026-04-25T15:54:53.000Z","2","0","","",""
"CDT Clock + Trade Timer","https://www.tradingview.com/script/tDa7NdgG-CDT-Clock-Trade-Timer/","codybarrettmercer","https://www.tradingview.com/u/codybarrettmercer/","2026-04-25T14:22:53.000Z","3","0","","",""
"Gold -Mentor PRO Sniper Final XAUUSD 1M + Trend Strength","https://www.tradingview.com/script/M1v1SdWj-Gold-Mentor-PRO-Sniper-Final-XAUUSD-1M-Trend-Strength/","bdlove1815","https://www.tradingview.com/u/bdlove1815/","2026-04-25T13:24:50.000Z","4","0","","",""
"SwissTradeAcademy Money Printer","https://www.tradingview.com/script/i682AdwV-SwissTradeAcademy-Money-Printer/","theodgeor","https://www.tradingview.com/u/theodgeor/","2026-04-25T13:00:15.000Z","5","0","","",""
"AS Elephant + SMA Trend + FVG","https://www.tradingview.com/script/sscKaq6K/","andrzejcezaryszulkowski","https://www.tradingview.com/u/andrzejcezaryszulkowski/","2026-04-25T12:33:35.000Z","4","0","","",""
"Triangle Breakout Quality [AGPro Series]","https://www.tradingview.com/script/EJEFXxVF-Triangle-Breakout-Quality-AGPro-Series/","AGProLabs","https://www.tradingview.com/u/AGProLabs/","2026-04-24T16:49:03.000Z","10","0","","",""
"Pivot Levels - D / W / M","https://www.tradingview.com/script/6V5gccvp-Pivot-Levels-D-W-M/","rix_serk","https://www.tradingview.com/u/rix_serk/","2026-04-25T15:24:43.000Z","3","0","","",""
"Trade Calculator V2","https://www.tradingview.com/script/61e3Axdf-Trade-Calculator-V2/","grazzeee","https://www.tradingview.com/u/grazzeee/","2026-04-24T16:41:28.000Z","6","0","","",""
"Advanced Trading Dashboard v6 By Insta: IB_K31","https://www.tradingview.com/script/Fa42cKJm-Advanced-Trading-Dashboard-v6-By-Insta-IB-K31/","Ibrahem_elkhalidy","https://www.tradingview.com/u/Ibrahem_elkhalidy/","2026-04-24T16:20:05.000Z","7","0","","",""
"RSI Failure Swing Detector [AGPro Series]","https://www.tradingview.com/script/vNiMk98H-RSI-Failure-Swing-Detector-AGPro-Series/","AGProLabs","https://www.tradingview.com/u/AGProLabs/","2026-04-24T16:21:27.000Z","7","0","","",""
"Weekly Candle Right","https://www.tradingview.com/script/NULCUiFs-Weekly-Candle-Right/","safianfzl","https://www.tradingview.com/u/safianfzl/","2026-04-24T23:15:06.000Z","2","0","","",""
"Ladder Planner v6 (Live, Compact RR)","https://www.tradingview.com/script/fqP2ffL1-Ladder-Planner-v6-Live-Compact-RR/","andreytradinguk","https://www.tradingview.com/u/andreytradinguk/","2026-04-24T21:32:51.000Z","5","0","","",""
"Murrey Math Lines","https://www.tradingview.com/script/6bQiw8JT-Murrey-Math-Lines/","nazmoonnoor","https://www.tradingview.com/u/nazmoonnoor/","2026-04-24T14:36:06.000Z","5","0","","",""
"Renko Sniper PRO (Liquidity Sweep + EMA + ST + RSI)","https://www.tradingview.com/script/PrSTo7aD-Renko-Sniper-PRO-Liquidity-Sweep-EMA-ST-RSI/","zachsprad","https://www.tradingview.com/u/zachsprad/","2026-04-24T04:27:00.000Z","26","0","","",""
"Volume Profile Change Detector","https://www.tradingview.com/script/ngRe0btN-Volume-Profile-Change-Detector/","fis_wse","https://www.tradingview.com/u/fis_wse/","2026-04-24T17:29:14.000Z","8","0","","",""
"Sequential Exhaustion Tracker [AGPro Series]","https://www.tradingview.com/script/Fu54bJj6-Sequential-Exhaustion-Tracker-AGPro-Series/","AGProLabs","https://www.tradingview.com/u/AGProLabs/","2026-04-24T16:36:57.000Z","11","0","","",""
"Nova Flow Lite (Free)","https://www.tradingview.com/script/jIkhKGOV-Nova-Flow-Lite-Free/","NovaQuantX","https://www.tradingview.com/u/NovaQuantX/","2026-04-24T11:29:04.000Z","7","0","","",""
"RSI+EMA+WMA","https://www.tradingview.com/script/Rvx0Ak6x/","diemhantrau","https://www.tradingview.com/u/diemhantrau/","2026-04-24T11:21:22.000Z","6","0","","",""
"XAUUSD: Asia Box & S&R Master","https://www.tradingview.com/script/gLIrWggD/","adcarcamo","https://www.tradingview.com/u/adcarcamo/","2026-04-24T16:29:27.000Z","6","0","","",""
"NGSAIndicatorXXX","https://www.tradingview.com/script/O1rEpx1G-NGSAIndicatorXXX/","nileshgunjan","https://www.tradingview.com/u/nileshgunjan/","2026-04-25T12:36:23.000Z","3","0","","",""
"ETH VWAP ATR Scalper Lines","https://www.tradingview.com/script/MAF2qYyh-ETH-VWAP-ATR-Scalper-Lines/","laxman_babu_515","https://www.tradingview.com/u/laxman_babu_515/","2026-04-24T04:13:04.000Z","18","0","","",""
"LiquidityMap","https://www.tradingview.com/script/LFDkYZ0P-LiquidityMap/","ralis24","https://www.tradingview.com/u/ralis24/","2026-04-25T21:21:29.000Z","2","1","","",""
"GuardRail MA Signal","https://www.tradingview.com/script/t5SmwbMq-GuardRail-MA-Signal/","danielccox","https://www.tradingview.com/u/danielccox/","2026-04-25T12:17:14.000Z","3","0","","",""
"ICT PO3 Adaptive KhurdanFX","https://www.tradingview.com/script/nCBTBIdi/","autofaciltaller","https://www.tradingview.com/u/autofaciltaller/","2026-04-25T09:59:05.000Z","3","0","","",""
"Liquidity Magnet Compass [forexobroker]","https://www.tradingview.com/script/7wUzaia6-Liquidity-Magnet-Compass-forexobroker/","forexobroker","https://www.tradingview.com/u/forexobroker/","2026-04-24T05:16:53.000Z","31","0","","",""
"EMA Multi Tabs","https://www.tradingview.com/script/llXkpP1K-EMA-Multi-Tabs/","nimishzaveri","https://www.tradingview.com/u/nimishzaveri/","2026-04-25T00:27:01.000Z","1","0","","",""
"A-Setup v8 CST + MOC","https://www.tradingview.com/script/WhcBIduW-A-Setup-v8-CST-MOC/","saivivek0192","https://www.tradingview.com/u/saivivek0192/","2026-04-25T22:03:52.000Z","1","0","","",""
"GOLD EDGE FUND v3 (MTF + SMC + Risk Engine)","https://www.tradingview.com/script/3xb1MBvG-GOLD-EDGE-FUND-v3-MTF-SMC-Risk-Engine/","RiffmaxWealth","https://www.tradingview.com/u/RiffmaxWealth/","2026-04-25T18:59:03.000Z","1","0","","",""
"Trend Pullback RSI+ATR | Daily Stocks","https://www.tradingview.com/script/AORNVoek-Trend-Pullback-RSI-ATR-Daily-Stocks/","Antonellago","https://www.tradingview.com/u/Antonellago/","2026-04-25T14:47:10.000Z","1","0","","",""
"Nifty Opening Range Breakout Advanced by hitesh","https://www.tradingview.com/script/sTpshfs3-Nifty-Opening-Range-Breakout-Advanced-by-hitesh/","hiteshmochi5991","https://www.tradingview.com/u/hiteshmochi5991/","2026-04-25T14:32:46.000Z","4","0","","",""
"CLEAN BOS CHOCH + RISK","https://www.tradingview.com/script/E920mQJR-CLEAN-BOS-CHOCH-RISK/","tobiasgustafsson97","https://www.tradingview.com/u/tobiasgustafsson97/","2026-04-25T11:50:58.000Z","1","0","","",""
"Swing Catalyst Hunter [forexobroker]","https://www.tradingview.com/script/AnW7vyC3-Swing-Catalyst-Hunter-forexobroker/","forexobroker","https://www.tradingview.com/u/forexobroker/","2026-04-25T08:10:36.000Z","1","0","","",""
"TGW Risk Calculator INDEX FUTRES","https://www.tradingview.com/script/sGOKxmOm-TGW-Risk-Calculator-INDEX-FUTRES/","tgwentity","https://www.tradingview.com/u/tgwentity/","2026-04-25T05:00:15.000Z","1","0","","",""
"gold anlysis","https://www.tradingview.com/script/AYAZpaZB-gold-anlysis/","fx_trandmatrix","https://www.tradingview.com/u/fx_trandmatrix/","2026-04-25T03:39:58.000Z","1","0","","",""
"The Open","https://www.tradingview.com/script/ZzKN2HLV-The-Open/","henrycurtis90","https://www.tradingview.com/u/henrycurtis90/","2026-04-24T01:43:52.000Z","4","0","","",""
"SMC Long + Short Entries & Exits","https://www.tradingview.com/script/EGlI3Mz3-SMC-Long-Short-Entries-Exits/","artandinktattoogallery","https://www.tradingview.com/u/artandinktattoogallery/","2026-04-24T13:28:13.000Z","9","0","","",""
"Momentum PRO - Panel Completo","https://www.tradingview.com/script/4yY2Y9lX/","jatako","https://www.tradingview.com/u/jatako/","2026-04-24T09:21:41.000Z","7","0","","",""
"MA Spread","https://www.tradingview.com/script/EQUi7fmC-MA-Spread/","svilenko","https://www.tradingview.com/u/svilenko/","2026-04-24T13:24:47.000Z","4","0","","",""
"Simple Relative Strength","https://www.tradingview.com/script/I1XzVm6s-Simple-Relative-Strength/","JustinTimeTunes","https://www.tradingview.com/u/JustinTimeTunes/","2026-04-25T23:25:58.000Z","6","0","","",""
"Coin Market Cap Table - HBT","https://www.tradingview.com/script/nJwYwizz-Coin-Market-Cap-Table-HBT/","hoangflow","https://www.tradingview.com/u/hoangflow/","2026-04-25T22:39:29.000Z","3","0","","",""
"Trend Entry Verifier [AITD]","https://www.tradingview.com/script/DOg6UggG-Trend-Entry-Verifier-AITD/","TheAITradingDesk","https://www.tradingview.com/u/TheAITradingDesk/","2026-04-25T21:21:25.000Z","3","0","","",""
"Parabolic SAR Flip Quality [AGPro Series]","https://www.tradingview.com/script/BjsTR7Du-Parabolic-SAR-Flip-Quality-AGPro-Series/","AGProLabs","https://www.tradingview.com/u/AGProLabs/","2026-04-25T17:44:51.000Z","3","0","","",""
"AS 25 kwietnia 2026 - Elephant + SMA Trend + FVG","https://www.tradingview.com/script/q4FYdMYH/","andrzejcezaryszulkowski","https://www.tradingview.com/u/andrzejcezaryszulkowski/","2026-04-25T14:27:20.000Z","4","0","","",""
"Gold MTF + Multi-Session ORB","https://www.tradingview.com/script/F0StIJMq-Gold-MTF-Multi-Session-ORB/","m_tbeshe","https://www.tradingview.com/u/m_tbeshe/","2026-04-25T14:14:28.000Z","1","0","","",""
"Sand20MA","https://www.tradingview.com/script/vPCH0s26/","BeatrixYang","https://www.tradingview.com/u/BeatrixYang/","2026-04-25T12:53:55.000Z","2","0","","",""
"Range Upper/Lower % - Time Window (Resettable) - TW","https://www.tradingview.com/script/XUQYhzvY-Range-Upper-Lower-Time-Window-Resettable-TW/","djakus","https://www.tradingview.com/u/djakus/","2026-04-25T07:09:45.000Z","2","0","","",""
"Mentor TRUE 3 ZLEMA Cross Only","https://www.tradingview.com/script/iw236rJe-Mentor-TRUE-3-ZLEMA-Cross-Only/","bdlove1815","https://www.tradingview.com/u/bdlove1815/","2026-04-25T05:36:17.000Z","1","0","","",""
"Daily Expected Range [SD & Volatility]","https://www.tradingview.com/script/3MvD5Jcq/","NOPPON_KAEWARD","https://www.tradingview.com/u/NOPPON_KAEWARD/","2026-04-25T01:31:02.000Z","2","0","","",""
"maXXit Fibu Level Trigger [V6 1.1]","https://www.tradingview.com/script/OARtNt7K-maXXit-Fibu-Level-Trigger-V6-1-1/","maxxit007","https://www.tradingview.com/u/maxxit007/","2026-04-25T19:12:20.000Z","2","0","","",""
"VIX Allocation Regime Pro - Risk ON / OFF","https://www.tradingview.com/script/Zlj9jhOV/","PlaneteFinanceFR","https://www.tradingview.com/u/PlaneteFinanceFR/","2026-04-25T18:42:31.000Z","1","0","","",""
"Session Close +-ATR(14)","https://www.tradingview.com/script/sqZbulxW-Session-Close-ATR-14/","YuriShirov","https://www.tradingview.com/u/YuriShirov/","2026-04-25T17:32:37.000Z","2","0","","",""
"Estrategia Cruce EMA 3 y 22","https://www.tradingview.com/script/HrEyc7NQ/","crisruggeri","https://www.tradingview.com/u/crisruggeri/","2026-04-25T00:07:20.000Z","1","0","","",""
"7timesvolume","https://www.tradingview.com/script/QijoyJv9/","hyunmc77","https://www.tradingview.com/u/hyunmc77/","2026-04-24T23:30:57.000Z","1","0","","",""
"Momentum-INSTITUTIONAL SPIKE + SQUEEZE ENGINE PRO","https://www.tradingview.com/script/Luhkeft7-Momentum-INSTITUTIONAL-SPIKE-SQUEEZE-ENGINE-PRO/","raghavprakash05","https://www.tradingview.com/u/raghavprakash05/","2026-04-24T11:57:52.000Z","9","0","","",""
"Fractal Symmetry Detector [forexobroker]","https://www.tradingview.com/script/c5CRTTeD-Fractal-Symmetry-Detector-forexobroker/","forexobroker","https://www.tradingview.com/u/forexobroker/","2026-04-24T05:14:13.000Z","24","0","","",""
"TIO - SMC + Fibonacci","https://www.tradingview.com/script/SglfpDJH-TIO-SMC-Fibonacci/","bavfib","https://www.tradingview.com/u/bavfib/","2026-04-24T03:03:42.000Z","28","0","","",""
"Support and Resistance Levels with Breaks","https://www.tradingview.com/script/xWXp78Mc-Support-and-Resistance-Levels-with-Breaks/","Ritafavour","https://www.tradingview.com/u/Ritafavour/","2026-04-24T18:53:18.000Z","3","0","","",""
"Hikks Macro Timer","https://www.tradingview.com/script/TaalJW93-Hikks-Macro-Timer/","georgehicks","https://www.tradingview.com/u/georgehicks/","2026-04-25T09:23:39.000Z","1","0","","",""
"Luis channel","https://www.tradingview.com/script/1SJfPyk3/","luis_barlier","https://www.tradingview.com/u/luis_barlier/","2026-04-24T10:30:20.000Z","2","0","","",""
"Flag Continuation Zones [AGPro Series]","https://www.tradingview.com/script/WFuveuQS-Flag-Continuation-Zones-AGPro-Series/","AGProLabs","https://www.tradingview.com/u/AGProLabs/","2026-04-24T19:03:08.000Z","7","0","","",""
"Growth Breakout Strategy v3 - EMA + RVOL + Stoch RSI","https://www.tradingview.com/script/cIaYJiab-Growth-Breakout-Strategy-v3-EMA-RVOL-Stoch-RSI/","anders_k","https://www.tradingview.com/u/anders_k/","2026-04-24T18:31:11.000Z","3","0","","",""
"BTC-Macro 3D Chart Dashboard","https://www.tradingview.com/script/WNyfsGNQ-BTC-Macro-3D-Chart-Dashboard/","carriosol92","https://www.tradingview.com/u/carriosol92/","2026-04-24T16:32:18.000Z","7","0","","",""
"ORB Trading Dashboard","https://www.tradingview.com/script/9n8j2F4m-ORB-Trading-Dashboard/","pavankjadda","https://www.tradingview.com/u/pavankjadda/","2026-04-24T14:34:49.000Z","4","0","","",""
"ALIZET - Premarket + VWAP + 30m ORB Scalper v6","https://www.tradingview.com/script/EN2rDBbn-ALIZET-Premarket-VWAP-30m-ORB-Scalper-v6/","afdzjr69","https://www.tradingview.com/u/afdzjr69/","2026-04-24T14:47:24.000Z","6","0","","",""
"MTF vertical","https://www.tradingview.com/script/rYB9BBdW/","dy_dyo_O","https://www.tradingview.com/u/dy_dyo_O/","2026-04-24T11:00:28.000Z","3","0","","",""
"MA Distance Legend","https://www.tradingview.com/script/WQl03jbQ-MA-Distance-Legend/","SROLES","https://www.tradingview.com/u/SROLES/","2026-04-24T14:14:26.000Z","3","0","","",""
"RalisLine Spread","https://www.tradingview.com/script/WsDmJbEH-RalisLine-Spread/","ralis24","https://www.tradingview.com/u/ralis24/","2026-04-24T13:34:02.000Z","6","0","","",""
"Inside Gem (pxeo) - V8.19 Strategy","https://www.tradingview.com/script/kq3f7SfA/","PIXEO","https://www.tradingview.com/u/PIXEO/","2026-04-24T12:56:48.000Z","3","0","","",""
"SpxSnipper - Filtered Fair Value Gap (ATR Min/Max Filter)","https://www.tradingview.com/script/wH8yoeS2-SpxSnipper-Filtered-Fair-Value-Gap-ATR-Min-Max-Filter/","tmathios","https://www.tradingview.com/u/tmathios/","2026-04-24T12:39:07.000Z","5","0","","",""
"Ahmed  Accumulated FVG Alignment CLEAN","https://www.tradingview.com/script/FwrQk2HE-Ahmed-Accumulated-FVG-Alignment-CLEAN/","sayedahmedahmed2409","https://www.tradingview.com/u/sayedahmedahmed2409/","2026-04-24T12:42:25.000Z","1","0","","",""
"Dax Trade Direction","https://www.tradingview.com/script/dcVhK6Mn-Dax-Trade-Direction/","so_und_so","https://www.tradingview.com/u/so_und_so/","2026-04-24T17:14:43.000Z","1","0","","",""
"Murrey Math Lines","https://www.tradingview.com/script/HVIaVq5u-Murrey-Math-Lines/","nazmoonnoor","https://www.tradingview.com/u/nazmoonnoor/","2026-04-24T11:12:34.000Z","3","0","","",""
"Adaptive Anomaly Beast [MarketFragments]","https://www.tradingview.com/script/HJbmt7we-Adaptive-Anomaly-Beast-MarketFragments/","marketfragments","https://www.tradingview.com/u/marketfragments/","2026-04-24T08:24:56.000Z","4","0","","",""
"Pre-Session Volume Delta [UK/US Open]","https://www.tradingview.com/script/IHRHurYl-Pre-Session-Volume-Delta-UK-US-Open/","Tonsil","https://www.tradingview.com/u/Tonsil/","2026-04-24T08:23:18.000Z","8","0","","",""
"CPR Scanner - NSE Nifty50","https://www.tradingview.com/script/s0MIxKRR-CPR-Scanner-NSE-Nifty50/","skashyap007","https://www.tradingview.com/u/skashyap007/","2026-04-24T04:24:24.000Z","6","0","","",""
"RSI Bands (KenshinC)","https://www.tradingview.com/script/fS0VIN5V-RSI-Bands-KenshinC/","KenshinC","https://www.tradingview.com/u/KenshinC/","2026-04-24T06:49:11.000Z","5","0","","",""
"Simple Buy/Sell Indicator","https://www.tradingview.com/script/RsZi3CJ1-Simple-Buy-Sell-Indicator/","JustinTimeTunes","https://www.tradingview.com/u/JustinTimeTunes/","2026-04-24T02:19:11.000Z","6","0","","",""
"Displacement Forge [JOAT]","https://www.tradingview.com/script/16t6iw9g-Displacement-Forge-JOAT/","officialjackofalltrades","https://www.tradingview.com/u/officialjackofalltrades/","2026-04-24T01:25:21.000Z","30","2","","",""
"ETH VWAP ATR Scalper Lines","https://www.tradingview.com/script/O4cXErK2-ETH-VWAP-ATR-Scalper-Lines/","laxman_babu_515","https://www.tradingview.com/u/laxman_babu_515/","2026-04-24T03:12:53.000Z","5","0","","",""
"Yimmer's Reverse Every Candle Strategy","https://www.tradingview.com/script/ltZwtXCR-Yimmer-s-Reverse-Every-Candle-Strategy/","Yimmer_Yimmer","https://www.tradingview.com/u/Yimmer_Yimmer/","2026-04-24T03:04:24.000Z","6","1","","",""
"AS MTF EMA Indicator FIX","https://www.tradingview.com/script/l4YNNWzu/","andrzejcezaryszulkowski","https://www.tradingview.com/u/andrzejcezaryszulkowski/","2026-04-24T20:03:03.000Z","3","0","","",""
"Distance a la Resistance (%)","https://www.tradingview.com/script/5MRC8K5H/","MARKETYA","https://www.tradingview.com/u/MARKETYA/","2026-04-24T17:34:16.000Z","2","0","","",""
"Hysteresis VWAP Regime Bands [ATC]","https://www.tradingview.com/script/z4dN46L6-Hysteresis-VWAP-Regime-Bands-ATC/","ATConcepts","https://www.tradingview.com/u/ATConcepts/","2026-04-26T03:40:14.000Z","1","0","","",""
"BTC-Macro 3D chart Oscillator","https://www.tradingview.com/script/QcuuaPsh-BTC-Macro-3D-chart-Oscillator/","carriosol92","https://www.tradingview.com/u/carriosol92/","2026-04-24T16:00:54.000Z","3","0","","",""
"Ultimate Level Mapper v45 - Full History","https://www.tradingview.com/script/2IG0RWNr-Ultimate-Level-Mapper-v45-Full-History/","osjrnfojnfdoi30308","https://www.tradingview.com/u/osjrnfojnfdoi30308/","2026-04-24T14:26:15.000Z","2","0","","",""
"A Strategy Optimized - EMA Fibonacci Scaling Pullback","https://www.tradingview.com/script/VTjnZRAe/","vrhzytr","https://www.tradingview.com/u/vrhzytr/","2026-04-24T09:22:23.000Z","4","0","","",""
"Ahmed FVG Alignment","https://www.tradingview.com/script/FhdjAvnU-Ahmed-FVG-Alignment/","sayedahmedahmed2409","https://www.tradingview.com/u/sayedahmedahmed2409/","2026-04-24T12:43:52.000Z","1","0","","",""
"Sector RS Entry Tool","https://www.tradingview.com/script/OZfra1vw-Sector-RS-Entry-Tool/","patwardhan50","https://www.tradingview.com/u/patwardhan50/","2026-04-24T12:22:06.000Z","1","0","","",""
"OI_vision_AS33","https://www.tradingview.com/script/Dj8kCCC0-oi-vision-as33/","AS_333","https://www.tradingview.com/u/AS_333/","2026-04-24T18:05:29.000Z","1","0","","",""
"Fresh SMA Alignment (10 > 50 > 200)","https://www.tradingview.com/script/He73v3yE-Fresh-SMA-Alignment-10-50-200/","rayuduravi","https://www.tradingview.com/u/rayuduravi/","2026-04-24T07:30:14.000Z","1","0","","",""
"NY Hour Turn Highlight (First/Last 15m)","https://www.tradingview.com/script/CV24h55e-NY-Hour-Turn-Highlight-First-Last-15m/","Jamesssp","https://www.tradingview.com/u/Jamesssp/","2026-04-24T05:32:54.000Z","1","0","","",""
"Market Crystallization Gauge [forexobroker]","https://www.tradingview.com/script/PEzeCWhR-Market-Crystallization-Gauge-forexobroker/","forexobroker","https://www.tradingview.com/u/forexobroker/","2026-04-24T05:22:19.000Z","6","0","","",""
"ETH VWAP Momentum Session Scalper v4","https://www.tradingview.com/script/9AxNsAhr-ETH-VWAP-Momentum-Session-Scalper-v4/","laxman_babu_515","https://www.tradingview.com/u/laxman_babu_515/","2026-04-24T03:32:53.000Z","5","0","","",""
"AUTO Fresh Alignment Scanner","https://www.tradingview.com/script/8XFUVGk6-AUTO-Fresh-Alignment-Scanner/","rayuduravi","https://www.tradingview.com/u/rayuduravi/","2026-04-24T08:07:12.000Z","1","0","","",""
"JRI SMC v17","https://www.tradingview.com/script/6dhUq9Xh-JRI-SMC-v17/","jridigitalproduction","https://www.tradingview.com/u/jridigitalproduction/","2026-04-24T01:11:09.000Z","6","0","","",""
"Renko Sniper Alerts (EMA + Supertrend + RSI)","https://www.tradingview.com/script/tZGMLtNN-Renko-Sniper-Alerts-EMA-Supertrend-RSI/","zachsprad","https://www.tradingview.com/u/zachsprad/","2026-04-24T04:14:46.000Z","3","0","","",""
"VCP Scanner - NSE Nifty50","https://www.tradingview.com/script/18fo4s8E-VCP-Scanner-NSE-Nifty50/","skashyap007","https://www.tradingview.com/u/skashyap007/","2026-04-24T03:24:02.000Z","6","0","","",""
"RandomForestLibrary","https://www.tradingview.com/script/nhdQjpii-RandomForestLibrary/","ShigemiQuant","https://www.tradingview.com/u/ShigemiQuant/","2026-04-24T02:24:08.000Z","1","0","","",""
"Period_Candle","https://www.tradingview.com/script/sEkx6zqh/","kapi_mama","https://www.tradingview.com/u/kapi_mama/","2026-04-24T04:36:50.000Z","2","0","","",""
"Vectors - Hybrid","https://www.tradingview.com/script/TD1yXGJS-Vectors-Hybrid/","Inoffensive","https://www.tradingview.com/u/Inoffensive/","2026-04-24T02:40:13.000Z","10","0","","",""
"ETH VWAP ATR Scalper Pro Stats Box","https://www.tradingview.com/script/076enDRC-ETH-VWAP-ATR-Scalper-Pro-Stats-Box/","laxman_babu_515","https://www.tradingview.com/u/laxman_babu_515/","2026-04-24T01:47:30.000Z","2","0","","",""
"JRI SMC v22","https://www.tradingview.com/script/KzF1Sv1J-JRI-SMC-v22/","jridigitalproduction","https://www.tradingview.com/u/jridigitalproduction/","2026-04-24T04:09:09.000Z","4","1","","",""
"Trade Location Quality [AGPro Series]","https://www.tradingview.com/script/dEzglaYi-Trade-Location-Quality-AGPro-Series/","AGProLabs","https://www.tradingview.com/u/AGProLabs/","2026-04-26T04:19:54.000Z","1","0","","",""
"Session Range Map [ATC] v3.1","https://www.tradingview.com/script/jT7CSRTQ-Session-Range-Map-ATC-v3-1/","ATConcepts","https://www.tradingview.com/u/ATConcepts/","2026-04-26T04:18:31.000Z","1","0","","",""
"XAUUSD VWAP [MatsukazeAlgo]","https://www.tradingview.com/script/dGbHD6yt-XAUUSD-VWAP-MatsukazeAlgo/","MatsukazeAlgo","https://www.tradingview.com/u/MatsukazeAlgo/","2026-04-26T04:18:16.000Z","0","0","","",""
"Quarterly CPR By BitcoinBaily","https://www.tradingview.com/script/EjrbdmYy-Quarterly-CPR-By-BitcoinBaily/","bitcoinbaily","https://www.tradingview.com/u/bitcoinbaily/","2026-04-26T03:49:54.000Z","0","0","","",""
"True Daily CHG% (Within .5%)","https://www.tradingview.com/script/PRpYzSn8-True-Daily-CHG-Within-5/","jackjahadi67","https://www.tradingview.com/u/jackjahadi67/","2026-04-25T21:36:26.000Z","1","0","","",""
"Risk Runway Planner [AGPro Series]","https://www.tradingview.com/script/W3McGPel-Risk-Runway-Planner-AGPro-Series/","AGProLabs","https://www.tradingview.com/u/AGProLabs/","2026-04-26T03:40:23.000Z","3","0","","",""
"HP Filtered MA Crossover [TMA]","https://www.tradingview.com/script/BOMQDiRS-HP-Filtered-MA-Crossover-TMA/","trendmastera","https://www.tradingview.com/u/trendmastera/","2026-04-26T03:37:44.000Z","0","1","","",""
"1st 15 ORB 1/5min","https://www.tradingview.com/script/JcgjVmZi-1st-15-ORB-1-5min/","cdeck1027","https://www.tradingview.com/u/cdeck1027/","2026-04-26T03:23:26.000Z","2","0","","",""
"Entry Execution Readiness [AGPro Series]","https://www.tradingview.com/script/iLB4ddiA-Entry-Execution-Readiness-AGPro-Series/","AGProLabs","https://www.tradingview.com/u/AGProLabs/","2026-04-26T03:17:11.000Z","6","0","","",""
"OTE [Multi-TF] v2","https://www.tradingview.com/script/Yjy75UmW-OTE-Multi-TF-v2/","carvictor0101","https://www.tradingview.com/u/carvictor0101/","2026-04-26T03:16:38.000Z","9","0","","",""
"HULL MA MTF PRO","https://www.tradingview.com/script/tR3eF4XK/","moralestrejoluisantonio","https://www.tradingview.com/u/moralestrejoluisantonio/","2026-04-26T03:03:41.000Z","1","0","","",""
"Harman M-W-D-H-15M-5M-3M RSI Entry Indicator (Latest Entry Only)","https://www.tradingview.com/script/jZeXOxT5-Harman-M-W-D-H-15M-5M-3M-RSI-Entry-Indicator-Latest-Entry-Only/","caharmansingh","https://www.tradingview.com/u/caharmansingh/","2026-04-26T02:56:55.000Z","1","0","","",""
"Triple MTF Selectable MA with Labels","https://www.tradingview.com/script/uiyJECn8-Triple-MTF-Selectable-MA-with-Labels/","StageAnalysisPro","https://www.tradingview.com/u/StageAnalysisPro/","2026-04-26T02:52:16.000Z","0","0","","",""
"CHG% watchlist 10+ stocks (within .5%)","https://www.tradingview.com/script/fCsFafVW-CHG-watchlist-10-stocks-within-5/","jackjahadi67","https://www.tradingview.com/u/jackjahadi67/","2026-04-26T02:34:46.000Z","0","0","","",""
"15min ORB + R:R  |  All Sessions","https://www.tradingview.com/script/ug1sNgCB-15min-ORB-R-R-All-Sessions/","ryneroling","https://www.tradingview.com/u/ryneroling/","2026-04-26T02:12:06.000Z","1","0","","",""
"SPY / SPX Intraday Pro v31 [Signals + Mentor + SVP + Confluence]","https://www.tradingview.com/script/59W7SU8j-SPY-SPX-Intraday-Pro-v31-Signals-Mentor-SVP-Confluence/","vinaynaidu_r","https://www.tradingview.com/u/vinaynaidu_r/","2026-04-26T01:48:32.000Z","1","0","","",""
"MACD Evolved [ATC] v1.2.1","https://www.tradingview.com/script/tNXKFWfg-MACD-Evolved-ATC-v1-2-1/","ATConcepts","https://www.tradingview.com/u/ATConcepts/","2026-04-26T01:47:33.000Z","1","0","","",""
"Fracture Threshold Strategy [JOAT]","https://www.tradingview.com/script/NwMwuyA5-Fracture-Threshold-Strategy-JOAT/","officialjackofalltrades","https://www.tradingview.com/u/officialjackofalltrades/","2026-04-26T01:45:51.000Z","5","0","","",""
"Repair Candles","https://www.tradingview.com/script/2FxBTqUw-Repair-Candles/","godzcopilot","https://www.tradingview.com/u/godzcopilot/","2026-04-26T01:40:41.000Z","2","0","","",""
"Non-Causality Suite","https://www.tradingview.com/script/4GVGkfnm-Non-Causality-Suite/","mjrodriguezorlich69","https://www.tradingview.com/u/mjrodriguezorlich69/","2026-04-26T03:39:26.000Z","9","1","","",""
"Residual Regression Bands","https://www.tradingview.com/script/pJddhQz5-Residual-Regression-Bands/","geoffetro","https://www.tradingview.com/u/geoffetro/","2026-04-26T01:03:35.000Z","1","0","","",""
"DEMA MTF SMOOTH","https://www.tradingview.com/script/hYJl6Eej/","moralestrejoluisantonio","https://www.tradingview.com/u/moralestrejoluisantonio/","2026-04-26T00:27:45.000Z","2","0","","",""
"My Script E","https://www.tradingview.com/script/YqBftVLj/","etiennebeaudetl","https://www.tradingview.com/u/etiennebeaudetl/","2026-04-25T23:11:42.000Z","1","0","","",""
"30-Min ORB Retest Signal","https://www.tradingview.com/script/1hUOcj5H-30-Min-ORB-Retest-Signal/","talalhussain2","https://www.tradingview.com/u/talalhussain2/","2026-04-25T21:39:02.000Z","0","0","","",""
"Marubozu Identifier","https://www.tradingview.com/script/LZZxoA0w-Marubozu-Identifier/","CryptoCovered26","https://www.tradingview.com/u/CryptoCovered26/","2026-04-25T21:24:51.000Z","0","1","","",""
"Ghost Mitigation Strategy","https://www.tradingview.com/script/ZPAjijMJ-Ghost-Mitigation-Strategy/","godsday555","https://www.tradingview.com/u/godsday555/","2026-04-25T21:11:18.000Z","3","0","","",""
"VWAP Strict Institutional Breakout Sniper","https://www.tradingview.com/script/dRdCtWNe-VWAP-Strict-Institutional-Breakout-Sniper/","mdislahuddin786","https://www.tradingview.com/u/mdislahuddin786/","2026-04-25T20:02:12.000Z","0","0","","",""
"FDAX 5-in-1: 3EMA + Fractals + Session + AutoLot","https://www.tradingview.com/script/90QbWRRP-fdax-5-in-1-3ema-fractals-session-autolot/","wwwqqq","https://www.tradingview.com/u/wwwqqq/","2026-04-25T19:26:19.000Z","0","0","","",""
"cloudTheory","https://www.tradingview.com/script/AhaZ4O0w-cloudTheory/","ZenithClown","https://www.tradingview.com/u/ZenithClown/","2026-04-25T09:17:34.000Z","0","0","","",""
"NGX FVG Detector + Mini ScreenerFVG","https://www.tradingview.com/script/YcEEdWQV-NGX-FVG-Detector-Mini-ScreenerFVG/","abasam81","https://www.tradingview.com/u/abasam81/","2026-04-25T18:36:54.000Z","1","0","","",""
"Swing Agent Screenshot Overlay","https://www.tradingview.com/script/eycHYVoK/","vittoriorochelli","https://www.tradingview.com/u/vittoriorochelli/","2026-04-25T18:36:44.000Z","0","0","","",""
"Swing Strategy: Genus HA MTF 9 EMA","https://www.tradingview.com/script/ZrU99FW3-Swing-Strategy-Genus-HA-MTF-9-EMA/","rishiatoul","https://www.tradingview.com/u/rishiatoul/","2026-04-25T18:21:02.000Z","0","0","","",""
"Downtrend Break Detector","https://www.tradingview.com/script/RwJ2nuAZ-Downtrend-Break-Detector/","emregulben","https://www.tradingview.com/u/emregulben/","2026-04-25T18:20:20.000Z","0","0","","",""
"Choppiness Setup Planner [AGPro Series]","https://www.tradingview.com/script/vPx2XplH-Choppiness-Setup-Planner-AGPro-Series/","AGProLabs","https://www.tradingview.com/u/AGProLabs/","2026-04-25T17:34:54.000Z","3","0","","",""
"TMA Institutional Command Center [PRO]","https://www.tradingview.com/script/O0mjIlCs-TMA-Institutional-Command-Center-PRO/","trendmastera","https://www.tradingview.com/u/trendmastera/","2026-04-25T16:57:34.000Z","1","1","","",""
"Gap Fill Reaction Planner [AGPro Series]","https://www.tradingview.com/script/gac9k3X6-Gap-Fill-Reaction-Planner-AGPro-Series/","AGProLabs","https://www.tradingview.com/u/AGProLabs/","2026-04-25T16:51:42.000Z","4","0","","",""
"Dynamic ATR v1.0","https://www.tradingview.com/script/EIgpbB7r-Dynamic-ATR-v1-0/","mil_saberi","https://www.tradingview.com/u/mil_saberi/","2026-04-25T16:46:25.000Z","1","0","","",""
"July_One_Analisis_Tecnico","https://www.tradingview.com/script/7HbePtLQ/","julianignacio_n","https://www.tradingview.com/u/julianignacio_n/","2026-04-25T15:30:23.000Z","0","0","","",""
"Tawfiq_Hamidah - SAR","https://www.tradingview.com/script/0xc9cEXN/","TAWFIQ1985","https://www.tradingview.com/u/TAWFIQ1985/","2026-04-25T22:37:18.000Z","0","0","","",""
"Marked Hawkes Process Cascades","https://www.tradingview.com/script/zALrdD8i-Marked-Hawkes-Process-Cascades/","mjrodriguezorlich69","https://www.tradingview.com/u/mjrodriguezorlich69/","2026-04-25T13:30:03.000Z","1","0","","",""
"TAWFIQ_HAMIDAH_EMAS","https://www.tradingview.com/script/y5AgOvyb/","TAWFIQ1985","https://www.tradingview.com/u/TAWFIQ1985/","2026-04-25T22:31:32.000Z","0","0","","",""
"Engulfing After Climax Low Volume + Wick Filter Zohaib","https://www.tradingview.com/script/aJThGZ2r-Engulfing-After-Climax-Low-Volume-Wick-Filter-Zohaib/","zohaibjabbar1","https://www.tradingview.com/u/zohaibjabbar1/","2026-04-25T11:08:44.000Z","0","0","","",""
"umbul98-Doji RSI with Divergence","https://www.tradingview.com/script/niqFCEiC/","umbul98","https://www.tradingview.com/u/umbul98/","2026-04-25T11:04:48.000Z","0","0","","",""
"Vertical Lines (Alerts)","https://www.tradingview.com/script/i2wPr7az-Vertical-Lines-Alerts/","IJUSTLIKEMONEY","https://www.tradingview.com/u/IJUSTLIKEMONEY/","2026-04-25T10:53:12.000Z","1","0","","",""
"Session Vertical Lines","https://www.tradingview.com/script/YBxMRGLj-Session-Vertical-Lines/","IJUSTLIKEMONEY","https://www.tradingview.com/u/IJUSTLIKEMONEY/","2026-04-25T10:15:03.000Z","1","0","","",""
"Mentor 1M Sniper Trend Box","https://www.tradingview.com/script/0bIkBqNY-Mentor-1M-Sniper-Trend-Box/","bdlove1815","https://www.tradingview.com/u/bdlove1815/","2026-04-25T09:11:29.000Z","0","0","","",""
"MA Cross Screener","https://www.tradingview.com/script/OwHtRpb3-MA-Cross-Screener/","shuky_p","https://www.tradingview.com/u/shuky_p/","2026-04-25T09:00:22.000Z","0","0","","",""
"Chikou-DEMA (Saf ATR & RR Analizi)","https://www.tradingview.com/script/3K96vV4x/","Mehmetna123","https://www.tradingview.com/u/Mehmetna123/","2026-04-25T08:59:55.000Z","0","0","","",""
"BTCUSD Flow Profile PRO CLEAN (MTF + MID + LTF)","https://www.tradingview.com/script/FXVRt2vk/","Sachse-1980","https://www.tradingview.com/u/Sachse-1980/","2026-04-25T08:46:53.000Z","0","0","","",""
"Better Ticker","https://www.tradingview.com/script/Jzb0gwtZ-Better-Ticker/","FS-Dev","https://www.tradingview.com/u/FS-Dev/","2026-04-25T08:07:07.000Z","0","0","","",""
"Triple EMA Overlay","https://www.tradingview.com/script/HkWCVqh8-Triple-EMA-Overlay/","silvypeter","https://www.tradingview.com/u/silvypeter/","2026-04-25T07:41:11.000Z","0","0","","",""
"@ ASH MACD DLC4 PRO Divergence","https://www.tradingview.com/script/c9mqxKyM-ASH-MACD-DLC4-PRO-Divergence/","lilianalawso836","https://www.tradingview.com/u/lilianalawso836/","2026-04-25T06:54:02.000Z","0","0","","",""
"Steph CAMARA Template + EMA100","https://www.tradingview.com/script/wdMsViBr/","StephaneCamaraMajestyFX","https://www.tradingview.com/u/StephaneCamaraMajestyFX/","2026-04-24T07:55:10.000Z","0","0","","",""
"5 Min Liquidity Sweep Short 1:3 RR","https://www.tradingview.com/script/u6Mgs9n6-5-Min-Liquidity-Sweep-Short-1-3-RR/","parthaborah022","https://www.tradingview.com/u/parthaborah022/","2026-04-25T04:59:49.000Z","2","0","","",""
"Minervini 8 Criteria Tracker v1","https://www.tradingview.com/script/WpAzgKN8-Minervini-8-Criteria-Tracker-v1/","suisenk","https://www.tradingview.com/u/suisenk/","2026-04-25T08:40:58.000Z","1","0","","",""
"SMA 50/100/200","https://www.tradingview.com/script/6qZzMdES-SMA-50-100-200/","VijayG81","https://www.tradingview.com/u/VijayG81/","2026-04-25T03:02:00.000Z","0","0","","",""
"Asia & NY Session Range Table (heistrader)","https://www.tradingview.com/script/UmI8auWW-Asia-NY-Session-Range-Table-heistrader/","antonchan1979","https://www.tradingview.com/u/antonchan1979/","2026-04-25T01:20:58.000Z","2","0","","",""
"90-Min Vertical Lines (24h, Anchor 7:00 NY)","https://www.tradingview.com/script/n2I7xEvY-90-Min-Vertical-Lines-24h-Anchor-7-00-NY/","MrButtersTrading","https://www.tradingview.com/u/MrButtersTrading/","2026-04-24T23:56:02.000Z","0","0","","",""
"Stock_Screener_EU","https://www.tradingview.com/script/QYFG8uc3-Stock-Screener-EU/","michaela_geiger83","https://www.tradingview.com/u/michaela_geiger83/","2026-04-24T21:44:25.000Z","0","0","","",""
"PRE's: UTB + LR Candles","https://www.tradingview.com/script/JRoFg1mi-PRE-s-UTB-LR-Candles/","preclicks","https://www.tradingview.com/u/preclicks/","2026-04-24T20:58:56.000Z","3","0","","",""
"Prop Bruh - Clock | Candle | Countdown | ATR","https://www.tradingview.com/script/II66dn8M-Prop-Bruh-Clock-Candle-Countdown-ATR/","delanerouse","https://www.tradingview.com/u/delanerouse/","2026-04-24T20:07:35.000Z","1","0","","",""
"Donald J Trump Market Maker","https://www.tradingview.com/script/yDMTt70n-Donald-J-Trump-Market-Maker/","ajaniofficial24","https://www.tradingview.com/u/ajaniofficial24/","2026-04-24T19:29:55.000Z","0","0","","",""
"Minervini 8 Criteria Tracker","https://www.tradingview.com/script/Aq3L5OFN-Minervini-8-Criteria-Tracker/","suisenk","https://www.tradingview.com/u/suisenk/","2026-04-24T17:08:22.000Z","0","0","","",""
"Pro Breakout + Minervini Scanner","https://www.tradingview.com/script/824gBdF7-Pro-Breakout-Minervini-Scanner/","fimasan","https://www.tradingview.com/u/fimasan/","2026-04-24T15:25:14.000Z","2","0","","",""
"ADEMinimumsMath","https://www.tradingview.com/script/8gYEaRgx-ADEMinimumsMath/","PedroSilva45","https://www.tradingview.com/u/PedroSilva45/","2026-04-26T00:08:58.000Z","0","0","","",""
"ADEStateMath","https://www.tradingview.com/script/flCmt8nX-ADEStateMath/","PedroSilva45","https://www.tradingview.com/u/PedroSilva45/","2026-04-24T12:25:23.000Z","0","0","","",""
"Coinrule Cloud Fast Webhook","https://www.tradingview.com/script/UYWJEYdQ-Coinrule-Cloud-Fast-Webhook/","Coinrule","https://www.tradingview.com/u/Coinrule/","2026-04-24T12:21:26.000Z","0","0","","",""
"Pro Breakout + Minervini Scanner","https://www.tradingview.com/script/o20hqp13-Pro-Breakout-Minervini-Scanner/","fimasan","https://www.tradingview.com/u/fimasan/","2026-04-24T12:16:22.000Z","0","0","","",""
"CE ORG","https://www.tradingview.com/script/cyInjx60-CE-ORG/","ngoctrungict","https://www.tradingview.com/u/ngoctrungict/","2026-04-24T12:02:12.000Z","1","0","","",""
"ADEEvidenceMath","https://www.tradingview.com/script/igm8BN32-ADEEvidenceMath/","PedroSilva45","https://www.tradingview.com/u/PedroSilva45/","2026-04-24T14:13:43.000Z","0","0","","",""
"BB% STCH RSI","https://www.tradingview.com/script/ni9dTRuS/","muratvarol77","https://www.tradingview.com/u/muratvarol77/","2026-04-24T10:14:16.000Z","1","0","","",""
"VoltRouter Webhook Builder","https://www.tradingview.com/script/5nUwwzt0-VoltRouter-Webhook-Builder/","yuzername","https://www.tradingview.com/u/yuzername/","2026-04-25T22:46:34.000Z","0","0","","",""
"AUTO Fresh Alignment Scanner","https://www.tradingview.com/script/O14UJhKE-AUTO-Fresh-Alignment-Scanner/","rayuduravi","https://www.tradingview.com/u/rayuduravi/","2026-04-24T08:16:36.000Z","0","0","","",""
"AUTO Fresh Alignment Scanner","https://www.tradingview.com/script/c6lzU5JP-AUTO-Fresh-Alignment-Scanner/","rayuduravi","https://www.tradingview.com/u/rayuduravi/","2026-04-24T08:14:17.000Z","0","0","","",""
"AUTO Fresh Alignment Scanner","https://www.tradingview.com/script/2mQidFqD-AUTO-Fresh-Alignment-Scanner/","rayuduravi","https://www.tradingview.com/u/rayuduravi/","2026-04-24T08:05:07.000Z","0","0","","",""
"Alpha - Clean (with ADR)","https://www.tradingview.com/script/YMVLaXRp-Alpha-Clean-with-ADR/","rameshkumarjoshi036","https://www.tradingview.com/u/rameshkumarjoshi036/","2026-04-24T04:01:29.000Z","0","0","","",""
"Order Block by Devran","https://www.tradingview.com/script/VrHFkq4P/","devransrtl","https://www.tradingview.com/u/devransrtl/","2026-04-23T22:02:39.000Z","5","0","","",""
"Volumen total","https://www.tradingview.com/script/jlLJ3wPZ/","alexisyepez","https://www.tradingview.com/u/alexisyepez/","2026-04-24T03:17:20.000Z","2","0","","",""
"Web3 Brother","https://www.tradingview.com/script/HdOreJpp/","xiao050292","https://www.tradingview.com/u/xiao050292/","2026-04-24T03:08:34.000Z","2","1","","",""
"Monday range / Candle highlight","https://www.tradingview.com/script/NR9tz8PF-Monday-range-Candle-highlight/","Barnyard2106","https://www.tradingview.com/u/Barnyard2106/","2026-04-24T03:08:08.000Z","1","0","","",""
"Random Forest Regressor - Return Estimator","https://www.tradingview.com/script/4OspJFAd-Random-Forest-Regressor-Return-Estimator/","ShigemiQuant","https://www.tradingview.com/u/ShigemiQuant/","2026-04-24T02:35:39.000Z","1","0","","",""
"ETH VWAP ATR Scalper Pro Stats","https://www.tradingview.com/script/Wiytz7PE-ETH-VWAP-ATR-Scalper-Pro-Stats/","laxman_babu_515","https://www.tradingview.com/u/laxman_babu_515/","2026-04-24T00:36:18.000Z","9","0","","",""
"PROTOS VPIN","https://www.tradingview.com/script/Jkf4Q3uN-PROTOS-VPIN/","chazltd","https://www.tradingview.com/u/chazltd/","2026-04-24T00:26:12.000Z","0","0","","",""
"ETH VWAP ATR Scalper Lines","https://www.tradingview.com/script/1dHdydEZ-ETH-VWAP-ATR-Scalper-Lines/","laxman_babu_515","https://www.tradingview.com/u/laxman_babu_515/","2026-04-24T00:23:47.000Z","0","0","","",""
"Trixaroa CJD","https://www.tradingview.com/script/i0LGR1My-Trixaroa-CJD/","vitruvex","https://www.tradingview.com/u/vitruvex/","2026-04-24T00:21:52.000Z","1","0","","",""
"Liquidity Fracture [JOAT]","https://www.tradingview.com/script/OPEoQFhp-Liquidity-Fracture-JOAT/","officialjackofalltrades","https://www.tradingview.com/u/officialjackofalltrades/","2026-04-24T00:13:57.000Z","166","0","","",""
"FVG_SWG","https://www.tradingview.com/script/BXhOTN0s/","ScalpWolfTrader","https://www.tradingview.com/u/ScalpWolfTrader/","2026-04-24T00:01:57.000Z","220","0","","",""
"Recovery Raid Index","https://www.tradingview.com/script/UqfrSfCc-Recovery-Raid-Index/","Finntech1","https://www.tradingview.com/u/Finntech1/","2026-04-23T23:56:06.000Z","34","0","","",""
"Combined Signal Indicator","https://www.tradingview.com/script/yE1OBaFX-Combined-Signal-Indicator/","parkerberlinger","https://www.tradingview.com/u/parkerberlinger/","2026-04-23T23:54:52.000Z","412","4","","",""
"JRI SMC v16","https://www.tradingview.com/script/vAQBZdes-JRI-SMC-v16/","jridigitalproduction","https://www.tradingview.com/u/jridigitalproduction/","2026-04-23T23:42:08.000Z","1","0","","",""
"Market Phase Detector [JOAT]","https://www.tradingview.com/script/2QJbZIUe-Market-Phase-Detector-JOAT/","officialjackofalltrades","https://www.tradingview.com/u/officialjackofalltrades/","2026-04-23T23:30:24.000Z","50","0","","",""
"SignalMaster V1 - Multi-Indicator Trading System","https://www.tradingview.com/script/cuH4Ozez-SignalMaster-V1-Multi-Indicator-Trading-System/","Pedro-Elias","https://www.tradingview.com/u/Pedro-Elias/","2026-04-23T23:26:04.000Z","303","0","","",""
"JRI SMC v15","https://www.tradingview.com/script/wEFPvY1L-JRI-SMC-v15/","jridigitalproduction","https://www.tradingview.com/u/jridigitalproduction/","2026-04-23T23:14:10.000Z","0","0","","",""
"Vini Penido Indicator","https://www.tradingview.com/script/9nyAS3td/","viniciusppenido","https://www.tradingview.com/u/viniciusppenido/","2026-04-23T23:12:24.000Z","7","0","","",""
"Edo TRIX Core Cross","https://www.tradingview.com/script/jQ0npfNo-Edo-TRIX-Core-Cross/","EdoLab-Markets","https://www.tradingview.com/u/EdoLab-Markets/","2026-04-23T23:00:14.000Z","2","0","","",""
"UFD Trend Lines BTC","https://www.tradingview.com/script/PLBXeRnN-ufd-trend-lines-btc/","ufadiver","https://www.tradingview.com/u/ufadiver/","2026-04-23T22:55:34.000Z","0","0","","",""
"Structure & Flow","https://www.tradingview.com/script/H1lcykjL-Structure-Flow/","Finntech1","https://www.tradingview.com/u/Finntech1/","2026-04-23T22:50:26.000Z","119","2","","",""
"Hammer + Engulfing Close Alert + Fractal Filter","https://www.tradingview.com/script/WNNeztaA-Hammer-Engulfing-Close-Alert-Fractal-Filter/","davon.jennings1023","https://www.tradingview.com/u/davon.jennings1023/","2026-04-23T22:19:39.000Z","35","0","","",""
"Bollinger Matrix ULTRA inverted","https://www.tradingview.com/script/B5h0BBnl-Bollinger-Matrix-ULTRA-inverted/","jlmanga22","https://www.tradingview.com/u/jlmanga22/","2026-04-23T22:15:59.000Z","3","0","","",""
"ORDER FLOW DASHBOARD [DOM, Tape, Big Contracts] Percentage Based","https://www.tradingview.com/script/8827q9XS-ORDER-FLOW-DASHBOARD-DOM-Tape-Big-Contracts-Percentage-Based/","solowit69","https://www.tradingview.com/u/solowit69/","2026-04-24T21:02:03.000Z","240","1","","",""
"All In One Levels + MA","https://www.tradingview.com/script/Shpv0VHe-All-In-One-Levels-MA/","Cole370","https://www.tradingview.com/u/Cole370/","2026-04-23T18:40:59.000Z","2","0","","",""
"Good Low/High + SFP Confluence [30m]","https://www.tradingview.com/script/VXKcLP7u-Good-Low-High-SFP-Confluence-30m/","observer","https://www.tradingview.com/u/observer/","2026-04-23T22:01:11.000Z","2","0","","",""
"3 Bar Reversals by DINKLETON","https://www.tradingview.com/script/CFBoDaZY-3-Bar-Reversals-by-DINKLETON/","aaronxiong1013","https://www.tradingview.com/u/aaronxiong1013/","2026-04-23T21:57:10.000Z","2","0","","",""
"PCRXS Forecast Engine v1.0","https://www.tradingview.com/script/8zUVCCRd-PCRXS-Forecast-Engine-v1-0/","pcruz4025","https://www.tradingview.com/u/pcruz4025/","2026-04-24T18:28:56.000Z","22","0","","",""
"DTFX Time Based Ranges by zeeTFX","https://www.tradingview.com/script/lLmBuQTZ-DTFX-Time-Based-Ranges-by-zeeTFX/","zeeTAJONline","https://www.tradingview.com/u/zeeTAJONline/","2026-04-23T21:43:33.000Z","18","0","","",""
"NewYorkOpenPrice","https://www.tradingview.com/script/wwpTSBSA/","li-xiaoyao","https://www.tradingview.com/u/li-xiaoyao/","2026-04-23T21:34:28.000Z","0","0","","",""
"Premium & Discount Zones with Bias","https://www.tradingview.com/script/62le7AJJ-Premium-Discount-Zones-with-Bias/","FreedomByFutures","https://www.tradingview.com/u/FreedomByFutures/","2026-04-24T15:46:30.000Z","17","1","","",""
"EXTREME PRO SIGNAL","https://www.tradingview.com/script/CAplABKc-EXTREME-PRO-SIGNAL/","spitulic3","https://www.tradingview.com/u/spitulic3/","2026-04-23T21:05:44.000Z","3","0","","",""
"Moving Range Breakout [Dynamic Box]","https://www.tradingview.com/script/G06Csm4X-Moving-Range-Breakout-Dynamic-Box/","charlescrose","https://www.tradingview.com/u/charlescrose/","2026-04-23T21:05:30.000Z","9","0","","",""
"Bitcoin Parabola Begins","https://www.tradingview.com/script/JwA3v5sI-Bitcoin-Parabola-Begins/","ryanhcs","https://www.tradingview.com/u/ryanhcs/","2026-04-23T21:02:25.000Z","1","0","","",""
"JRI SMC v12","https://www.tradingview.com/script/XZdlADQo-JRI-SMC-v12/","jridigitalproduction","https://www.tradingview.com/u/jridigitalproduction/","2026-04-23T22:45:59.000Z","3","0","","",""
"Apex Reversal Engine","https://www.tradingview.com/script/LM9f0UgX/","Indicator_Peak","https://www.tradingview.com/u/Indicator_Peak/","2026-04-23T20:15:29.000Z","397","1","","",""
"Sideways Market Trading Strategy - BB Setup John Bollinger","https://www.tradingview.com/script/A7wIP4xh/","easyMarkets","https://www.tradingview.com/u/easyMarkets/","2026-04-23T20:11:22.000Z","14","0","","",""
"PCRXS Forecast Engine Oscillator and Forecast","https://www.tradingview.com/script/ezyGSIUz-PCRXS-Forecast-Engine-Oscillator-and-Forecast/","pcruz4025","https://www.tradingview.com/u/pcruz4025/","2026-04-23T21:32:38.000Z","21","0","","",""
"Fib Retracement + Background","https://www.tradingview.com/script/JVlczFel-Fib-Retracement-Background/","gulamambiashaikh","https://www.tradingview.com/u/gulamambiashaikh/","2026-04-23T19:55:19.000Z","4","0","","",""
"ORB 15-Min Breakout v2","https://www.tradingview.com/script/HwTL0Grz-ORB-15-Min-Breakout-v2/","mmmbeat30","https://www.tradingview.com/u/mmmbeat30/","2026-04-23T19:55:17.000Z","2","0","","",""
"Sideways Market Trading Strategy - BB Setup 9. 1 Larry Williams","https://www.tradingview.com/script/kWwH17f9/","easyMarkets","https://www.tradingview.com/u/easyMarkets/","2026-04-23T19:44:47.000Z","14","0","","",""
"ES Wick Points Counter","https://www.tradingview.com/script/t8zZJm03-ES-Wick-Points-Counter/","narcisofa","https://www.tradingview.com/u/narcisofa/","2026-04-23T19:26:33.000Z","1","0","","",""
"McNamee Auto-Trade","https://www.tradingview.com/script/jRPl0Fby-McNamee-Auto-Trade/","wyattmcnamee","https://www.tradingview.com/u/wyattmcnamee/","2026-04-23T19:19:39.000Z","7","0","","",""
"Alishba 02 [CLEVER] RSI Elite Toolkit","https://www.tradingview.com/script/nVgG79hZ-Alishba-02-CLEVER-RSI-Elite-Toolkit/","TheCleverTraders","https://www.tradingview.com/u/TheCleverTraders/","2026-04-23T19:15:42.000Z","296","6","","",""
"PCRXS Forecast Engine","https://www.tradingview.com/script/2WMATK9H-PCRXS-Forecast-Engine/","pcruz4025","https://www.tradingview.com/u/pcruz4025/","2026-04-24T18:23:20.000Z","97","0","","",""
"NQ VXN Range","https://www.tradingview.com/script/G9UQzonw/","trystinlau","https://www.tradingview.com/u/trystinlau/","2026-04-23T19:08:34.000Z","6","0","","",""
"Sector/Industry + Market Cap US($) by OddVue.com","https://www.tradingview.com/script/odIM6YqN-Sector-Industry-Market-Cap-US-by-OddVue-com/","prjwl93","https://www.tradingview.com/u/prjwl93/","2026-04-24T05:04:16.000Z","0","1","","",""
"Surana CTP and Future trend Updates","https://www.tradingview.com/script/3n8koYvB-Surana-CTP-and-Future-trend-Updates/","hali_aimstar","https://www.tradingview.com/u/hali_aimstar/","2026-04-23T18:27:47.000Z","12","0","","",""
"Volatility Managed Kelly Leverage","https://www.tradingview.com/script/Uo4s2KXe-Volatility-Managed-Kelly-Leverage/","HenriqueCentieiro","https://www.tradingview.com/u/HenriqueCentieiro/","2026-04-23T13:37:51.000Z","21","2","","",""
"All In One Levels + MA","https://www.tradingview.com/script/jhFLY7Z1-All-In-One-Levels-MA/","Cole370","https://www.tradingview.com/u/Cole370/","2026-04-23T18:25:59.000Z","3","0","","",""
"Sector/Industry + Market Cap (INR Cr) by OddVue.com","https://www.tradingview.com/script/eVmk2jhN-Sector-Industry-Market-Cap-INR-Cr-by-OddVue-com/","prjwl93","https://www.tradingview.com/u/prjwl93/","2026-04-23T18:31:41.000Z","3","0","","",""
"WTI Intraday Pressure (CL1!-CL2!)","https://www.tradingview.com/script/My0e8hmQ-WTI-Intraday-Pressure-CL1-CL2/","FutuRInvest","https://www.tradingview.com/u/FutuRInvest/","2026-04-23T18:24:38.000Z","0","0","","",""
"NY Engulfing Strategy","https://www.tradingview.com/script/8Pb0b8IQ-NY-Engulfing-Strategy/","rgower123","https://www.tradingview.com/u/rgower123/","2026-04-23T18:19:03.000Z","25","0","","",""
"50 trading","https://www.tradingview.com/script/wm1S0Kvu/","sz701359","https://www.tradingview.com/u/sz701359/","2026-04-23T18:14:43.000Z","10","0","","",""
"3-Strategy Auto Switch - Range + Trend + Breakout","https://www.tradingview.com/script/MoL1SwLE/","vrhzytr","https://www.tradingview.com/u/vrhzytr/","2026-04-23T18:05:30.000Z","5","0","","",""
"Adaptive Chandelier Exit+ [MAB]","https://www.tradingview.com/script/S4WGeup3-Adaptive-Chandelier-Exit-MAB/","MarketAlgoBot","https://www.tradingview.com/u/MarketAlgoBot/","2026-04-23T17:47:50.000Z","10","0","","",""
"Adaptive MACD+ [MACD]","https://www.tradingview.com/script/Il2VRAlq-Adaptive-MACD-MACD/","MarketAlgoBot","https://www.tradingview.com/u/MarketAlgoBot/","2026-04-23T17:43:49.000Z","26","0","","",""
"FT - SMA volatility with ADX","https://www.tradingview.com/script/6jMq0lxh/","FrancoTradingFT","https://www.tradingview.com/u/FrancoTradingFT/","2026-04-23T17:20:37.000Z","3","0","","",""
"Market Type Classifier","https://www.tradingview.com/script/wyv1Rdau-Market-Type-Classifier/","AizekTRD","https://www.tradingview.com/u/AizekTRD/","2026-04-23T17:09:30.000Z","1","0","","",""
"BTC Tops And Bodems","https://www.tradingview.com/script/1AUqJady-BTC-Tops-And-Bodems/","carriosol92","https://www.tradingview.com/u/carriosol92/","2026-04-23T16:43:55.000Z","7","0","","",""
"Smart Money Concepts: Quantitative Framework [FEELS]","https://www.tradingview.com/script/4AAeq3yA-Smart-Money-Concepts-Quantitative-Framework-FEELS/","FeelsStrategy","https://www.tradingview.com/u/FeelsStrategy/","2026-04-23T16:31:46.000Z","613","0","","",""
"MSTR mNAV Tracker","https://www.tradingview.com/script/nf1HWvqk/","Box777777","https://www.tradingview.com/u/Box777777/","2026-04-23T15:04:03.000Z","3","0","","",""
"Premarket High/Low - Kermez","https://www.tradingview.com/script/vufKn1gw-Premarket-High-Low-Kermez/","Keystone2025","https://www.tradingview.com/u/Keystone2025/","2026-04-23T15:02:13.000Z","16","0","","",""
"Liquidity Sweep Weak/Strong Engulfing","https://www.tradingview.com/script/vmnFRhf6-Liquidity-Sweep-Weak-Strong-Engulfing/","smartmoney7715","https://www.tradingview.com/u/smartmoney7715/","2026-04-23T14:38:53.000Z","7","0","","",""
"MTF MACD Cross-Decay Oscillator","https://www.tradingview.com/script/88xURpTt-MTF-MACD-Cross-Decay-Oscillator/","NotLazyBear","https://www.tradingview.com/u/NotLazyBear/","2026-04-23T14:23:54.000Z","36","0","","",""
"Nasdaq Psychological Levels (500er)","https://www.tradingview.com/script/7V2RBJpV-Nasdaq-Psychological-Levels-500er/","MoritzNQ","https://www.tradingview.com/u/MoritzNQ/","2026-04-23T14:15:09.000Z","14","0","","",""
"Session Levels  VWAP S/R  Supply-Demand  Liquidity v6  fixed V1","https://www.tradingview.com/script/Fjy9ya6u-Session-Levels-VWAP-S-R-Supply-Demand-Liquidity-v6-fixed-V1/","recklesstrader","https://www.tradingview.com/u/recklesstrader/","2026-04-23T14:07:07.000Z","1","0","","",""
"6810kuangjia","https://www.tradingview.com/script/7XFf833N/","baibaiyo","https://www.tradingview.com/u/baibaiyo/","2026-04-23T14:06:35.000Z","9","0","","",""
"Major Inflection Zones","https://www.tradingview.com/script/tjjik9j3-Major-Inflection-Zones/","NotLazyBear","https://www.tradingview.com/u/NotLazyBear/","2026-04-23T14:06:11.000Z","14","0","","",""
"NOVA TEST TRADING","https://www.tradingview.com/script/uHTXPCov-NOVA-TEST-TRADING/","suprivepromotions","https://www.tradingview.com/u/suprivepromotions/","2026-04-23T14:04:52.000Z","8","0","","",""
"mogumogu","https://www.tradingview.com/script/CdmsYtjM/","summer712","https://www.tradingview.com/u/summer712/","2026-04-23T13:50:33.000Z","3","0","","",""
"FVG Alerts (DPM)","https://www.tradingview.com/script/fAfcfLZS-FVG-Alerts-DPM/","tylermuto","https://www.tradingview.com/u/tylermuto/","2026-04-23T13:37:28.000Z","7","0","","",""
"VWAP RSI Strategy (Fixed Signals)","https://www.tradingview.com/script/4opPxGDQ-VWAP-RSI-Strategy-Fixed-Signals/","ntmanish","https://www.tradingview.com/u/ntmanish/","2026-04-23T10:53:59.000Z","9","0","","",""
"Pro-Swing Guard: 200 EMA & SuperTrend 10-5 - Simple Swing System","https://www.tradingview.com/script/BXfR4S9f-Pro-Swing-Guard-200-EMA-SuperTrend-10-5-Simple-Swing-System/","The_Stock_Yogi","https://www.tradingview.com/u/The_Stock_Yogi/","2026-04-23T13:36:00.000Z","25","1","","",""
"EMA 25/50 First Touch (Strong + Session Filter)","https://www.tradingview.com/script/4x1Ua3dD-EMA-25-50-First-Touch-Strong-Session-Filter/","chayhail238","https://www.tradingview.com/u/chayhail238/","2026-04-23T13:29:49.000Z","6","0","","",""
"5:15-5:30 Supply Demand Box","https://www.tradingview.com/script/AAi3KJTd-5-15-5-30-Supply-Demand-Box/","devenbartlow2002","https://www.tradingview.com/u/devenbartlow2002/","2026-04-23T13:29:40.000Z","6","0","","",""
"TENDANCE 2H DAILY (SELL @ Haut / BUY @ Bas) LIMITLESS","https://www.tradingview.com/script/iAvIo2Lg/","blissfulAccoun8911","https://www.tradingview.com/u/blissfulAccoun8911/","2026-04-23T13:13:55.000Z","2","0","","",""
"TENDANCE 2H DAILY (SELL @ Haut / BUY @ Bas)","https://www.tradingview.com/script/upTzZsZm/","blissfulAccoun8911","https://www.tradingview.com/u/blissfulAccoun8911/","2026-04-23T13:11:06.000Z","0","0","","",""
"RSI Divergence Lines [XoRonX]","https://www.tradingview.com/script/0LcYb7ns-RSI-Divergence-Lines-XoRonX/","handi45","https://www.tradingview.com/u/handi45/","2026-04-23T13:06:28.000Z","14","0","","",""
"Premium/Discount Retracement Indicator","https://www.tradingview.com/script/ms4gILCB-Premium-Discount-Retracement-Indicator/","aby4n_h","https://www.tradingview.com/u/aby4n_h/","2026-04-23T22:30:28.000Z","20","0","","",""
"SNIPER VOLUME + NIVEAUX (10M)","https://www.tradingview.com/script/V5b2I2aS/","blissfulAccoun8911","https://www.tradingview.com/u/blissfulAccoun8911/","2026-04-23T13:02:00.000Z","13","0","","",""
"SpxSnipper EMA Grid State MTF","https://www.tradingview.com/script/cTJxJA6X-SpxSnipper-EMA-Grid-State-MTF/","tmathios","https://www.tradingview.com/u/tmathios/","2026-04-23T13:00:05.000Z","1","0","","",""
"Trend Quality Band [EXCAVO]","https://www.tradingview.com/script/3um7NRs8-Trend-Quality-Band-EXCAVO/","EXCAVO","https://www.tradingview.com/u/EXCAVO/","2026-04-23T12:56:27.000Z","376","0","","",""
"Quantum Momentum Wave [Pineify]","https://www.tradingview.com/script/1v2RN27G-Quantum-Momentum-Wave-Pineify/","Pineify","https://www.tradingview.com/u/Pineify/","2026-04-23T12:53:30.000Z","14","0","","",""
"EMA + MACD + RSI Confluence Strategy","https://www.tradingview.com/script/Ospkem6i/","txts0370","https://www.tradingview.com/u/txts0370/","2026-04-23T12:46:26.000Z","1","0","","",""
"Charles 4 HOUR LOOP","https://www.tradingview.com/script/qP5AVgOX-Charles-4-HOUR-LOOP/","zyx060321","https://www.tradingview.com/u/zyx060321/","2026-04-23T12:41:12.000Z","10","0","","",""
"maXXit SoC/TP [V1.0]","https://www.tradingview.com/script/AHse78bL-maXXit-SoC-TP-V1-0/","maxxit007","https://www.tradingview.com/u/maxxit007/","2026-04-25T19:18:33.000Z","2","0","","",""
"FT - Volume Indicator","https://www.tradingview.com/script/udxq2kWL/","FrancoTradingFT","https://www.tradingview.com/u/FrancoTradingFT/","2026-04-23T12:36:20.000Z","4","0","","",""
"OHLC","https://www.tradingview.com/script/7PTMUShy/","liallen1314520","https://www.tradingview.com/u/liallen1314520/","2026-04-23T12:11:06.000Z","21","0","","",""
"Equity-Debt Rebalance Signal v6","https://www.tradingview.com/script/iOFLPUH4-Equity-Debt-Rebalance-Signal-v6/","robertrajesh","https://www.tradingview.com/u/robertrajesh/","2026-04-23T12:02:47.000Z","24","0","","",""
"QWF Trailing Signals","https://www.tradingview.com/script/wxS09bmz/","nadelyss","https://www.tradingview.com/u/nadelyss/","2026-04-23T11:58:59.000Z","10","0","","",""
"RSI Divergence Lines","https://www.tradingview.com/script/2xkOoFdB-RSI-Divergence-Lines/","handi45","https://www.tradingview.com/u/handi45/","2026-04-23T11:33:09.000Z","28","0","","",""
"Smart Zones v5","https://www.tradingview.com/script/tWG2eMGZ-Smart-Zones-v5/","soltys_standa1","https://www.tradingview.com/u/soltys_standa1/","2026-04-25T14:37:14.000Z","14","0","","",""
"Volume 24h + Price + changeVolume (24H/1H)","https://www.tradingview.com/script/mv5cU4lE-volume-24h-price-changevolume-24h-1h/","AlexTraderPsycholog","https://www.tradingview.com/u/AlexTraderPsycholog/","2026-04-23T11:31:22.000Z","2","0","","",""
"TEST BOT GOLD SIMPLE","https://www.tradingview.com/script/wTrpBxuf/","blissfulAccoun8911","https://www.tradingview.com/u/blissfulAccoun8911/","2026-04-23T11:00:01.000Z","5","0","","",""
"Market Pressure SuperTrend","https://www.tradingview.com/script/0n6YiWxM-Market-Pressure-SuperTrend/","Uncle_the_shooter","https://www.tradingview.com/u/Uncle_the_shooter/","2026-04-23T10:19:19.000Z","364","0","","",""
"CNPS2-Bollinger Band","https://www.tradingview.com/script/8LQsjqYR-CNPS2-Bollinger-Band/","Khanhtq26","https://www.tradingview.com/u/Khanhtq26/","2026-04-23T08:15:27.000Z","4","0","","",""
"EMA/WMA Channels + SMA20 (Acid/Wine)","https://www.tradingview.com/script/RVH5vrG7-EMA-WMA-Channels-SMA20-Acid-Wine/","h4ck07","https://www.tradingview.com/u/h4ck07/","2026-04-23T10:07:30.000Z","3","0","","",""
"NY Midnight Candle Right","https://www.tradingview.com/script/2R2ga7l7-NY-Midnight-Candle-Right/","safianfzl","https://www.tradingview.com/u/safianfzl/","2026-04-23T10:07:03.000Z","9","0","","",""
"Liquidity Trap PRO System","https://www.tradingview.com/script/XYIpGalq-Liquidity-Trap-PRO-System/","alok6065_ak","https://www.tradingview.com/u/alok6065_ak/","2026-04-23T10:06:29.000Z","17","0","","",""
"NY Midnight Candle Right","https://www.tradingview.com/script/lNlFOeZC-NY-Midnight-Candle-Right/","safianfzl","https://www.tradingview.com/u/safianfzl/","2026-04-23T10:00:23.000Z","0","0","","",""
"Last 5m Candle Box (Multi-TF)","https://www.tradingview.com/script/lqwAS2mD-Last-5m-Candle-Box-Multi-TF/","robbiecollins001","https://www.tradingview.com/u/robbiecollins001/","2026-04-23T09:58:02.000Z","7","0","","",""
"BoaBias: MTF ALMA SuperTrend & Stats","https://www.tradingview.com/script/oeKAfDjS-BoaBias-MTF-ALMA-SuperTrend-Stats/","Goldfinch_song","https://www.tradingview.com/u/Goldfinch_song/","2026-04-23T09:53:19.000Z","438","2","","",""
"NY Midnight Candle Right (Safian)","https://www.tradingview.com/script/d3cDGGgF-NY-Midnight-Candle-Right-Safian/","safianfzl","https://www.tradingview.com/u/safianfzl/","2026-04-23T09:50:07.000Z","0","0","","",""
"Relative Strength vs Benchmark","https://www.tradingview.com/script/NfsuSaIS-Relative-Strength-vs-Benchmark/","Vazdooh","https://www.tradingview.com/u/Vazdooh/","2026-04-23T09:49:39.000Z","11","0","","",""
"Last 5m Candle Box with Alerts","https://www.tradingview.com/script/HThMylsS-Last-5m-Candle-Box-with-Alerts/","robbiecollins001","https://www.tradingview.com/u/robbiecollins001/","2026-04-23T09:48:10.000Z","1","0","","",""
"SEPA Tightness Monitor","https://www.tradingview.com/script/lvsW5y3q-SEPA-Tightness-Monitor/","vishnubhai71","https://www.tradingview.com/u/vishnubhai71/","2026-04-23T09:47:58.000Z","1","0","","",""
"RSI Divergence Indicator by Hamitcagdas","https://www.tradingview.com/script/suvZxT1Y/","hamitcagdas","https://www.tradingview.com/u/hamitcagdas/","2026-04-23T15:27:45.000Z","9","0","","",""
"SuperTrend Flip Zones [AGPro Series]","https://www.tradingview.com/script/lcljH4Ab-SuperTrend-Flip-Zones-AGPro-Series/","AGProLabs","https://www.tradingview.com/u/AGProLabs/","2026-04-23T09:42:55.000Z","35","0","","",""
"CC Pulse + Blend (9-13)","https://www.tradingview.com/script/kcyoq5vv-CC-Pulse-Blend-9-13/","ChipsnCheese","https://www.tradingview.com/u/ChipsnCheese/","2026-04-23T09:33:40.000Z","25","0","","",""
"Liquidity Trap PRO System","https://www.tradingview.com/script/eW3M9Cy0-Liquidity-Trap-PRO-System/","alok6065_ak","https://www.tradingview.com/u/alok6065_ak/","2026-04-23T09:28:42.000Z","3","0","","",""
"Bollinger Hunter Pro v5.7","https://www.tradingview.com/script/0uQvWNB2/","yurt42625","https://www.tradingview.com/u/yurt42625/","2026-04-23T09:28:41.000Z","555","9","","",""
"Yu Heng Session Liquidity Hunter","https://www.tradingview.com/script/yiLiFxzC-Yu-Heng-Session-Liquidity-Hunter/","yuhengtrader90","https://www.tradingview.com/u/yuhengtrader90/","2026-04-23T09:19:01.000Z","33","0","","",""
"Squeeze Momentum Indicator [AGPro Series]","https://www.tradingview.com/script/5hV7cFAS-Squeeze-Momentum-Indicator-AGPro-Series/","AGProLabs","https://www.tradingview.com/u/AGProLabs/","2026-04-23T09:04:56.000Z","272","0","","",""
"Institutional Tape Terminal","https://www.tradingview.com/script/AXoVbqhN-Institutional-Tape-Terminal/","ZenOutMan","https://www.tradingview.com/u/ZenOutMan/","2026-04-23T09:01:50.000Z","8","0","","",""
"Big C Entry & Levels","https://www.tradingview.com/script/eGZXlm5h-Big-C-Entry-Levels/","xfactor101","https://www.tradingview.com/u/xfactor101/","2026-04-24T18:11:44.000Z","6","0","","",""
"ICT Macro Time Windows","https://www.tradingview.com/script/PHwuOi3h-ICT-Macro-Time-Windows/","kevin_basner1","https://www.tradingview.com/u/kevin_basner1/","2026-04-23T08:26:12.000Z","1","0","","",""
"Trend Line (min 3 pivot)","https://www.tradingview.com/script/WZNz4CDP-trend-line-min-3-pivot/","AlexTraderPsycholog","https://www.tradingview.com/u/AlexTraderPsycholog/","2026-04-23T08:21:28.000Z","136","0","","",""
"Gold Pro Strategy: EMA Cross (TP 1000, SL 500)","https://www.tradingview.com/script/ZrdRGzl3/","boonyalrit93067","https://www.tradingview.com/u/boonyalrit93067/","2026-04-23T08:19:04.000Z","6","0","","",""
"CTZ BTC Inflow / Outflow Monitor","https://www.tradingview.com/script/tPGHHQPm-CTZ-BTC-Inflow-Outflow-Monitor/","CryptoTradingZone","https://www.tradingview.com/u/CryptoTradingZone/","2026-04-23T08:13:22.000Z","5","0","","",""
"Market Regime Detector [forexobroker]","https://www.tradingview.com/script/tL3FZynR-Market-Regime-Detector-forexobroker/","forexobroker","https://www.tradingview.com/u/forexobroker/","2026-04-23T05:27:45.000Z","9","0","","",""
"CTZ Intermarket Rotation Dashboard","https://www.tradingview.com/script/WIQYAaBV-CTZ-Intermarket-Rotation-Dashboard/","CryptoTradingZone","https://www.tradingview.com/u/CryptoTradingZone/","2026-04-23T08:10:27.000Z","7","0","","",""
"Futures Trading Sessions","https://www.tradingview.com/script/gTwz1zQz-Futures-Trading-Sessions/","Bryant2687","https://www.tradingview.com/u/Bryant2687/","2026-04-23T07:47:24.000Z","3","0","","",""
"AMD Absorption | Anonycryptous","https://www.tradingview.com/script/isU0Hflb-AMD-Absorption-Anonycryptous/","Anonycryptous","https://www.tradingview.com/u/Anonycryptous/","2026-04-23T07:45:44.000Z","61","0","","",""
"Smart Buy Sell PRO v3 GERARDMALI","https://www.tradingview.com/script/fc52OJKq-Smart-Buy-Sell-PRO-v3-GERARDMALI/","gdakouo","https://www.tradingview.com/u/gdakouo/","2026-04-23T07:35:55.000Z","13","0","","",""
"Last 5m Candle Box v2","https://www.tradingview.com/script/xugx4d3h-Last-5m-Candle-Box-v2/","robbiecollins001","https://www.tradingview.com/u/robbiecollins001/","2026-04-23T07:33:00.000Z","13","0","","",""
"Claude one","https://www.tradingview.com/script/zxTxzt8o-Claude-one/","devanipratik80","https://www.tradingview.com/u/devanipratik80/","2026-04-23T07:30:08.000Z","6","0","","",""
"Last 5m Candle Box","https://www.tradingview.com/script/9gC7282P-Last-5m-Candle-Box/","robbiecollins001","https://www.tradingview.com/u/robbiecollins001/","2026-04-23T07:27:48.000Z","6","0","","",""
"5m Candle Box","https://www.tradingview.com/script/kd8b3we0-5m-Candle-Box/","robbiecollins001","https://www.tradingview.com/u/robbiecollins001/","2026-04-23T07:18:16.000Z","3","0","","",""
"LinReg Channel (No Repaint + Alerts)","https://www.tradingview.com/script/5ebuspQU-linreg-channel-no-repaint-alerts/","AlekseyTroshkin","https://www.tradingview.com/u/AlekseyTroshkin/","2026-04-23T07:06:55.000Z","1","0","","",""
"Global Liquidity Index (Z-Score)","https://www.tradingview.com/script/f3XslEsI-Global-Liquidity-Index-Z-Score/","giorgosgttsivis","https://www.tradingview.com/u/giorgosgttsivis/","2026-04-23T07:06:02.000Z","10","0","","",""
"LSD Supply & Demand Zones","https://www.tradingview.com/script/RP7T3alI-LSD-Supply-Demand-Zones/","LegacyBB","https://www.tradingview.com/u/LegacyBB/","2026-04-25T05:31:26.000Z","21","0","","",""
"Smart Buy Sell  MultiConfluence  GerardMali","https://www.tradingview.com/script/9Lr7SaR7-Smart-Buy-Sell-MultiConfluence-GerardMali/","gdakouo","https://www.tradingview.com/u/gdakouo/","2026-04-23T07:10:58.000Z","12","0","","",""
"MTF  PRO OPTIMIZED(15m)","https://www.tradingview.com/script/eB0qqAsW-MTF-PRO-OPTIMIZED-15m/","yadav_surjeet379","https://www.tradingview.com/u/yadav_surjeet379/","2026-04-23T06:21:53.000Z","1","0","","",""
"MTF Sniper v4","https://www.tradingview.com/script/VKEP6TQF-MTF-Sniper-v4/","upadhyaymanisha13","https://www.tradingview.com/u/upadhyaymanisha13/","2026-04-23T11:38:43.000Z","23","0","","",""
"OLC Pink Line","https://www.tradingview.com/script/f6D7TPCQ-OLC-Pink-Line/","LazyIndian","https://www.tradingview.com/u/LazyIndian/","2026-04-23T06:02:52.000Z","4","0","","",""
"Gann Time Cycles Pro: Confluence","https://www.tradingview.com/script/wvB4k17z-Gann-Time-Cycles-Pro-Confluence/","moodyankit","https://www.tradingview.com/u/moodyankit/","2026-04-23T05:59:58.000Z","27","0","","",""
"rango","https://www.tradingview.com/script/7ueU03Rr/","erxp1524","https://www.tradingview.com/u/erxp1524/","2026-04-23T05:53:00.000Z","4","0","","",""
"ATR Strength Marker","https://www.tradingview.com/script/jZ9LLqoD/","a55503","https://www.tradingview.com/u/a55503/","2026-04-23T05:49:57.000Z","3","0","","",""
"Days of the Week Futures","https://www.tradingview.com/script/xiOAEzBS-Days-of-the-Week-Futures/","imaadmerchant","https://www.tradingview.com/u/imaadmerchant/","2026-04-23T05:43:12.000Z","1","0","","",""
"Brooks Price Action  H-L Counts and Bar Types","https://www.tradingview.com/script/g0vTIdy2-Brooks-Price-Action-H-L-Counts-and-Bar-Types/","pacifiedGnu4010","https://www.tradingview.com/u/pacifiedGnu4010/","2026-04-23T05:38:36.000Z","4","0","","",""
"EME MNQ Strategy Optimizer v2.4","https://www.tradingview.com/script/yZTFfFFO-EME-MNQ-Strategy-Optimizer-v2-4/","therobertrees","https://www.tradingview.com/u/therobertrees/","2026-04-23T05:37:06.000Z","2","0","","",""
"Momentum Divergence Engine [forexobroker]","https://www.tradingview.com/script/3DmBmP3a-Momentum-Divergence-Engine-forexobroker/","forexobroker","https://www.tradingview.com/u/forexobroker/","2026-04-23T05:31:39.000Z","7","0","","",""
"EME MNQ Strategy Optimizer v2.4","https://www.tradingview.com/script/yZTFfFFO-EME-MNQ-Strategy-Optimizer-v2-4/","therobertrees","https://www.tradingview.com/u/therobertrees/","2026-04-23T05:37:06.000Z","2","0","","",""
"Vector Sniper Pro","https://www.tradingview.com/script/pWNFuBOn-Vector-Sniper-Pro/","RickyTSpanish","https://www.tradingview.com/u/RickyTSpanish/","2026-04-23T02:13:59.000Z","7","0","","",""
"Momentum Divergence Engine [forexobroker]","https://www.tradingview.com/script/3DmBmP3a-Momentum-Divergence-Engine-forexobroker/","forexobroker","https://www.tradingview.com/u/forexobroker/","2026-04-23T05:31:39.000Z","7","0","","",""
"Market Memory Levels [forexobroker]","https://www.tradingview.com/script/B7jHcmun-Market-Memory-Levels-forexobroker/","forexobroker","https://www.tradingview.com/u/forexobroker/","2026-04-23T05:25:41.000Z","2","0","","",""
"Structure Retest Sniper v1","https://www.tradingview.com/script/AZSv2u2u-Structure-Retest-Sniper-v1/","JamesK318","https://www.tradingview.com/u/JamesK318/","2026-04-23T05:13:33.000Z","14","0","","",""
"EMA Rejection Counter","https://www.tradingview.com/script/6bVdmuEc-EMA-Rejection-Counter/","alicanbayar","https://www.tradingview.com/u/alicanbayar/","2026-04-23T04:55:14.000Z","1","0","","",""
"Daily ATR Box","https://www.tradingview.com/script/072od1ps-Daily-ATR-Box/","Vanhamersly","https://www.tradingview.com/u/Vanhamersly/","2026-04-23T04:48:45.000Z","2","0","","",""
"BTC Sniper Signals (High Accuracy, No Repaint)","https://www.tradingview.com/script/eQ10Me0K-BTC-Sniper-Signals-High-Accuracy-No-Repaint/","bretthenderson883","https://www.tradingview.com/u/bretthenderson883/","2026-04-23T04:47:23.000Z","31","0","","",""
"VWAP Auto Anchored Trend","https://www.tradingview.com/script/9YWtTaj9-VWAP-Auto-Anchored-Trend/","Midgar-","https://www.tradingview.com/u/Midgar-/","2026-04-23T04:30:35.000Z","6","0","","",""
"ATR/DTR[jackieee]","https://www.tradingview.com/script/vltVVA20-ATR-DTR-jackieee/","jackieeeeeeeee","https://www.tradingview.com/u/jackieeeeeeeee/","2026-04-23T04:30:21.000Z","18","0","","",""
"Universal Futures Real Data Auto-Scale","https://www.tradingview.com/script/jdNskc8c/","raydelcl","https://www.tradingview.com/u/raydelcl/","2026-04-23T07:40:47.000Z","4","0","","",""
"Super Chachin Pro","https://www.tradingview.com/script/kpz66AWk-Super-Chachin-Pro/","armandodiegomzmz","https://www.tradingview.com/u/armandodiegomzmz/","2026-04-23T04:12:34.000Z","13","0","","",""
"Solar Eclipse, Lunar Eclipse (down to 1 minute)","https://www.tradingview.com/script/0xQYkWnv-Solar-Eclipse-Lunar-Eclipse-down-to-1-minute/","Gann_Explained","https://www.tradingview.com/u/Gann_Explained/","2026-04-23T03:59:50.000Z","7","0","","",""
"Btcusdt Dual-Engine Trend Strategy","https://www.tradingview.com/script/XTAGdX8Z/","a0101054","https://www.tradingview.com/u/a0101054/","2026-04-23T03:29:31.000Z","1","0","","",""
"Moving Averages and Bollinger Bands","https://www.tradingview.com/script/lwDFlLI7-Moving-Averages-and-Bollinger-Bands/","StrikerZones","https://www.tradingview.com/u/StrikerZones/","2026-04-23T03:23:11.000Z","1","0","","",""
"Bar information","https://www.tradingview.com/script/8xtlGDEX/","mingzhong0007","https://www.tradingview.com/u/mingzhong0007/","2026-04-23T03:21:04.000Z","1","0","","",""
"Confluence Engine Strategy [JOAT]","https://www.tradingview.com/script/4W7XgwiP-Confluence-Engine-Strategy-JOAT/","officialjackofalltrades","https://www.tradingview.com/u/officialjackofalltrades/","2026-04-23T03:15:29.000Z","13","0","","",""
"6F Signals + EMA Filter + Label","https://www.tradingview.com/script/6SixqO03-6F-Signals-EMA-Filter-Label/","Ravi_021","https://www.tradingview.com/u/Ravi_021/","2026-04-23T03:03:34.000Z","32","0","","",""
"K-Means Regime Detector","https://www.tradingview.com/script/PCUBiICi-K-Means-Regime-Detector/","ShigemiQuant","https://www.tradingview.com/u/ShigemiQuant/","2026-04-23T03:01:18.000Z","2","0","","",""
"Inside / Outside Bar Levels v9","https://www.tradingview.com/script/SryXxltW-Inside-Outside-Bar-Levels-v9/","md45368","https://www.tradingview.com/u/md45368/","2026-04-23T03:00:24.000Z","2","0","","",""
"MTF EMA Breakout PRO OPTIMIZED (1H Entry)","https://www.tradingview.com/script/1Sk84toy-MTF-EMA-Breakout-PRO-OPTIMIZED-1H-Entry/","yadav_surjeet379","https://www.tradingview.com/u/yadav_surjeet379/","2026-04-23T02:49:56.000Z","2","0","","",""
"Daily Levels","https://www.tradingview.com/script/TYoemnyH-Daily-Levels/","justinsmokes","https://www.tradingview.com/u/justinsmokes/","2026-04-23T05:02:54.000Z","4","0","","",""
"Regression Flux Candles [JOAT]","https://www.tradingview.com/script/GGcRxnSo-Regression-Flux-Candles-JOAT/","officialjackofalltrades","https://www.tradingview.com/u/officialjackofalltrades/","2026-04-23T02:31:30.000Z","166","0","","",""
"Liquidation Tracker Pro v7 - Ultimate Portfolio & Risk Dashboard","https://www.tradingview.com/script/Bv9ELHPA-Liquidation-Tracker-Pro-v7-Ultimate-Portfolio-Risk-Dashboard/","Reggie_W","https://www.tradingview.com/u/Reggie_W/","2026-04-23T00:08:17.000Z","9","0","","",""
"Adaptive Fibonacci Compass [JOAT]","https://www.tradingview.com/script/vwHvFJGG-Adaptive-Fibonacci-Compass-JOAT/","officialjackofalltrades","https://www.tradingview.com/u/officialjackofalltrades/","2026-04-22T22:17:47.000Z","531","0","","",""
"1H 21 EMA Multi-Timeframe","https://www.tradingview.com/script/1gujVavy-1H-21-EMA-Multi-Timeframe/","NewbTrader4878","https://www.tradingview.com/u/NewbTrader4878/","2026-04-22T15:17:50.000Z","6","0","","",""
"Advanced Consolidation & Manipulation Detector","https://www.tradingview.com/script/D1rgQFaG-Advanced-Consolidation-Manipulation-Detector/","NotLazyBear","https://www.tradingview.com/u/NotLazyBear/","2026-04-24T11:03:59.000Z","343","1","","",""
"CVR Earnings Window Filter","https://www.tradingview.com/script/xcqIrdkW-CVR-Earnings-Window-Filter/","cristian_vrinceanu","https://www.tradingview.com/u/cristian_vrinceanu/","2026-04-23T12:34:12.000Z","0","0","","",""
"Temporal Candle Grid [JOAT]","https://www.tradingview.com/script/gkPVFo8k-Temporal-Candle-Grid-JOAT/","officialjackofalltrades","https://www.tradingview.com/u/officialjackofalltrades/","2026-04-22T20:48:13.000Z","32","0","","",""
"Absorption Arrows v2","https://www.tradingview.com/script/k15zh7Dl-Absorption-Arrows-v2/","WaveWalker1","https://www.tradingview.com/u/WaveWalker1/","2026-04-22T21:00:36.000Z","19","0","","",""
"Minicharts Pro+ [Herman]","https://www.tradingview.com/script/IN1XzgJw-Minicharts-Pro-Herman/","helmans13","https://www.tradingview.com/u/helmans13/","2026-04-22T20:23:10.000Z","1200","10","","",""
"Futures Gamma Levels","https://www.tradingview.com/script/6DRDbpqD-Futures-Gamma-Levels/","cato_kjoita","https://www.tradingview.com/u/cato_kjoita/","2026-04-22T19:52:42.000Z","12","0","","",""
"Session Volume Profile by AUMBaumgartner","https://www.tradingview.com/script/niaUzHtv/","AUMBaumgartner","https://www.tradingview.com/u/AUMBaumgartner/","2026-04-22T18:48:57.000Z","49","0","","",""
"Market Condition Gauge","https://www.tradingview.com/script/OKTq6It4-Market-Condition-Gauge/","OakleyJM","https://www.tradingview.com/u/OakleyJM/","2026-04-22T18:17:23.000Z","25","0","","",""
"#nuncafuetanfacil","https://www.tradingview.com/script/hauApK3B/","jesusantonioguzmanpena","https://www.tradingview.com/u/jesusantonioguzmanpena/","2026-04-22T18:13:13.000Z","8","0","","",""
"Pichardo Ageda Pro","https://www.tradingview.com/script/NMhkfxLs-Pichardo-Ageda-Pro/","Aviatorpreneur","https://www.tradingview.com/u/Aviatorpreneur/","2026-04-22T18:11:21.000Z","1","0","","",""
"Trend Ray Lines - By Josh","https://www.tradingview.com/script/BQEOvU8C-Trend-Ray-Lines-By-Josh/","JoshuaFredric","https://www.tradingview.com/u/JoshuaFredric/","2026-04-22T18:04:13.000Z","75","1","","",""
"MotiveWave Levels","https://www.tradingview.com/script/HuJzvgpv-MotiveWave-Levels/","N3XUS64","https://www.tradingview.com/u/N3XUS64/","2026-04-22T17:55:01.000Z","9","0","","",""
"Airbus Rejection Block","https://www.tradingview.com/script/5Mrd8Mmt-Airbus-Rejection-Block/","Xiznit","https://www.tradingview.com/u/Xiznit/","2026-04-22T17:33:25.000Z","29","0","","",""
"Asia Range / DR / Killzone","https://www.tradingview.com/script/OX2CLUqi-Asia-Range-DR-Killzone/","M4rshall_fx_","https://www.tradingview.com/u/M4rshall_fx_/","2026-04-23T15:04:04.000Z","1","0","","",""
"si_reversal_trap_live_summary","https://www.tradingview.com/script/4whjqB7T-si-reversal-trap-live-summary/","rovurfmovviy","https://www.tradingview.com/u/rovurfmovviy/","2026-04-22T17:00:15.000Z","0","0","","",""
"Reliable SuperTrend + VWAP + BOS + MTF | Intraday Pro Indicator","https://www.tradingview.com/script/ZvI98mWW-Reliable-SuperTrend-VWAP-BOS-MTF-Intraday-Pro-Indicator/","sanjeevreddych_27","https://www.tradingview.com/u/sanjeevreddych_27/","2026-04-22T16:57:58.000Z","21","1","","",""
"MTF Candle Structure","https://www.tradingview.com/script/tSpdQOnw-MTF-Candle-Structure/","vvaksh","https://www.tradingview.com/u/vvaksh/","2026-04-22T16:33:02.000Z","10","0","","",""
"si_continuation_live_summary_v5","https://www.tradingview.com/script/ePNFZuuZ-si-continuation-live-summary-v5/","rovurfmovviy","https://www.tradingview.com/u/rovurfmovviy/","2026-04-22T23:36:30.000Z","0","0","","",""
"Pivot_Labels_Output_Utilities","https://www.tradingview.com/script/lfyMaJ5h-Pivot-Labels-Output-Utilities/","MYNAMEISBRANDON","https://www.tradingview.com/u/MYNAMEISBRANDON/","2026-04-22T15:33:00.000Z","3","0","","",""
"Daily Trade Plan Generator [AGPro Series]","https://www.tradingview.com/script/gD4fbEGn-Daily-Trade-Plan-Generator-AGPro-Series/","AGProLabs","https://www.tradingview.com/u/AGProLabs/","2026-04-22T15:30:26.000Z","279","2","","",""
"Vol Density (Simple)","https://www.tradingview.com/script/H9Szju1R-Vol-Density-Simple/","munger_gcr","https://www.tradingview.com/u/munger_gcr/","2026-04-22T15:28:40.000Z","3","0","","",""
"SL TP Box 1:2 RR","https://www.tradingview.com/script/YaKwDiKS-SL-TP-Box-1-2-RR/","surender8915","https://www.tradingview.com/u/surender8915/","2026-04-22T15:16:03.000Z","12","0","","",""
"First Presented FVG After 6:30 + 50%","https://www.tradingview.com/script/QnNnfxeS-First-Presented-FVG-After-6-30-50/","devenbartlow2002","https://www.tradingview.com/u/devenbartlow2002/","2026-04-22T15:01:30.000Z","10","0","","",""
"3D EMA","https://www.tradingview.com/script/y5ycp2ed/","Arco_mercury","https://www.tradingview.com/u/Arco_mercury/","2026-04-22T11:25:28.000Z","3","0","","",""
"KD System","https://www.tradingview.com/script/Qh61ElBM/","Karol609","https://www.tradingview.com/u/Karol609/","2026-04-22T14:45:57.000Z","432","0","","",""
"ICT Smart Money Footprint [AGPro Series]","https://www.tradingview.com/script/27ZW7UhT-ICT-Smart-Money-Footprint-AGPro-Series/","AGProLabs","https://www.tradingview.com/u/AGProLabs/","2026-04-23T10:23:31.000Z","47","0","","",""
"8AM ORB Master Strategy","https://www.tradingview.com/script/HOiXNOCL-8AM-ORB-Master-Strategy/","nick2gd","https://www.tradingview.com/u/nick2gd/","2026-04-23T12:30:09.000Z","27","0","","",""
"Fibonacci Pivot Levels (KenshinC)","https://www.tradingview.com/script/OzSykb4B-Fibonacci-Pivot-Levels-KenshinC/","KenshinC","https://www.tradingview.com/u/KenshinC/","2026-04-22T14:15:21.000Z","312","0","","",""
"Midday Petroleum Boom","https://www.tradingview.com/script/VElZAlmS-Midday-Petroleum-Boom/","samisaleh22","https://www.tradingview.com/u/samisaleh22/","2026-04-22T14:10:13.000Z","47","1","","",""
"Camel Reversal Model","https://www.tradingview.com/script/v7sFoFWi-Camel-Reversal-Model/","nigelwoon","https://www.tradingview.com/u/nigelwoon/","2026-04-22T13:56:50.000Z","16","0","","",""
"Luminous Mean Reversion Channels [Pineify]","https://www.tradingview.com/script/37ufcFK9-Luminous-Mean-Reversion-Channels-Pineify/","Pineify","https://www.tradingview.com/u/Pineify/","2026-04-22T13:49:30.000Z","481","0","","",""
"High Frequency Binary Scalper [1m]","https://www.tradingview.com/script/BLMSAMoB-High-Frequency-Binary-Scalper-1m/","knowledgejoe","https://www.tradingview.com/u/knowledgejoe/","2026-04-22T13:42:04.000Z","40","1","","",""
"The Wickolous","https://www.tradingview.com/script/KycuyifT-The-Wickolous/","lukebg3","https://www.tradingview.com/u/lukebg3/","2026-04-22T13:41:24.000Z","12","0","","",""
"R:R Position Planner","https://www.tradingview.com/script/m0IT1yEj-R-R-Position-Planner/","jhowes13","https://www.tradingview.com/u/jhowes13/","2026-04-22T18:39:26.000Z","12","0","","",""
"GARCH Volumetric Cloud [MarkitTick]","https://www.tradingview.com/script/OhkLGBLz-GARCH-Volumetric-Cloud-MarkitTick/","MarkitTick","https://www.tradingview.com/u/MarkitTick/","2026-04-22T13:30:21.000Z","29","0","","",""
"Omni-MTF & Momentum Matrix","https://www.tradingview.com/script/6PEgjnz8/","sselmantr","https://www.tradingview.com/u/sselmantr/","2026-04-23T08:12:43.000Z","4","0","","",""
"MPGP Dashboard ALL Frame (Date and Time) V.3.1","https://www.tradingview.com/script/Qf5dJ9VU-MPGP-Dashboard-ALL-Frame-Date-and-Time-V-3-1/","jarayg","https://www.tradingview.com/u/jarayg/","2026-04-22T12:36:15.000Z","11","0","","",""
"Zach&EMA20|220&Stripe","https://www.tradingview.com/script/QEDp8bFK/","zachzz","https://www.tradingview.com/u/zachzz/","2026-04-22T12:32:34.000Z","4","0","","",""
"FedWatch Companion - ZQ Fed Funds Futures Curve","https://www.tradingview.com/script/xk2VER51-FedWatch-Companion-ZQ-Fed-Funds-Futures-Curve/","RonyGoldmann","https://www.tradingview.com/u/RonyGoldmann/","2026-04-22T20:16:46.000Z","3","0","","",""
"MTF Price Line SNIPER AUTO","https://www.tradingview.com/script/yzRhMgJr/","Sachse-1980","https://www.tradingview.com/u/Sachse-1980/","2026-04-22T12:25:46.000Z","3","0","","",""
"Auto Trendline Break Quality [AGPro Series]","https://www.tradingview.com/script/gFNh5Apx-Auto-Trendline-Break-Quality-AGPro-Series/","AGProLabs","https://www.tradingview.com/u/AGProLabs/","2026-04-22T11:59:50.000Z","295","0","","",""
"GOD MODE | Anchi Reesha","https://www.tradingview.com/script/S9iBAAlc-GOD-MODE-Anchi-Reesha/","Reeshat","https://www.tradingview.com/u/Reeshat/","2026-04-22T11:49:10.000Z","17","0","","",""
"ApexSignalPro SMC [ForexCracked] [Confluence-Scored BOS/OB/FVG]","https://www.tradingview.com/script/VuEAfhpo-ApexSignalPro-SMC-ForexCracked-Confluence-Scored-BOS-OB-FVG/","ForexCracked","https://www.tradingview.com/u/ForexCracked/","2026-04-22T11:47:28.000Z","198","1","","",""
"Anchi Reesha AR Trading","https://www.tradingview.com/script/e9JrTqF0-Anchi-Reesha-AR-Trading/","Reeshat","https://www.tradingview.com/u/Reeshat/","2026-04-22T11:43:25.000Z","2","0","","",""
"ARCO 3D EMA","https://www.tradingview.com/script/6y8ZLnNi/","Arco_mercury","https://www.tradingview.com/u/Arco_mercury/","2026-04-22T11:29:47.000Z","5","0","","",""
"Liquidity Grab Detector [AGPro Series]","https://www.tradingview.com/script/PEEMkx2o-Liquidity-Grab-Detector-AGPro-Series/","AGProLabs","https://www.tradingview.com/u/AGProLabs/","2026-04-22T11:19:13.000Z","47","0","","",""
"Buy/Sell Volume Pressure","https://www.tradingview.com/script/nNzxy4yG-Buy-Sell-Volume-Pressure/","Tonsil","https://www.tradingview.com/u/Tonsil/","2026-04-22T11:15:52.000Z","6","0","","",""
"SMC: Sweep + BOS + Retest (PRO)","https://www.tradingview.com/script/kGdMD7dV/","fatihkaraosman35","https://www.tradingview.com/u/fatihkaraosman35/","2026-04-22T07:16:44.000Z","4","0","","",""
"Market Structure Trend Matrix [BigBeluga]","https://www.tradingview.com/script/EdtttXPC-Market-Structure-Trend-Matrix-BigBeluga/","BigBeluga","https://www.tradingview.com/u/BigBeluga/","2026-04-22T11:19:54.000Z","1302","7","","",""
"20-Day High Failure Short","https://www.tradingview.com/script/L1cEpBqG-20-Day-High-Failure-Short/","TradePrinceRamik","https://www.tradingview.com/u/TradePrinceRamik/","2026-04-22T10:42:23.000Z","4","0","","",""
"Asian Range Liquidity Map [AGPro Series]","https://www.tradingview.com/script/CfPvjpr9-Asian-Range-Liquidity-Map-AGPro-Series/","AGProLabs","https://www.tradingview.com/u/AGProLabs/","2026-04-22T10:22:56.000Z","12","0","","",""
"Prism Strategy","https://www.tradingview.com/script/LB3VE9t8/","Okeefe06","https://www.tradingview.com/u/Okeefe06/","2026-04-22T22:59:21.000Z","154","2","","",""
"SouthStone FVG Swing Levels","https://www.tradingview.com/script/NZDzEsnJ-SouthStone-FVG-Swing-Levels/","SouthStone_Digital","https://www.tradingview.com/u/SouthStone_Digital/","2026-04-22T09:41:03.000Z","10","0","","",""
"Buy/Sell Pressure Meter [AGPro Series]","https://www.tradingview.com/script/ykdiIuhe-Buy-Sell-Pressure-Meter-AGPro-Series/","AGProLabs","https://www.tradingview.com/u/AGProLabs/","2026-04-22T09:38:03.000Z","41","2","","",""
"2K Range Filter","https://www.tradingview.com/script/hRLC94sf-2K-Range-Filter/","krahlma","https://www.tradingview.com/u/krahlma/","2026-04-22T09:32:56.000Z","6","0","","",""
"Parabolic Move Detector [AGPro Series]","https://www.tradingview.com/script/GZj0H0Qe-Parabolic-Move-Detector-AGPro-Series/","AGProLabs","https://www.tradingview.com/u/AGProLabs/","2026-04-22T09:17:57.000Z","23","0","","",""
"August sweep","https://www.tradingview.com/script/sF76QGk5/","avmasa","https://www.tradingview.com/u/avmasa/","2026-04-22T09:13:41.000Z","15","0","","",""
"EMA + Stochastic Strategy with SL/TP","https://www.tradingview.com/script/zzUJff9J-EMA-Stochastic-Strategy-with-SL-TP/","sruthinodatt1991","https://www.tradingview.com/u/sruthinodatt1991/","2026-04-22T08:55:08.000Z","0","0","","",""
"MA","https://www.tradingview.com/script/SxmpsZd9-MA/","KT_Investing","https://www.tradingview.com/u/KT_Investing/","2026-04-22T08:38:46.000Z","1","0","","",""
"PCR Market Regime Indicator","https://www.tradingview.com/script/VjUtSzUZ-PCR-Market-Regime-Indicator/","Aleksin_Aleksandar","https://www.tradingview.com/u/Aleksin_Aleksandar/","2026-04-24T08:20:10.000Z","27","0","","",""
"JEET PROP SYSTEM FINAL (ALL FIXED)","https://www.tradingview.com/script/AUcT0O63-JEET-PROP-SYSTEM-FINAL-ALL-FIXED/","jeetunse","https://www.tradingview.com/u/jeetunse/","2026-04-22T08:50:39.000Z","55","2","","",""
"Institutional Candle Detector [AGPro Series]","https://www.tradingview.com/script/FalPxUiY-Institutional-Candle-Detector-AGPro-Series/","AGProLabs","https://www.tradingview.com/u/AGProLabs/","2026-04-22T07:55:43.000Z","347","0","","",""
"AlgoPath Pro [AY]","https://www.tradingview.com/script/QA44VkKh/","MATISAY","https://www.tradingview.com/u/MATISAY/","2026-04-22T07:50:55.000Z","566","1","","",""
"Reversal SMC/ICT Edition","https://www.tradingview.com/script/4b1KWety-Reversal-SMC-ICT-Edition/","Jeswin7709","https://www.tradingview.com/u/Jeswin7709/","2026-04-22T07:47:16.000Z","23","0","","",""
"Relative Strength Index BB Signals","https://www.tradingview.com/script/uqsR6mFn-Relative-Strength-Index-BB-Signals/","Alichemus_","https://www.tradingview.com/u/Alichemus_/","2026-04-22T07:40:04.000Z","4","0","","",""
"DAX Flow [AM]","https://www.tradingview.com/script/QcaGoqJD-DAX-Flow-AM/","Frankie65","https://www.tradingview.com/u/Frankie65/","2026-04-22T07:35:15.000Z","5","0","","",""
"Market Structure Break BOS Classifier","https://www.tradingview.com/script/HZaETXqr-Market-Structure-Break-BOS-Classifier/","Jeswin7709","https://www.tradingview.com/u/Jeswin7709/","2026-04-22T07:29:34.000Z","16","0","","",""
"Intraday Levels Auto","https://www.tradingview.com/script/N0Bio0yI-Intraday-Levels-Auto/","justinsmokes","https://www.tradingview.com/u/justinsmokes/","2026-04-22T07:18:45.000Z","2","0","","",""
"ORB testing - Jivin","https://www.tradingview.com/script/OxVj2Pxx-ORB-testing-Jivin/","cyintize","https://www.tradingview.com/u/cyintize/","2026-04-22T06:38:07.000Z","13","0","","",""
"Round Number Magnet Map [AGPro Series]","https://www.tradingview.com/script/fPuNv4g1-Round-Number-Magnet-Map-AGPro-Series/","AGProLabs","https://www.tradingview.com/u/AGProLabs/","2026-04-22T06:35:34.000Z","31","0","","",""
"Engulfing Candles with Filters","https://www.tradingview.com/script/m0oLlYQ1-Engulfing-Candles-with-Filters/","Wenwendaddy","https://www.tradingview.com/u/Wenwendaddy/","2026-04-22T06:59:46.000Z","4","0","","",""
"Sniper Scalping Bot 15M (NQ/ES/Gold)","https://www.tradingview.com/script/isp5rkkS-Sniper-Scalping-Bot-15M-NQ-ES-Gold/","boogsmackin","https://www.tradingview.com/u/boogsmackin/","2026-04-22T02:27:22.000Z","16","0","","",""
"si_squeeze_live_summary","https://www.tradingview.com/script/kw5Iv7aV-si-squeeze-live-summary/","rovurfmovviy","https://www.tradingview.com/u/rovurfmovviy/","2026-04-22T06:06:27.000Z","0","0","","",""
"Danil - BTC Risk Metric","https://www.tradingview.com/script/0o9QiI2H-Danil-BTC-Risk-Metric/","danilen1","https://www.tradingview.com/u/danilen1/","2026-04-22T05:54:28.000Z","2","0","","",""
"Multi-Symbol Momentum Screener","https://www.tradingview.com/script/ewELfUj0-Multi-Symbol-Momentum-Screener/","ShigemiQuant","https://www.tradingview.com/u/ShigemiQuant/","2026-04-22T05:51:14.000Z","9","0","","",""
"HOLDCHILL","https://www.tradingview.com/script/G0Brb8wl/","NuevaRumasa","https://www.tradingview.com/u/NuevaRumasa/","2026-04-22T05:46:03.000Z","118","2","","",""
"MPGP Dashboard ALL Frame (V3 Final Fixed)","https://www.tradingview.com/script/fWPYX70y-MPGP-Dashboard-ALL-Frame-V3-Final-Fixed/","jarayg","https://www.tradingview.com/u/jarayg/","2026-04-22T10:04:54.000Z","5","0","","",""
"Liquidity Void Mapper [forexobroker]","https://www.tradingview.com/script/mLjuOHhC-Liquidity-Void-Mapper-forexobroker/","forexobroker","https://www.tradingview.com/u/forexobroker/","2026-04-22T05:28:46.000Z","23","0","","",""
"Harmonic Ratio Scanner [forexobroker]","https://www.tradingview.com/script/e9urGRku-Harmonic-Ratio-Scanner-forexobroker/","forexobroker","https://www.tradingview.com/u/forexobroker/","2026-04-22T05:22:46.000Z","7","0","","",""
"High/Low Daily,Weekly, monthly. NY-Asia-Ldn","https://www.tradingview.com/script/6nGDHdg5/","sugogou","https://www.tradingview.com/u/sugogou/","2026-04-22T05:21:27.000Z","6","0","","",""
"Bollinger Candles","https://www.tradingview.com/script/EvqqVnJi/","cyberfalcon","https://www.tradingview.com/u/cyberfalcon/","2026-04-22T07:06:49.000Z","19","0","","",""
"Gap Hunter Pro [forexobroker]","https://www.tradingview.com/script/KcolabFG-Gap-Hunter-Pro-forexobroker/","forexobroker","https://www.tradingview.com/u/forexobroker/","2026-04-22T05:06:59.000Z","13","0","","",""
"Key Levels Pro [AGPro Series]","https://www.tradingview.com/script/Yuzjn6EW-Key-Levels-Pro-AGPro-Series/","AGProLabs","https://www.tradingview.com/u/AGProLabs/","2026-04-22T04:20:53.000Z","204","0","","",""
"ATR Percentage[jackieee]","https://www.tradingview.com/script/3lQor5X8-ATR-Percentage-jackieee/","jackieeeeeeeee","https://www.tradingview.com/u/jackieeeeeeeee/","2026-04-22T03:57:08.000Z","5","0","","",""
"4-Dot Dashboard - Labeled Style","https://www.tradingview.com/script/jYx8201x-4-Dot-Dashboard-Labeled-Style/","Trading_Andrea","https://www.tradingview.com/u/Trading_Andrea/","2026-04-22T04:08:00.000Z","2","0","","",""
"Supertrend + EMA Rejection Strategy","https://www.tradingview.com/script/7SbOqmpn-Supertrend-EMA-Rejection-Strategy/","Smart_traderGroup","https://www.tradingview.com/u/Smart_traderGroup/","2026-04-22T03:29:21.000Z","91","1","","",""
"SMC OB","https://www.tradingview.com/script/LirgZOhj/","a51055105","https://www.tradingview.com/u/a51055105/","2026-04-22T03:28:19.000Z","9","0","","",""
"Stan Weinstein's Stag Analysis","https://www.tradingview.com/script/jSeMUbq8-Stan-Weinstein-s-Stag-Analysis/","moodyankit","https://www.tradingview.com/u/moodyankit/","2026-04-22T03:07:37.000Z","45","0","","",""
"MNQ Overnight Volume + VWAP Cross Time Study (19:00-05:00 CT)","https://www.tradingview.com/script/XD44tIgN-MNQ-Overnight-Volume-VWAP-Cross-Time-Study-19-00-05-00-CT/","thunder6all","https://www.tradingview.com/u/thunder6all/","2026-04-22T03:06:15.000Z","0","0","","",""
"Xer0's Dual Engine Ladder Allocator","https://www.tradingview.com/script/QWqsxYRy-Xer0-s-Dual-Engine-Ladder-Allocator/","Xer0","https://www.tradingview.com/u/Xer0/","2026-04-22T02:51:27.000Z","2","0","","",""
"HTF Candle Profile & Dealing Range","https://www.tradingview.com/script/obFj0Aij-HTF-Candle-Profile-Dealing-Range/","nevelstrades","https://www.tradingview.com/u/nevelstrades/","2026-04-22T04:28:36.000Z","25","0","","",""
"Shawn's Indicator","https://www.tradingview.com/script/RZYlfGC2-Shawn-s-Indicator/","alexmateo1991","https://www.tradingview.com/u/alexmateo1991/","2026-04-22T02:43:32.000Z","4","0","","",""
"HTF Candle Profile & Dealing Range","https://www.tradingview.com/script/obFj0Aij-HTF-Candle-Profile-Dealing-Range/","nevelstrades","https://www.tradingview.com/u/nevelstrades/","2026-04-22T04:28:36.000Z","25","0","","",""
"Shawn's Indicator","https://www.tradingview.com/script/RZYlfGC2-Shawn-s-Indicator/","alexmateo1991","https://www.tradingview.com/u/alexmateo1991/","2026-04-22T02:43:32.000Z","4","0","","",""
"BollMA","https://www.tradingview.com/script/v1ADhmuy-BollMA/","WhiteRice00","https://www.tradingview.com/u/WhiteRice00/","2026-04-22T02:23:34.000Z","1","0","","",""
"MNQ VWAP Time Window Backtest","https://www.tradingview.com/script/bLA2mCZE-MNQ-VWAP-Time-Window-Backtest/","thunder6all","https://www.tradingview.com/u/thunder6all/","2026-04-22T00:37:10.000Z","2","0","","",""
"Sniper Bot PRO","https://www.tradingview.com/script/ZXuUjuMM-Sniper-Bot-PRO/","boogsmackin","https://www.tradingview.com/u/boogsmackin/","2026-04-22T02:21:23.000Z","22","0","","",""
"VWAP Retest Trend Indicator - MES Version","https://www.tradingview.com/script/XnIYJOCh-VWAP-Retest-Trend-Indicator-MES-Version/","sgordon006","https://www.tradingview.com/u/sgordon006/","2026-04-22T02:13:25.000Z","9","0","","",""
"BB + RSI | 1:2 Rentable en 4 horas","https://www.tradingview.com/script/hSG5Az26-BB-RSI-1-2-Rentable-en-4-horas/","Quickscope_trader","https://www.tradingview.com/u/Quickscope_trader/","2026-04-22T02:13:06.000Z","17","0","","",""
"BB + RSI | 1:2 Rentable en 4 horas","https://www.tradingview.com/script/3e6VE1ZG-BB-RSI-1-2-Rentable-en-4-horas/","Quickscope_trader","https://www.tradingview.com/u/Quickscope_trader/","2026-04-22T02:10:57.000Z","11","0","","",""
"VRoC 2-Bar Alert NQ","https://www.tradingview.com/script/xQzGhbsr-VRoC-2-Bar-Alert-NQ/","ArmbrustCapital","https://www.tradingview.com/u/ArmbrustCapital/","2026-04-22T02:05:41.000Z","5","0","","",""
"ontagion & Shock System (CSS) - Systemic Risk Tracker","https://www.tradingview.com/script/FaqXFDHA-ontagion-Shock-System-CSS-Systemic-Risk-Tracker/","taeyeongakong","https://www.tradingview.com/u/taeyeongakong/","2026-04-22T01:53:06.000Z","5","0","","",""
"Shadows & Engulfing Patterns","https://www.tradingview.com/script/nlmYbrsB/","Evelyn_Cheng","https://www.tradingview.com/u/Evelyn_Cheng/","2026-04-22T01:52:05.000Z","4","0","","",""
"Kinetic Hull Matrix [JOAT]","https://www.tradingview.com/script/TZ9ajgbJ-Kinetic-Hull-Matrix-JOAT/","officialjackofalltrades","https://www.tradingview.com/u/officialjackofalltrades/","2026-04-22T01:42:37.000Z","22","0","","",""
"2min 13-48-200 EMA + Levels","https://www.tradingview.com/script/CAiARcXM-2min-13-48-200-EMA-Levels/","neiru37","https://www.tradingview.com/u/neiru37/","2026-04-22T01:35:40.000Z","5","0","","",""
"UT Bot Options Seller (5-Min Spike Protected)","https://www.tradingview.com/script/UFgPI6rd-UT-Bot-Options-Seller-5-Min-Spike-Protected/","gowdaprabhu4","https://www.tradingview.com/u/gowdaprabhu4/","2026-04-22T01:35:16.000Z","3","0","","",""
"Universal Pair v2.1 - Sniper Filtered","https://www.tradingview.com/script/BnxWgoU7-Universal-Pair-v2-1-Sniper-Filtered/","Briang790","https://www.tradingview.com/u/Briang790/","2026-04-22T01:22:11.000Z","1","0","","",""
"Volumen con Media 2.5x","https://www.tradingview.com/script/dqgKzzgE/","AGUSTIN-PAREDES_07","https://www.tradingview.com/u/AGUSTIN-PAREDES_07/","2026-04-22T01:22:09.000Z","2","0","","",""
"volumen 2.5 y media movil","https://www.tradingview.com/script/1lJMUtwd/","AGUSTIN-PAREDES_07","https://www.tradingview.com/u/AGUSTIN-PAREDES_07/","2026-04-22T01:18:36.000Z","1","0","","",""
"sesiones (T/L/NY) utc-3","https://www.tradingview.com/script/4tpzMyOo/","AGUSTIN-PAREDES_07","https://www.tradingview.com/u/AGUSTIN-PAREDES_07/","2026-04-22T01:13:46.000Z","0","0","","",""
"Vortex Volume Spectrum [JOAT]","https://www.tradingview.com/script/2eONeXhp-Vortex-Volume-Spectrum-JOAT/","officialjackofalltrades","https://www.tradingview.com/u/officialjackofalltrades/","2026-04-22T01:09:06.000Z","22","0","","",""
"Swing High/Low Lines (Break Stop)","https://www.tradingview.com/script/tKJABtmE-Swing-High-Low-Lines-Break-Stop/","FullPotato","https://www.tradingview.com/u/FullPotato/","2026-04-22T01:08:47.000Z","14","1","","",""
"Little Charts Pro [MMT]","https://www.tradingview.com/script/vJtDm77R-Little-Charts-Pro-MMT/","isthattyler","https://www.tradingview.com/u/isthattyler/","2026-04-22T01:08:40.000Z","644","5","","",""
"Island EMA/VWAP Cross","https://www.tradingview.com/script/XoT46w0V-Island-EMA-VWAP-Cross/","SergioAdams85","https://www.tradingview.com/u/SergioAdams85/","2026-04-22T00:57:46.000Z","1","0","","",""
"PivotStructureOutline_Utilities","https://www.tradingview.com/script/vcDLGXxS-PivotStructureOutline-Utilities/","MYNAMEISBRANDON","https://www.tradingview.com/u/MYNAMEISBRANDON/","2026-04-25T20:52:38.000Z","1","0","","",""
"Cycles MA Stack (13/21/55/200) Auto Changes Color","https://www.tradingview.com/script/8mcH4tL1-Cycles-MA-Stack-13-21-55-200-Auto-Changes-Color/","Imported_Dingo","https://www.tradingview.com/u/Imported_Dingo/","2026-04-21T23:20:42.000Z","0","0","","",""
"XAUUSD Zone Sniper v1","https://www.tradingview.com/script/70dnQZ1K/","Marghe_fx","https://www.tradingview.com/u/Marghe_fx/","2026-04-21T23:05:27.000Z","6","0","","",""
"Phantom Structure Engine [JOAT]","https://www.tradingview.com/script/YDqPZcAd-Phantom-Structure-Engine-JOAT/","officialjackofalltrades","https://www.tradingview.com/u/officialjackofalltrades/","2026-04-21T22:55:25.000Z","42","0","","",""
"Institutional Dealer Exposure","https://www.tradingview.com/script/CSnHVh0p-Institutional-Dealer-Exposure/","ZenOutMan","https://www.tradingview.com/u/ZenOutMan/","2026-04-21T22:54:53.000Z","29","0","","",""
"Fib Level on PP(v1)","https://www.tradingview.com/script/7BjsZU0q-Fib-Level-on-PP-v1/","ClayY1110","https://www.tradingview.com/u/ClayY1110/","2026-04-21T20:08:29.000Z","3","0","","",""
"BB Mean Reversion Long + SL","https://www.tradingview.com/script/z1xM8YnZ/","a4nti","https://www.tradingview.com/u/a4nti/","2026-04-21T22:36:33.000Z","9","0","","",""
"TCI Key Institutional Levels v2.0","https://www.tradingview.com/script/rh5Gpi3k-TCI-Key-Institutional-Levels-v2-0/","The_Stock_Yogi","https://www.tradingview.com/u/The_Stock_Yogi/","2026-04-21T22:30:15.000Z","13","0","","",""
"ICT 6:50-7:10 Macro + Target Liquidity","https://www.tradingview.com/script/awv73Vuo-ICT-6-50-7-10-Macro-Target-Liquidity/","devenbartlow2002","https://www.tradingview.com/u/devenbartlow2002/","2026-04-21T22:28:10.000Z","3","0","","",""
"Clusters VP Liquidity Sweep Gold [LuxAlgo](Kaizenhodlr)","https://www.tradingview.com/script/sh0Ca2y4-Clusters-VP-Liquidity-Sweep-Gold-LuxAlgo-Kaizenhodlr/","kaizenhodlr","https://www.tradingview.com/u/kaizenhodlr/","2026-04-22T06:37:49.000Z","16","0","","",""
"lala moner sha","https://www.tradingview.com/script/lgqbH6zf-lala-moner-sha/","rabiullah_hashimi40","https://www.tradingview.com/u/rabiullah_hashimi40/","2026-04-21T22:22:41.000Z","40","0","","",""
"Drawdown% and Span [WynTrader]","https://www.tradingview.com/script/iOMxPaij-Drawdown-and-Span-WynTrader/","Wyn-Trader","https://www.tradingview.com/u/Wyn-Trader/","2026-04-21T22:05:57.000Z","109","0","","",""
"EMA Cloud","https://www.tradingview.com/script/fI4jp9L6-EMA-Cloud/","yemilgr","https://www.tradingview.com/u/yemilgr/","2026-04-21T22:04:43.000Z","2","0","","",""
"Titan Signature: EMA + PMH/PML Breakout","https://www.tradingview.com/script/dxQsegNs-Titan-Signature-EMA-PMH-PML-Breakout/","wesg1992","https://www.tradingview.com/u/wesg1992/","2026-04-21T22:02:41.000Z","12","0","","",""
"Prism","https://www.tradingview.com/script/8r7CMSgu/","Okeefe06","https://www.tradingview.com/u/Okeefe06/","2026-04-22T11:36:30.000Z","3","1","","",""
"Compression Vector [JOAT]","https://www.tradingview.com/script/xCwgVeXo-Compression-Vector-JOAT/","officialjackofalltrades","https://www.tradingview.com/u/officialjackofalltrades/","2026-04-21T21:54:20.000Z","19","0","","",""
"Pine3D: A Native 3D Graphical Rendering Engine","https://www.tradingview.com/script/I2K4hIdP-Pine3D-A-Native-3D-Graphical-Rendering-Engine/","Alien_Algorithms","https://www.tradingview.com/u/Alien_Algorithms/","2026-04-22T03:46:40.000Z","15","4","","",""
"ICT 3rd Lower High SELL - Final","https://www.tradingview.com/script/9viSuVDP-ICT-3rd-Lower-High-SELL-Final/","devenbartlow2002","https://www.tradingview.com/u/devenbartlow2002/","2026-04-21T21:06:43.000Z","7","0","","",""
"Trend Tracker Trade Planner [Nick789]","https://www.tradingview.com/script/RkvygYjb-Trend-Tracker-Trade-Planner-Nick789/","NICK789","https://www.tradingview.com/u/NICK789/","2026-04-23T11:12:00.000Z","235","0","","",""
"RSI Trend Dashboard + SMMA Channel Overlay","https://www.tradingview.com/script/MuHUGJ8q-RSI-Trend-Dashboard-SMMA-Channel-Overlay/","MYNAMEISBRANDON","https://www.tradingview.com/u/MYNAMEISBRANDON/","2026-04-21T20:55:17.000Z","43","0","","",""
"ICT 8AM Buy Reminder Clean","https://www.tradingview.com/script/5fTPNsWm-ICT-8AM-Buy-Reminder-Clean/","devenbartlow2002","https://www.tradingview.com/u/devenbartlow2002/","2026-04-21T20:50:34.000Z","9","0","","",""
"Liquidity Surge Forecast with Markov Chains [TechnicalZen]","https://www.tradingview.com/script/eENyk5t5-Liquidity-Surge-Forecast-with-Markov-Chains-TechnicalZen/","TechnicalZen","https://www.tradingview.com/u/TechnicalZen/","2026-04-22T05:08:36.000Z","23","5","","",""
"P Trend","https://www.tradingview.com/script/EyBXf8Lu-P-Trend/","Pradiproy06","https://www.tradingview.com/u/Pradiproy06/","2026-04-22T09:31:38.000Z","30","0","","",""
"4H Sweep + 15M Reversal Alert","https://www.tradingview.com/script/y2IEHIib-4H-Sweep-15M-Reversal-Alert/","strades55","https://www.tradingview.com/u/strades55/","2026-04-21T20:24:15.000Z","6","0","","",""
"L1 ZLEMA Bands on TRAMA (MTF Non-Repainting)","https://www.tradingview.com/script/uzVvHiQN-L1-ZLEMA-Bands-on-TRAMA-MTF-Non-Repainting/","ClayY1110","https://www.tradingview.com/u/ClayY1110/","2026-04-21T20:13:06.000Z","1","0","","",""
"MATRIX FOLLOW LINE TERMINAL","https://www.tradingview.com/script/3y6wOV0d/","goktugozi26","https://www.tradingview.com/u/goktugozi26/","2026-04-21T20:04:02.000Z","17","0","","",""
"Marubozu Tap Analysis","https://www.tradingview.com/script/JWNK0Aw0-Marubozu-Tap-Analysis/","leifl","https://www.tradingview.com/u/leifl/","2026-04-21T19:55:32.000Z","5","0","","",""
"Adaptive Volume-Delta Score (VDS) | Order-Flow & Divergence","https://www.tradingview.com/script/oGESdwR2/","arnipoer","https://www.tradingview.com/u/arnipoer/","2026-04-23T09:18:25.000Z","23","3","","",""
"MahirTrade ICT Killzones","https://www.tradingview.com/script/iytN66cG-MahirTrade-ICT-Killzones/","mahirtrade","https://www.tradingview.com/u/mahirtrade/","2026-04-21T19:24:57.000Z","92","0","","",""
"L2L Zone Builder Pro by EAStudioAI","https://www.tradingview.com/script/1OZ10NLt-L2L-Zone-Builder-Pro-by-EAStudioAI/","Narerit","https://www.tradingview.com/u/Narerit/","2026-04-21T17:52:52.000Z","12","0","","",""
"10 Time Zones By Rolingas","https://www.tradingview.com/script/5v2EUFk7-10-Time-Zones-By-Rolingas/","Rolingas","https://www.tradingview.com/u/Rolingas/","2026-04-21T19:45:13.000Z","8","0","","",""
"TURKI","https://www.tradingview.com/script/OUuc0HwO/","Turki-20","https://www.tradingview.com/u/Turki-20/","2026-04-21T19:11:49.000Z","11","0","","",""
"Auto Swings (1H=2, 5m=6)","https://www.tradingview.com/script/LBEbPjxK-auto-swings-1h-2-5m-6/","TradePro1000","https://www.tradingview.com/u/TradePro1000/","2026-04-21T19:08:25.000Z","39","0","","",""
"Matrix Supply Demand Zones [Institutional Edition]","https://www.tradingview.com/script/J1kUtWIm/","goktugozi26","https://www.tradingview.com/u/goktugozi26/","2026-04-21T18:56:09.000Z","41","0","","",""
"Auto Support Resistance Channels","https://www.tradingview.com/script/zhlHqJnW-Auto-Support-Resistance-Channels/","JuniorQTrader","https://www.tradingview.com/u/JuniorQTrader/","2026-04-21T18:53:56.000Z","5","0","","",""
"MahirTrade: ICT Bias, FVG, Weekly Levels, [Analysis Assistant]","https://www.tradingview.com/script/t6HxMuYo-MahirTrade-ICT-Bias-FVG-Weekly-Levels-Analysis-Assistant/","mahirtrade","https://www.tradingview.com/u/mahirtrade/","2026-04-21T18:45:27.000Z","125","0","","",""
"Matrix Market Structure [Institutional Edition]","https://www.tradingview.com/script/8DISahMz/","goktugozi26","https://www.tradingview.com/u/goktugozi26/","2026-04-21T18:44:45.000Z","9","0","","",""
"RSI Ultimate Terminal [Institutional Edition]","https://www.tradingview.com/script/rvnbAzVP/","goktugozi26","https://www.tradingview.com/u/goktugozi26/","2026-04-21T18:38:48.000Z","12","0","","",""
"Volume Terminal [Institutional Edition]","https://www.tradingview.com/script/XxTq8cmk/","goktugozi26","https://www.tradingview.com/u/goktugozi26/","2026-04-21T18:35:00.000Z","10","0","","",""
"Reversal strategy for the Forex market MH","https://www.tradingview.com/script/ifVC0yWs/","marko_meuser1","https://www.tradingview.com/u/marko_meuser1/","2026-04-21T18:29:54.000Z","3","0","","",""
"KPK_IV","https://www.tradingview.com/script/AwBh4st4-KPK-IV/","premsuccess435","https://www.tradingview.com/u/premsuccess435/","2026-04-21T18:27:00.000Z","8","0","","",""
"Matrix 9-13 Exhaustion [Institutional Edition]","https://www.tradingview.com/script/FoIFmLzc/","goktugozi26","https://www.tradingview.com/u/goktugozi26/","2026-04-21T18:25:02.000Z","15","0","","",""
"Matrix Order Blocks [Institutional Edition]","https://www.tradingview.com/script/yHQxfqwL/","goktugozi26","https://www.tradingview.com/u/goktugozi26/","2026-04-21T18:20:30.000Z","16","0","","",""
"Volume Imbalance Tap Probability v1.1","https://www.tradingview.com/script/e2LSPt5h-Volume-Imbalance-Tap-Probability-v1-1/","leifl","https://www.tradingview.com/u/leifl/","2026-04-22T17:52:13.000Z","11","2","","",""
"GFX Model","https://www.tradingview.com/script/qtnXOIE8-GFX-Model/","GeraldHildebrand","https://www.tradingview.com/u/GeraldHildebrand/","2026-04-21T17:57:01.000Z","3","0","","",""
"Gamma Levels (Manual Input) update","https://www.tradingview.com/script/R3scF9k9-Gamma-Levels-Manual-Input-update/","tombartus","https://www.tradingview.com/u/tombartus/","2026-04-21T17:54:17.000Z","6","0","","",""
"Giant Engulfing Candle Detector (Background Only)","https://www.tradingview.com/script/avKlv1A9-Giant-Engulfing-Candle-Detector-Background-Only/","ApexTrades3","https://www.tradingview.com/u/ApexTrades3/","2026-04-21T17:50:10.000Z","0","0","","",""
"Future & Historical Period Lines (D/W/M/3M/Y)","https://www.tradingview.com/script/XynIVine-Future-Historical-Period-Lines-D-W-M-3M-Y/","ichimatter","https://www.tradingview.com/u/ichimatter/","2026-04-21T17:34:19.000Z","1","0","","",""
"Alert when price stay one side of EMA for 15 bars","https://www.tradingview.com/script/cfcDpnem/","lazabanma","https://www.tradingview.com/u/lazabanma/","2026-04-21T17:12:49.000Z","2","0","","",""
"Alert when price stay one side of EMA for 15 bars","https://www.tradingview.com/script/cfcDpnem/","lazabanma","https://www.tradingview.com/u/lazabanma/","2026-04-21T17:12:49.000Z","2","0","","",""
"J.TRADER - Professional Sniper V.04","https://www.tradingview.com/script/glTghGSo/","Trader_j_official","https://www.tradingview.com/u/Trader_j_official/","2026-04-21T17:11:04.000Z","162","0","","",""
"OPENFLOW AUTOMATION","https://www.tradingview.com/script/CGyKXoGS-OPENFLOW-AUTOMATION/","CashFelz","https://www.tradingview.com/u/CashFelz/","2026-04-21T16:59:33.000Z","1","0","","",""
"BTC Live Dashboard Plain English","https://www.tradingview.com/script/OpjIGypE-BTC-Live-Dashboard-Plain-English/","CryptoTradingZone","https://www.tradingview.com/u/CryptoTradingZone/","2026-04-21T16:59:07.000Z","9","0","","",""
"Volume Climax Detector [AGPro Series]","https://www.tradingview.com/script/bV5x4Wxe-Volume-Climax-Detector-AGPro-Series/","AGProLabs","https://www.tradingview.com/u/AGProLabs/","2026-04-21T16:40:42.000Z","724","2","","",""
"Moochie Vision [Architect Edition]","https://www.tradingview.com/script/okp57B0u-Moochie-Vision-Architect-Edition/","j_harris_66","https://www.tradingview.com/u/j_harris_66/","2026-04-21T16:38:02.000Z","1","0","","",""
"Pritesh Liquidity PRO","https://www.tradingview.com/script/3Nke584T-Pritesh-Liquidity-PRO/","Pritesh_Maheshwari00","https://www.tradingview.com/u/Pritesh_Maheshwari00/","2026-04-21T16:37:03.000Z","3","0","","",""
"Conflux Engine | Anonycryptous","https://www.tradingview.com/script/KJnJLJkk-Conflux-Engine-Anonycryptous/","Anonycryptous","https://www.tradingview.com/u/Anonycryptous/","2026-04-21T16:33:49.000Z","33","0","","",""
"GFX Model","https://www.tradingview.com/script/1cuf5bpK-GFX-Model/","GeraldHildebrand","https://www.tradingview.com/u/GeraldHildebrand/","2026-04-21T16:32:35.000Z","3","0","","",""
"ATR Daily Time Frame Display Box","https://www.tradingview.com/script/7pyA67mS-ATR-Daily-Time-Frame-Display-Box/","Trdr_John","https://www.tradingview.com/u/Trdr_John/","2026-04-21T16:32:24.000Z","0","0","","",""
"STOCHASTIC RSI v2.3 HYBRID ULTIMATE","https://www.tradingview.com/script/bdbproVT/","yurt42625","https://www.tradingview.com/u/yurt42625/","2026-04-21T21:46:53.000Z","801","9","","",""
"Previous Week Liquidity Sweep","https://www.tradingview.com/script/7ZQwyNBu-Previous-Week-Liquidity-Sweep/","khoalx18","https://www.tradingview.com/u/khoalx18/","2026-04-22T00:55:19.000Z","7","0","","",""
"Tether Printer","https://www.tradingview.com/script/N3e9XAEU-Tether-Printer/","ralis24","https://www.tradingview.com/u/ralis24/","2026-04-21T16:10:34.000Z","21","0","","",""
"VWAP Mensuel Auto-Ancre (3 Deviations)","https://www.tradingview.com/script/2d3prWhv/","ben_haeckler","https://www.tradingview.com/u/ben_haeckler/","2026-04-21T16:09:42.000Z","3","0","","",""
"VWAP Mensuel Auto-Ancre (3 Deviations)","https://www.tradingview.com/script/n8cEUHJH/","ben_haeckler","https://www.tradingview.com/u/ben_haeckler/","2026-04-21T16:07:17.000Z","6","0","","",""
"ORB Indicator Lite","https://www.tradingview.com/script/yOyWhsno-ORB-Indicator-Lite/","JfaustV2","https://www.tradingview.com/u/JfaustV2/","2026-04-21T16:07:00.000Z","25","0","","",""
"6 EMA 20 EMA Crossover Alert","https://www.tradingview.com/script/28m5iTr7-6-EMA-20-EMA-Crossover-Alert/","meanyface229","https://www.tradingview.com/u/meanyface229/","2026-04-21T16:06:04.000Z","4","0","","",""
"1234up","https://www.tradingview.com/script/jRZmnOqV-1234up/","Bread4DaBreed","https://www.tradingview.com/u/Bread4DaBreed/","2026-04-21T16:06:03.000Z","1","0","","",""
"PGS - Pareto-Gaussian Skew [Zofesu]","https://www.tradingview.com/script/Km7Vzjzz-PGS-Pareto-Gaussian-Skew-Zofesu/","Zofesu","https://www.tradingview.com/u/Zofesu/","2026-04-21T15:55:43.000Z","15","0","","",""
"PNF2325-Bot-V3-FIXED-Without-Volume-Guard-DMP","https://www.tradingview.com/script/FxWmfZk2-PNF2325-Bot-V3-FIXED-Without-Volume-Guard-DMP/","dmpratap","https://www.tradingview.com/u/dmpratap/","2026-04-21T15:54:18.000Z","7","0","","",""
"DMP-PnFBot-Ghost-V3-Update","https://www.tradingview.com/script/a1irREKG-DMP-PnFBot-Ghost-V3-Update/","dmpratap","https://www.tradingview.com/u/dmpratap/","2026-04-21T15:50:18.000Z","34","0","","",""
"Volume Profile + LVN","https://www.tradingview.com/script/yhGyDKDr-Volume-Profile-LVN/","CraftyPicks","https://www.tradingview.com/u/CraftyPicks/","2026-04-21T15:32:28.000Z","76","0","","",""
"Artemis Volatility Bands PRO","https://www.tradingview.com/script/LgKH3YNn-Artemis-Volatility-Bands-PRO/","a_jabbaroff","https://www.tradingview.com/u/a_jabbaroff/","2026-04-21T15:09:51.000Z","14","0","","",""
"Adaptive Confluence Engine [CLEVER]","https://www.tradingview.com/script/LVyDgmEM-Adaptive-Confluence-Engine-CLEVER/","TheCleverTraders","https://www.tradingview.com/u/TheCleverTraders/","2026-04-21T14:49:19.000Z","47","0","","",""
"Adaptive HalfTrend+ [MAB]","https://www.tradingview.com/script/2EnhFBYZ-Adaptive-HalfTrend-MAB/","MarketAlgoBot","https://www.tradingview.com/u/MarketAlgoBot/","2026-04-21T14:34:02.000Z","15","0","","",""
"Fair Value Gap Auto-Fill Tracker [DefinedEdge]","https://www.tradingview.com/script/SQmcMLGI-Fair-Value-Gap-Auto-Fill-Tracker-DefinedEdge/","DefinedEdge","https://www.tradingview.com/u/DefinedEdge/","2026-04-21T14:33:47.000Z","42","0","","",""
"Adaptive Ichimoku+ [MAB]","https://www.tradingview.com/script/os8vAic8-Adaptive-Ichimoku-MAB/","MarketAlgoBot","https://www.tradingview.com/u/MarketAlgoBot/","2026-04-21T14:30:18.000Z","6","0","","",""
"ATH Base Cloud Indicator","https://www.tradingview.com/script/kD8KS7az/","TraderCloud_135","https://www.tradingview.com/u/TraderCloud_135/","2026-04-23T11:13:32.000Z","10","1","","",""
"Adaptive Stochastic+ [MAB]","https://www.tradingview.com/script/Ctj5jRxH-Adaptive-Stochastic-MAB/","MarketAlgoBot","https://www.tradingview.com/u/MarketAlgoBot/","2026-04-21T14:28:19.000Z","16","0","","",""
"CRT - AMD Sessions","https://www.tradingview.com/script/RdAGqYIn/","Jo_Dumesnil","https://www.tradingview.com/u/Jo_Dumesnil/","2026-04-21T14:26:39.000Z","33","0","","",""
"QuantumPips Flow Bias","https://www.tradingview.com/script/JdTcoQFj-QuantumPips-Flow-Bias/","QuantumPipsio","https://www.tradingview.com/u/QuantumPipsio/","2026-04-21T14:19:46.000Z","16","0","","",""
"VWAP CCI Reversal  Scalp Edition","https://www.tradingview.com/script/OIv5BdZ7/","Ohyashima","https://www.tradingview.com/u/Ohyashima/","2026-04-21T14:12:57.000Z","102","0","","",""
"Premium Flow MACD","https://www.tradingview.com/script/a9HbC3dK-Premium-Flow-MACD/","carlo9852093","https://www.tradingview.com/u/carlo9852093/","2026-04-21T14:11:05.000Z","19","0","","",""
"Smart Bullish Reversal PRO v1","https://www.tradingview.com/script/yX8KJJ7o-Smart-Bullish-Reversal-PRO-v1/","sameh45326","https://www.tradingview.com/u/sameh45326/","2026-04-21T14:10:45.000Z","3","0","","",""
"News Zones mit Alarmen","https://www.tradingview.com/script/X8YcsEdj/","frag_sari","https://www.tradingview.com/u/frag_sari/","2026-04-21T14:04:09.000Z","8","0","","",""
"Bull Bear Market Ribbon","https://www.tradingview.com/script/iGfzI5QL-Bull-Bear-Market-Ribbon/","jamalih54","https://www.tradingview.com/u/jamalih54/","2026-04-23T06:43:45.000Z","7","0","","",""
"Apex Price Patterns & Candlestick Engine [Pineify]","https://www.tradingview.com/script/RnnnrF9P-Apex-Price-Patterns-Candlestick-Engine-Pineify/","Pineify","https://www.tradingview.com/u/Pineify/","2026-04-21T13:55:45.000Z","14","0","","",""
"IB Bias Scorer Extended","https://www.tradingview.com/script/wXv15oUr-IB-Bias-Scorer-Extended/","sleepingrobot","https://www.tradingview.com/u/sleepingrobot/","2026-04-21T13:53:43.000Z","0","0","","",""
"Volatility Regime Cycle [AGPro Series]","https://www.tradingview.com/script/LOfpVelX-Volatility-Regime-Cycle-AGPro-Series/","AGProLabs","https://www.tradingview.com/u/AGProLabs/","2026-04-21T13:51:30.000Z","13","0","","",""
"BOJ Yen Intervention Overlay","https://www.tradingview.com/script/r2QXCUTv-BOJ-Yen-Intervention-Overlay/","Brisvegaxe","https://www.tradingview.com/u/Brisvegaxe/","2026-04-21T13:44:43.000Z","1","0","","",""
"Midnight Reset VWAP","https://www.tradingview.com/script/q8NdvPz7-Midnight-Reset-VWAP/","cdurkin24","https://www.tradingview.com/u/cdurkin24/","2026-04-21T13:44:20.000Z","0","0","","",""
"Macro TWAP","https://www.tradingview.com/script/l47C4lHO-Macro-TWAP/","Gauder84","https://www.tradingview.com/u/Gauder84/","2026-04-21T13:40:04.000Z","4","0","","",""
"Polynomial Regression Channels","https://www.tradingview.com/script/ApVQU5Yn-Polynomial-Regression-Channels/","JonasSchueller","https://www.tradingview.com/u/JonasSchueller/","2026-04-21T13:32:36.000Z","10","0","","",""
"Saturation Peak Detection [PhenLabs]","https://www.tradingview.com/script/VyK1gb4k-Saturation-Peak-Detection-PhenLabs/","PhenLabs","https://www.tradingview.com/u/PhenLabs/","2026-04-21T13:30:44.000Z","301","0","","",""
"GFX Multi Timeframe Dashboard","https://www.tradingview.com/script/Sb9VwzT9-GFX-Multi-Timeframe-Dashboard/","GeraldHildebrand","https://www.tradingview.com/u/GeraldHildebrand/","2026-04-21T13:29:57.000Z","6","0","","",""
"Frankeasycrypto","https://www.tradingview.com/script/fNL63clQ-Frankeasycrypto/","frankbchain","https://www.tradingview.com/u/frankbchain/","2026-04-21T13:22:15.000Z","5","0","","",""
"BTC ETH Risk Wave  RSI MFI SMC MA line","https://www.tradingview.com/script/JyZbGZGR-BTC-ETH-Risk-Wave-RSI-MFI-SMC-MA-line/","carriosol92","https://www.tradingview.com/u/carriosol92/","2026-04-21T13:10:44.000Z","4","0","","",""
"CandelaCharts - Dealing Range","https://www.tradingview.com/script/uJyRtjva-CandelaCharts-Dealing-Range/","CandelaCharts","https://www.tradingview.com/u/CandelaCharts/","2026-04-21T13:00:31.000Z","130","0","","",""
"NQ.TRADES V4.6 (Clean + ICT Sessions)","https://www.tradingview.com/script/Z0AEW9O7-NQ-TRADES-V4-6-Clean-ICT-Sessions/","jasonnova23","https://www.tradingview.com/u/jasonnova23/","2026-04-21T12:58:35.000Z","38","0","","",""
"3-Day Session High/Low Sweeps","https://www.tradingview.com/script/o5VJFxZC-3-Day-Session-High-Low-Sweeps/","jakelester17","https://www.tradingview.com/u/jakelester17/","2026-04-21T12:54:15.000Z","3","0","","",""
"Trend ZigZag Strategy by LANZ","https://www.tradingview.com/script/7XkGKdmw/","rau_u_lanz","https://www.tradingview.com/u/rau_u_lanz/","2026-04-21T13:52:12.000Z","21","0","","",""
"EMA + SMA Combo","https://www.tradingview.com/script/s3zZRkTf-EMA-SMA-Combo/","crisco9090","https://www.tradingview.com/u/crisco9090/","2026-04-21T10:49:29.000Z","5","0","","",""
"IRONBULL FX AI MARKET STRUCTURE","https://www.tradingview.com/script/neiSn9Dl-IRONBULL-FX-AI-MARKET-STRUCTURE/","Mr_IB2025","https://www.tradingview.com/u/Mr_IB2025/","2026-04-21T12:35:21.000Z","31","0","","",""
"Last pivot high","https://www.tradingview.com/script/aaaKWCu6-Last-pivot-high/","bruzer86","https://www.tradingview.com/u/bruzer86/","2026-04-21T12:13:54.000Z","2","0","","",""
"PriceAction","https://www.tradingview.com/script/bjCLL4tQ-PriceAction/","jhong2290","https://www.tradingview.com/u/jhong2290/","2026-04-21T12:13:11.000Z","0","0","","",""
"HH Indicator - ASX Property","https://www.tradingview.com/script/QdYPnCgX-HH-Indicator-ASX-Property/","bruzer86","https://www.tradingview.com/u/bruzer86/","2026-04-21T12:11:51.000Z","5","0","","",""
"HH Indicator - ASX Info Tech","https://www.tradingview.com/script/Axif8kLf-HH-Indicator-ASX-Info-Tech/","bruzer86","https://www.tradingview.com/u/bruzer86/","2026-04-21T12:10:57.000Z","3","0","","",""
"HH Indicator - ASX Financials","https://www.tradingview.com/script/WMPCT9aB-HH-Indicator-ASX-Financials/","bruzer86","https://www.tradingview.com/u/bruzer86/","2026-04-21T12:10:09.000Z","3","0","","",""
"HH Indicator - ASX Consumer Discretionary","https://www.tradingview.com/script/xzJBL0bL-HH-Indicator-ASX-Consumer-Discretionary/","bruzer86","https://www.tradingview.com/u/bruzer86/","2026-04-21T12:09:26.000Z","3","0","","",""
"HH Indicator - ASX Staples, Utilities, Communications","https://www.tradingview.com/script/BJHH0Pq2-HH-Indicator-ASX-Staples-Utilities-Communications/","bruzer86","https://www.tradingview.com/u/bruzer86/","2026-04-21T12:08:43.000Z","3","0","","",""
"SMC Supply and Demand Zones [Dots3Red]","https://www.tradingview.com/script/2BqL9Yxd-SMC-Supply-and-Demand-Zones-Dots3Red/","Dots3Red","https://www.tradingview.com/u/Dots3Red/","2026-04-21T12:04:24.000Z","78","0","","",""
"HH Indicator - ASX Healthcare","https://www.tradingview.com/script/kyuym62E-HH-Indicator-ASX-Healthcare/","bruzer86","https://www.tradingview.com/u/bruzer86/","2026-04-21T11:59:38.000Z","3","0","","",""
"HH Indicator - ASX Energy","https://www.tradingview.com/script/K0dbHxxo-HH-Indicator-ASX-Energy/","bruzer86","https://www.tradingview.com/u/bruzer86/","2026-04-21T11:58:28.000Z","3","0","","",""
"Wyckoff Accumulation Phase Map [AGPro Series]","https://www.tradingview.com/script/cJ65zYuc-Wyckoff-Accumulation-Phase-Map-AGPro-Series/","AGProLabs","https://www.tradingview.com/u/AGProLabs/","2026-04-21T11:54:59.000Z","33","0","","",""
"Options Signal Monitor - RSI/MACD/VIX","https://www.tradingview.com/script/q3a6nNij-Options-Signal-Monitor-RSI-MACD-VIX/","RishiBriyana","https://www.tradingview.com/u/RishiBriyana/","2026-04-21T11:54:45.000Z","2","0","","",""
"HH Indicator - ASX Materials","https://www.tradingview.com/script/BX9WP9uO-HH-Indicator-ASX-Materials/","bruzer86","https://www.tradingview.com/u/bruzer86/","2026-04-21T11:50:41.000Z","3","0","","",""
"Order Blocks (ICT Concept)","https://www.tradingview.com/script/cbR58WGh-Order-Blocks-ICT-Concept/","jestinvjames","https://www.tradingview.com/u/jestinvjames/","2026-04-21T13:39:40.000Z","37","0","","",""
"Dynamic OTE by AKG","https://www.tradingview.com/script/FxFEIfLc-Dynamic-OTE-by-AKG/","Akg27th","https://www.tradingview.com/u/Akg27th/","2026-04-25T20:03:46.000Z","27","0","","",""
"TQHQ Script","https://www.tradingview.com/script/IDP4kwJM-TQHQ-Script/","rayku2000","https://www.tradingview.com/u/rayku2000/","2026-04-21T15:19:15.000Z","7","0","","",""
"Wyckoff Distribution Phase Map [AGPro Series]","https://www.tradingview.com/script/oq2aQ0AS-Wyckoff-Distribution-Phase-Map-AGPro-Series/","AGProLabs","https://www.tradingview.com/u/AGProLabs/","2026-04-21T10:52:17.000Z","45","0","","",""
"EMA + SMA Combo","https://www.tradingview.com/script/Od76Mk9m-EMA-SMA-Combo/","crisco9090","https://www.tradingview.com/u/crisco9090/","2026-04-21T10:46:41.000Z","0","0","","",""
"Estrategia A v2.9 - Partial TP + BE + NY10-15","https://www.tradingview.com/script/i3UQMQ63/","marianoc1885","https://www.tradingview.com/u/marianoc1885/","2026-04-21T10:24:59.000Z","2","1","","",""
"Estrategia A v2.9 - Partial TP + BE + NY10-15","https://www.tradingview.com/script/3PQgB5Re/","marianoc1885","https://www.tradingview.com/u/marianoc1885/","2026-04-21T10:21:18.000Z","1","0","","",""
"up/down VolumeRatio","https://www.tradingview.com/script/dapl76nq-up-down-VolumeRatio/","ShiHaoLi","https://www.tradingview.com/u/ShiHaoLi/","2026-04-21T10:16:31.000Z","2","0","","",""
"Stoch RSI Background + MTF Cross Signals","https://www.tradingview.com/script/snskOthu-Stoch-RSI-Background-MTF-Cross-Signals/","grazzeee","https://www.tradingview.com/u/grazzeee/","2026-04-21T10:03:49.000Z","5","0","","",""
"CNPS7 - 3SMA Cross","https://www.tradingview.com/script/2LoYZG4M-CNPS7-3SMA-Cross/","Khanhtq26","https://www.tradingview.com/u/Khanhtq26/","2026-04-21T08:02:16.000Z","3","0","","",""
"VWAP Cross Flow Engine [AGPro Series]","https://www.tradingview.com/script/446Fe3Nk-VWAP-Cross-Flow-Engine-AGPro-Series/","AGProLabs","https://www.tradingview.com/u/AGProLabs/","2026-04-21T09:48:36.000Z","33","0","","",""
"NASDAQ Flow Profile PRO CLEAN MTF + LTF","https://www.tradingview.com/script/tLStsiYT/","Sachse-1980","https://www.tradingview.com/u/Sachse-1980/","2026-04-23T21:27:30.000Z","0","0","","",""
"Prasanna Trend lines","https://www.tradingview.com/script/azduEKeT-Prasanna-Trend-lines/","maramlikhitha355","https://www.tradingview.com/u/maramlikhitha355/","2026-04-21T09:42:26.000Z","8","0","","",""
"TraxisLab  Reversal Engine","https://www.tradingview.com/script/jdJYu5ce/","TraxisLab","https://www.tradingview.com/u/TraxisLab/","2026-04-21T09:39:47.000Z","8","0","","",""
"GMSTR Destek / Direnc Alarmi","https://www.tradingview.com/script/lHm1sSrz-GMSTR-Destek-Direnc-Alarmi/","kinetokor","https://www.tradingview.com/u/kinetokor/","2026-04-21T09:22:29.000Z","61","0","","",""
"Vestrix.ai Signal LRS/ATR","https://www.tradingview.com/script/UngKZpPM-Vestrix-ai-Signal-LRS-ATR/","xriswart","https://www.tradingview.com/u/xriswart/","2026-04-21T09:20:29.000Z","3","0","","",""
"RSI by New Normal Skill","https://www.tradingview.com/script/73256ESm-RSI-by-New-Normal-Skill/","newnormalskill","https://www.tradingview.com/u/newnormalskill/","2026-04-21T09:13:15.000Z","6","0","","",""
"EMA Rainbow by NNS V5","https://www.tradingview.com/script/wh9U4m5S-EMA-Rainbow-by-NNS-V5/","newnormalskill","https://www.tradingview.com/u/newnormalskill/","2026-04-21T09:09:17.000Z","6","0","","",""
"DJIA Top-7 vs YM","https://www.tradingview.com/script/fm6jifse/","gnorek","https://www.tradingview.com/u/gnorek/","2026-04-21T09:08:40.000Z","2","0","","",""
"NQ vs Top10","https://www.tradingview.com/script/lCd0YKt0/","gnorek","https://www.tradingview.com/u/gnorek/","2026-04-21T09:05:06.000Z","1","0","","",""
"DJIA Top-7 vs YM","https://www.tradingview.com/script/4jsHtozj/","gnorek","https://www.tradingview.com/u/gnorek/","2026-04-21T09:03:44.000Z","0","0","","",""
"Market Extension Meter (Fixed Stable)","https://www.tradingview.com/script/ORDWJU2V/","philip_collette","https://www.tradingview.com/u/philip_collette/","2026-04-21T08:49:22.000Z","0","0","","",""
"SMC: IFVG + OTE + Std Dev","https://www.tradingview.com/script/60vI1nWw-SMC-IFVG-OTE-Std-Dev/","maximiliantung","https://www.tradingview.com/u/maximiliantung/","2026-04-21T08:44:00.000Z","11","0","","",""
"SMC: IFVG + OTE + Std Dev","https://www.tradingview.com/script/cKdUJ9or-SMC-IFVG-OTE-Std-Dev/","maximiliantung","https://www.tradingview.com/u/maximiliantung/","2026-04-21T08:42:40.000Z","4","0","","",""
"Ram-ban Support & Resistance System [% Adaptive for Stocks]","https://www.tradingview.com/script/C0I2BDTq-Ram-ban-Support-Resistance-System-Adaptive-for-Stocks/","Abhiatrey","https://www.tradingview.com/u/Abhiatrey/","2026-04-21T08:36:45.000Z","353","3","","",""
"Overbought & Oversold Zones - MTF Signals","https://www.tradingview.com/script/ejgrCxEj-Overbought-Oversold-Zones-MTF-Signals/","MQLSoftware","https://www.tradingview.com/u/MQLSoftware/","2026-04-21T08:30:44.000Z","433","8","","",""
"Reversal & COG","https://www.tradingview.com/script/e77tdOME-Reversal-COG/","Anupama","https://www.tradingview.com/u/Anupama/","2026-04-21T08:20:20.000Z","2","0","","",""
"Market Extension Meter (Fixed Stable)","https://www.tradingview.com/script/yCekFYwM/","philip_collette","https://www.tradingview.com/u/philip_collette/","2026-04-21T08:13:09.000Z","0","0","","",""
"CNPS6 -BB/ADX","https://www.tradingview.com/script/MGF6uCxc-CNPS6-BB-ADX/","Khanhtq26","https://www.tradingview.com/u/Khanhtq26/","2026-04-21T08:00:30.000Z","1","0","","",""
"Break-Retest Quality [AGPro Series]","https://www.tradingview.com/script/fdUvmBI6-Break-Retest-Quality-AGPro-Series/","AGProLabs","https://www.tradingview.com/u/AGProLabs/","2026-04-21T07:57:08.000Z","26","0","","",""
"TEAM HAI DANG LAO CAI","https://www.tradingview.com/script/869t8TOZ-TEAM-HAI-DANG-LAO-CAI/","nguyenvanfpg","https://www.tradingview.com/u/nguyenvanfpg/","2026-04-21T07:49:02.000Z","15","0","","",""
"TD9 reversal","https://www.tradingview.com/script/6HK3JLYf/","Choliszt","https://www.tradingview.com/u/Choliszt/","2026-04-21T07:48:52.000Z","38","0","","",""
"Strategy template V1","https://www.tradingview.com/script/FgwG87Gx-Strategy-template-V1/","rubenter","https://www.tradingview.com/u/rubenter/","2026-04-21T07:45:26.000Z","2","0","","",""
"Engulfing Signal Berry Right","https://www.tradingview.com/script/HPkPcvT8-Engulfing-Signal-Berry-Right/","berryright2","https://www.tradingview.com/u/berryright2/","2026-04-21T07:38:17.000Z","12","0","","",""
"KARTHIK TENKASI EMA9 + RSI50 First Break Strategy (Long Only)","https://www.tradingview.com/script/V1frjvgM-KARTHIK-TENKASI-EMA9-RSI50-First-Break-Strategy-Long-Only/","Karthik3545","https://www.tradingview.com/u/Karthik3545/","2026-04-21T07:25:08.000Z","4","0","","",""
"MNQ NY Open Boxes (9:29 Anchor)","https://www.tradingview.com/script/ZxBl1FkY-MNQ-NY-Open-Boxes-9-29-Anchor/","AlyeTrades","https://www.tradingview.com/u/AlyeTrades/","2026-04-21T07:21:00.000Z","0","0","","",""
"Settlement Cycle VWAP Ladder [TechnicalZen]","https://www.tradingview.com/script/4rE9ivYD-Settlement-Cycle-VWAP-Ladder-TechnicalZen/","TechnicalZen","https://www.tradingview.com/u/TechnicalZen/","2026-04-21T07:25:29.000Z","8","0","","",""
"NQ/MNQ CT Scalper [BACKTEST]","https://www.tradingview.com/script/1kEKmbb9-NQ-MNQ-CT-Scalper-BACKTEST/","Crispigino","https://www.tradingview.com/u/Crispigino/","2026-04-21T07:17:50.000Z","11","0","","",""
"NQ/MNQ Super Scalper [BACKTEST]","https://www.tradingview.com/script/6ve1ax1D-NQ-MNQ-Super-Scalper-BACKTEST/","Crispigino","https://www.tradingview.com/u/Crispigino/","2026-04-21T07:14:57.000Z","705","6","","",""
"Initial Balance (IB) - Hitz2kk","https://www.tradingview.com/script/oxOljAbN-Initial-Balance-IB-Hitz2kk/","hitz2kk","https://www.tradingview.com/u/hitz2kk/","2026-04-21T07:12:38.000Z","5","0","","",""
"ICT Time Divider (Daily & Weekly)","https://www.tradingview.com/script/po5rilJC/","hctungmao","https://www.tradingview.com/u/hctungmao/","2026-04-21T07:11:17.000Z","1","0","","",""
"Trend Quality [AGPro Series]","https://www.tradingview.com/script/XNmESgul-Trend-Quality-AGPro-Series/","AGProLabs","https://www.tradingview.com/u/AGProLabs/","2026-04-21T07:10:31.000Z","10","0","","",""
"ICT Time Divider (Daily & Weekly)","https://www.tradingview.com/script/z6MhWeye/","hctungmao","https://www.tradingview.com/u/hctungmao/","2026-04-21T07:10:18.000Z","1","0","","",""
"Daily & Weekly Divider","https://www.tradingview.com/script/SdCKyC5l/","hctungmao","https://www.tradingview.com/u/hctungmao/","2026-04-21T07:08:31.000Z","2","0","","",""
"Positional Trading Indicator","https://www.tradingview.com/script/n3vQEPlZ-Positional-Trading-Indicator/","gautam_tradingipad","https://www.tradingview.com/u/gautam_tradingipad/","2026-04-21T06:25:23.000Z","6","0","","",""
"Fractal Breakout Scanner [forexobroker]","https://www.tradingview.com/script/fjccK9Cf-Fractal-Breakout-Scanner-forexobroker/","forexobroker","https://www.tradingview.com/u/forexobroker/","2026-04-21T05:59:08.000Z","19","0","","",""
"Exhaustion Volume Spike [forexobroker]","https://www.tradingview.com/script/TWc9WOlC-Exhaustion-Volume-Spike-forexobroker/","forexobroker","https://www.tradingview.com/u/forexobroker/","2026-04-21T05:53:08.000Z","48","0","","",""
"Dynamic Fibonacci Auto [forexobroker]","https://www.tradingview.com/script/DlpkjmUh-Dynamic-Fibonacci-Auto-forexobroker/","forexobroker","https://www.tradingview.com/u/forexobroker/","2026-04-21T05:47:52.000Z","31","0","","",""
"CirisAshley S&D Pro | ORB + Flow","https://www.tradingview.com/script/f7mGP7e4-CirisAshley-S-D-Pro-ORB-Flow/","CirisAshley","https://www.tradingview.com/u/CirisAshley/","2026-04-25T23:32:14.000Z","18","0","","",""
"Pro 1H Camarilla Intraday (Signals + Alerts) by koteswararao","https://www.tradingview.com/script/EA2NWdBy-Pro-1H-Camarilla-Intraday-Signals-Alerts-by-koteswararao/","wc9jrvzpkk","https://www.tradingview.com/u/wc9jrvzpkk/","2026-04-21T05:38:34.000Z","6","0","","",""
"C.A Scalper","https://www.tradingview.com/script/KxhlcYgi-C-A-Scalper/","CirisAshley","https://www.tradingview.com/u/CirisAshley/","2026-04-21T05:29:06.000Z","8","0","","",""
"Regime Transition Intelligence [AGPro Series]","https://www.tradingview.com/script/TxkeLxQ1-Regime-Transition-Intelligence-AGPro-Series/","AGProLabs","https://www.tradingview.com/u/AGProLabs/","2026-04-21T05:25:36.000Z","23","0","","",""
"GAP AND ETH HL","https://www.tradingview.com/script/tXpTHgbw/","Ess594","https://www.tradingview.com/u/Ess594/","2026-04-21T05:18:39.000Z","4","0","","",""
"Tight After Big Move","https://www.tradingview.com/script/f2UP0NmD-Tight-After-Big-Move/","croregan","https://www.tradingview.com/u/croregan/","2026-04-21T05:18:37.000Z","2","0","","",""
"MTF Trend Dashboard (PJ)","https://www.tradingview.com/script/gs5w8dVC-MTF-Trend-Dashboard-PJ/","pharl","https://www.tradingview.com/u/pharl/","2026-04-21T05:17:02.000Z","1","0","","",""
"KK Channel","https://www.tradingview.com/script/PRSXVvrY-KK-Channel/","Kellycg15","https://www.tradingview.com/u/Kellycg15/","2026-04-21T05:13:42.000Z","14","0","","",""
"P/E Evaluation Snapshot","https://www.tradingview.com/script/azdydiAh/","DNSE","https://www.tradingview.com/u/DNSE/","2026-04-21T05:13:35.000Z","2","0","","",""
"Swap Engine - Pair Rotation (Z-Score) [AGPro Series]","https://www.tradingview.com/script/CZBZw27L-Swap-Engine-Pair-Rotation-Z-Score-AGPro-Series/","AGProLabs","https://www.tradingview.com/u/AGProLabs/","2026-04-21T05:04:59.000Z","11","0","","",""
"Stockbee + EMA Scanner","https://www.tradingview.com/script/V6lswE7O-Stockbee-EMA-Scanner/","normanalwyn","https://www.tradingview.com/u/normanalwyn/","2026-04-21T04:44:29.000Z","1","0","","",""
"Auto Trendlines MTF - Break/Retest [AGPro Series]","https://www.tradingview.com/script/4WebUTIR-Auto-Trendlines-MTF-Break-Retest-AGPro-Series/","AGProLabs","https://www.tradingview.com/u/AGProLabs/","2026-04-21T04:41:10.000Z","545","1","","",""
"FVG and iFVG Finder (MTF)","https://www.tradingview.com/script/xccGnMfi-FVG-and-iFVG-Finder-MTF/","bittahgeniusrecords","https://www.tradingview.com/u/bittahgeniusrecords/","2026-04-21T04:39:16.000Z","0","0","","",""
"DNSE Quick P/B Evaluation Indicator","https://www.tradingview.com/script/H8oBxphR/","DNSE","https://www.tradingview.com/u/DNSE/","2026-04-21T04:33:05.000Z","8","5","","",""
"Vegas+ EMA+ BOLL","https://www.tradingview.com/script/Gk6owUPV/","brucema","https://www.tradingview.com/u/brucema/","2026-04-21T04:23:03.000Z","0","0","","",""
"Sovereign - Adaptive Sniper Final","https://www.tradingview.com/script/GJ3G86xV-Sovereign-Adaptive-Sniper-Final/","Coltonhammock123","https://www.tradingview.com/u/Coltonhammock123/","2026-04-21T04:20:34.000Z","1","0","","",""
"Wave 3 Sniper System","https://www.tradingview.com/script/md9mlDyz-Wave-3-Sniper-System/","lovepizza","https://www.tradingview.com/u/lovepizza/","2026-04-21T04:20:14.000Z","31","0","","",""
"APOZ - Market Dashboard","https://www.tradingview.com/script/D1ne6pJ4-APOZ-Market-Dashboard/","kale_stately","https://www.tradingview.com/u/kale_stately/","2026-04-21T03:55:49.000Z","0","0","","",""
"ATR Stop Panel","https://www.tradingview.com/script/yKJAcCMU-ATR-Stop-Panel/","strades55","https://www.tradingview.com/u/strades55/","2026-04-21T03:35:55.000Z","0","0","","",""
"Pivot Channel Map [AGPro Series]","https://www.tradingview.com/script/k6b3vcXK-Pivot-Channel-Map-AGPro-Series/","AGProLabs","https://www.tradingview.com/u/AGProLabs/","2026-04-21T03:32:31.000Z","52","0","","",""
"Smart Flag Clean 5/12 EMA + Chop Filter","https://www.tradingview.com/script/6WVve3Eu-Smart-Flag-Clean-5-12-EMA-Chop-Filter/","ajroland67","https://www.tradingview.com/u/ajroland67/","2026-04-21T03:28:23.000Z","3","0","","",""
"Liquidity Execution Radar v2.1","https://www.tradingview.com/script/D8YZb3Pg-Liquidity-Execution-Radar-v2-1/","Tk317567","https://www.tradingview.com/u/Tk317567/","2026-04-21T03:19:13.000Z","7","0","","",""
"Volatility-Adjusted Position Sizer [Futures]","https://www.tradingview.com/script/JckoMBeD-Volatility-Adjusted-Position-Sizer-Futures/","strades55","https://www.tradingview.com/u/strades55/","2026-04-21T03:19:09.000Z","1","0","","",""
"Previous 4H High/Low Levels + Sweep Alert","https://www.tradingview.com/script/8b2oMpPr-Previous-4H-High-Low-Levels-Sweep-Alert/","strades55","https://www.tradingview.com/u/strades55/","2026-04-21T03:16:21.000Z","8","0","","",""
"Market Psychology Radar PRO Final","https://www.tradingview.com/script/bjzxqb4G-Market-Psychology-Radar-PRO-Final/","Tk317567","https://www.tradingview.com/u/Tk317567/","2026-04-21T03:14:37.000Z","3","0","","",""
"PJT TAZ Core v2.2 [Dashboard]","https://www.tradingview.com/script/psKJW1Wj-PJT-TAZ-Core-v2-2-Dashboard/","arcahaie2020","https://www.tradingview.com/u/arcahaie2020/","2026-04-21T03:13:22.000Z","5","0","","",""
"Ross Hook Pattern","https://www.tradingview.com/script/CtEVc7eT-Ross-Hook-Pattern/","rauser","https://www.tradingview.com/u/rauser/","2026-04-21T02:54:00.000Z","9","0","","",""
"Esteban Mago SwingRevEnvolvente v3","https://www.tradingview.com/script/meLgS3ZJ/","estebannicosia","https://www.tradingview.com/u/estebannicosia/","2026-04-21T02:53:05.000Z","30","0","","",""
"DTS","https://www.tradingview.com/script/RVAtyxBj-DTS/","dylon123abc","https://www.tradingview.com/u/dylon123abc/","2026-04-21T02:48:06.000Z","7","0","","",""
"PJT  Position  Risk Calculator v2.0 [Auto Signal + R]","https://www.tradingview.com/script/Ytq0492H-PJT-Position-Risk-Calculator-v2-0-Auto-Signal-R/","arcahaie2020","https://www.tradingview.com/u/arcahaie2020/","2026-04-21T02:40:42.000Z","4","0","","",""
"Session High/Low Sweeps","https://www.tradingview.com/script/BndA5htn-Session-High-Low-Sweeps/","jakelester17","https://www.tradingview.com/u/jakelester17/","2026-04-21T02:19:26.000Z","4","0","","",""
"TQQQ Dual Entry","https://www.tradingview.com/script/n9apx0pf/","huangchaoqi123","https://www.tradingview.com/u/huangchaoqi123/","2026-04-21T02:15:20.000Z","1","0","","",""
"Market Environment (External Market Source)","https://www.tradingview.com/script/Ug7lAZ4L/","huangchaoqi123","https://www.tradingview.com/u/huangchaoqi123/","2026-04-21T02:14:10.000Z","2","0","","",""
"EMA1021","https://www.tradingview.com/script/kl3Zxp6f/","huangchaoqi123","https://www.tradingview.com/u/huangchaoqi123/","2026-04-21T02:12:24.000Z","0","0","","",""
"Trendline Breakout - [NotLazyBear]","https://www.tradingview.com/script/W1Irvvgr-Trendline-Breakout-NotLazyBear/","NotLazyBear","https://www.tradingview.com/u/NotLazyBear/","2026-04-21T02:43:25.000Z","230","0","","",""
"Forex , Commodities and Futures","https://www.tradingview.com/script/7qvzlqqP-Forex-Commodities-and-Futures/","sumanshah","https://www.tradingview.com/u/sumanshah/","2026-04-21T02:03:16.000Z","1","0","","",""
"PJT  Position  Risk Calculator v2.0 [Auto Signal + R]","https://www.tradingview.com/script/RULp5vDf-PJT-Position-Risk-Calculator-v2-0-Auto-Signal-R/","arcahaie2020","https://www.tradingview.com/u/arcahaie2020/","2026-04-21T01:56:39.000Z","1","0","","",""
"Session High/Low + Sweep Markers (NY, London, Asia)","https://www.tradingview.com/script/F7nNUkep-Session-High-Low-Sweep-Markers-NY-London-Asia/","jakelester17","https://www.tradingview.com/u/jakelester17/","2026-04-21T01:51:01.000Z","3","0","","",""
"Sovereign Trend Strategy [JOAT]","https://www.tradingview.com/script/DGHCEcnB-Sovereign-Trend-Strategy-JOAT/","officialjackofalltrades","https://www.tradingview.com/u/officialjackofalltrades/","2026-04-21T01:50:29.000Z","79","0","","",""
"Trend Signals","https://www.tradingview.com/script/MB8aiOj0-Trend-Signals/","Luisbofill","https://www.tradingview.com/u/Luisbofill/","2026-04-21T01:42:02.000Z","19","0","","",""
"RSI REVERSAL DIVERGENCE[jackieee]","https://www.tradingview.com/script/yZE6hUbC-RSI-REVERSAL-DIVERGENCE-jackieee/","jackieeeeeeeee","https://www.tradingview.com/u/jackieeeeeeeee/","2026-04-21T01:30:03.000Z","10","0","","",""
"EMA/MA[jackieeee]","https://www.tradingview.com/script/7g5t5jbp-EMA-MA-jackieeee/","jackieeeeeeeee","https://www.tradingview.com/u/jackieeeeeeeee/","2026-04-21T01:20:31.000Z","2","0","","",""
"Volume Profile [jackieee]","https://www.tradingview.com/script/jjubDjdZ-Volume-Profile-jackieee/","jackieeeeeeeee","https://www.tradingview.com/u/jackieeeeeeeee/","2026-04-23T04:15:45.000Z","28","0","","",""
"Fair Value Gap[jackieee]","https://www.tradingview.com/script/0jAg7SQk-Fair-Value-Gap-jackieee/","jackieeeeeeeee","https://www.tradingview.com/u/jackieeeeeeeee/","2026-04-21T01:14:26.000Z","5","0","","",""
"RSI+BB BANDS[jackieee]","https://www.tradingview.com/script/mOIHHxy5-RSI-BB-BANDS-jackieee/","jackieeeeeeeee","https://www.tradingview.com/u/jackieeeeeeeee/","2026-04-21T01:10:39.000Z","3","0","","",""
"TC Levels Apr21","https://www.tradingview.com/script/CnxSVsje-TC-Levels-Apr21/","johnnyj82190","https://www.tradingview.com/u/johnnyj82190/","2026-04-21T01:08:25.000Z","1","0","","",""
"Volumen RT","https://www.tradingview.com/script/9zWL6Zdj-Volumen-RT/","microsystem_int","https://www.tradingview.com/u/microsystem_int/","2026-04-21T01:04:30.000Z","5","0","","",""
"Teeje9 Opening Range To End Of Day","https://www.tradingview.com/script/Zu13GHzh-Teeje9-Opening-Range-To-End-Of-Day/","Teeje9","https://www.tradingview.com/u/Teeje9/","2026-04-21T01:00:44.000Z","2","0","","",""
"SREE Complex Entry","https://www.tradingview.com/script/y4l1EOYs-SREE-Complex-Entry/","sreeoptions2017","https://www.tradingview.com/u/sreeoptions2017/","2026-04-21T02:12:35.000Z","2","0","","",""
"EMA Super Cloud - 4 Medias","https://www.tradingview.com/script/gJIgLn4d/","marioplaya","https://www.tradingview.com/u/marioplaya/","2026-04-21T00:37:21.000Z","31","0","","",""
"EMA Magic","https://www.tradingview.com/script/jaT36IvI-EMA-Magic/","ItsJust_Kess","https://www.tradingview.com/u/ItsJust_Kess/","2026-04-21T00:20:43.000Z","2","0","","",""
"Irvine Momentum","https://www.tradingview.com/script/qmvY3luY-Irvine-Momentum/","irvinegeorge06","https://www.tradingview.com/u/irvinegeorge06/","2026-04-20T23:56:21.000Z","16","0","","",""
"Darvas_Turtle_Screener_V1","https://www.tradingview.com/script/Fy5dKqvn/","herhuzband","https://www.tradingview.com/u/herhuzband/","2026-04-20T23:48:35.000Z","3","0","","",""
"MTF Trend Consensus","https://www.tradingview.com/script/JjBLWXJg-MTF-Trend-Consensus/","ShigemiQuant","https://www.tradingview.com/u/ShigemiQuant/","2026-04-20T23:40:52.000Z","9","0","","",""
"Liquidity Surge Forecast with Win Rate [TechnicalZen]","https://www.tradingview.com/script/XAZuffwP-Liquidity-Surge-Forecast-with-Win-Rate-TechnicalZen/","TechnicalZen","https://www.tradingview.com/u/TechnicalZen/","2026-04-20T20:15:09.000Z","105","6","","",""
"Daily Bias | Flux Charts","https://www.tradingview.com/script/vkv6Wjqp-Daily-Bias-Flux-Charts/","fluxchart","https://www.tradingview.com/u/fluxchart/","2026-04-20T23:02:06.000Z","316","1","","",""
"Follow-Through Day (FTD) Detector","https://www.tradingview.com/script/EWklMEDv-Follow-Through-Day-FTD-Detector/","democritus458","https://www.tradingview.com/u/democritus458/","2026-04-20T22:54:38.000Z","1","0","","",""
"PDH/PDL + PWH/PWL + ICT Bias New2026","https://www.tradingview.com/script/kk2mbKYb/","adelinhickman269","https://www.tradingview.com/u/adelinhickman269/","2026-04-20T22:53:13.000Z","16","0","","",""
"Torque Momentum Oscillator [JOAT]","https://www.tradingview.com/script/t6JwjbJn-Torque-Momentum-Oscillator-JOAT/","officialjackofalltrades","https://www.tradingview.com/u/officialjackofalltrades/","2026-04-20T22:45:42.000Z","78","0","","",""
"SMC Toolkit","https://www.tradingview.com/script/qtgdPGnV-SMC-Toolkit/","wspitsjeffrey","https://www.tradingview.com/u/wspitsjeffrey/","2026-04-20T22:37:13.000Z","25","0","","",""
"SMC Toolkit SSL BSL FVG/IFVG","https://www.tradingview.com/script/UDG5YFlD-SMC-Toolkit-SSL-BSL-FVG-IFVG/","wspitsjeffrey","https://www.tradingview.com/u/wspitsjeffrey/","2026-04-20T22:35:36.000Z","11","0","","",""
"Unemployment Shock (UNRATE FIXED)","https://www.tradingview.com/script/yH1Jd9Xq/","philip_collette","https://www.tradingview.com/u/philip_collette/","2026-04-20T22:18:18.000Z","5","0","","",""
"44 EMA & VWAP","https://www.tradingview.com/script/Hm10YbQb-44-EMA-VWAP/","ashrhnea","https://www.tradingview.com/u/ashrhnea/","2026-04-20T22:05:01.000Z","6","0","","",""
"Polished","https://www.tradingview.com/script/Md9KDR3V-Polished/","darellmatt","https://www.tradingview.com/u/darellmatt/","2026-04-20T21:56:07.000Z","10","0","","",""
"CREA Composite MA v3","https://www.tradingview.com/script/GHKgvbii-CREA-Composite-MA-v3/","ionutz666bzz","https://www.tradingview.com/u/ionutz666bzz/","2026-04-20T21:28:43.000Z","8","0","","",""
"Solstice Fibonacci Engine [JOAT]","https://www.tradingview.com/script/riok8JxE-Solstice-Fibonacci-Engine-JOAT/","officialjackofalltrades","https://www.tradingview.com/u/officialjackofalltrades/","2026-04-20T21:17:03.000Z","92","0","","",""
"ART + ORB Suggestions","https://www.tradingview.com/script/2HhOaZlu-ART-ORB-Suggestions/","darellmatt","https://www.tradingview.com/u/darellmatt/","2026-04-20T21:14:35.000Z","1","0","","",""
"CREA Composite MA v2","https://www.tradingview.com/script/YYRyEYpm-CREA-Composite-MA-v2/","ionutz666bzz","https://www.tradingview.com/u/ionutz666bzz/","2026-04-20T20:55:47.000Z","2","0","","",""
"Position Sizer Pro","https://www.tradingview.com/script/lZJ52Utz-Position-Sizer-Pro/","asifha1976","https://www.tradingview.com/u/asifha1976/","2026-04-20T21:12:57.000Z","4","0","","",""
"Checklist Djones Group","https://www.tradingview.com/script/yNclNyQT/","kmchtrading","https://www.tradingview.com/u/kmchtrading/","2026-04-20T20:17:51.000Z","33","0","","",""
"Bollinger Bands 4 Settings","https://www.tradingview.com/script/gMreO3Mq-Bollinger-Bands-4-Settings/","rauser","https://www.tradingview.com/u/rauser/","2026-04-20T20:15:56.000Z","0","0","","",""
"Confluence Trend Signals","https://www.tradingview.com/script/1ROUM2Yo-Confluence-Trend-Signals/","ky_yule1010","https://www.tradingview.com/u/ky_yule1010/","2026-04-20T20:15:07.000Z","37","0","","",""
"Simple Sentiment Indicator","https://www.tradingview.com/script/MHmKWj5V-Simple-Sentiment-Indicator/","rauser","https://www.tradingview.com/u/rauser/","2026-04-20T20:08:07.000Z","10","0","","",""
"Daily levels indexen Ilse","https://www.tradingview.com/script/c5mIW6Rj-Daily-levels-indexen-Ilse/","Ilse_Filippo","https://www.tradingview.com/u/Ilse_Filippo/","2026-04-20T19:56:25.000Z","4","0","","",""
"Heiken Ashi Trend Line","https://www.tradingview.com/script/zcU7mVMG-Heiken-Ashi-Trend-Line/","Passport_Trading","https://www.tradingview.com/u/Passport_Trading/","2026-04-20T19:43:01.000Z","7","0","","",""
"VIX Clean Dashboard (London & NY ) (LACERDA","https://www.tradingview.com/script/xnEzmkhg-VIX-Clean-Dashboard-London-NY-LACERDA/","v_coutrim_l","https://www.tradingview.com/u/v_coutrim_l/","2026-04-20T19:35:56.000Z","3","0","","",""
"Sessions AND killzones","https://www.tradingview.com/script/VQHGiw3l/","Le_ssantos","https://www.tradingview.com/u/Le_ssantos/","2026-04-20T19:28:58.000Z","2","0","","",""
"Intra-Bar Activity Index (IAI) [Adaptive Volume & Volatility]","https://www.tradingview.com/script/OjktEsmn/","arnipoer","https://www.tradingview.com/u/arnipoer/","2026-04-20T18:27:12.000Z","6","1","","",""
"Forex H/L Levels","https://www.tradingview.com/script/UTJKTVi8-Forex-H-L-Levels/","hamc94","https://www.tradingview.com/u/hamc94/","2026-04-20T16:04:12.000Z","2","0","","",""
"Svopex Sessions","https://www.tradingview.com/script/sOirTSFt-Svopex-Sessions/","svopex","https://www.tradingview.com/u/svopex/","2026-04-20T18:24:56.000Z","10","0","","",""
"Stoch RSI Background Signals - RSI Cross State","https://www.tradingview.com/script/AAS2PPYi-Stoch-RSI-Background-Signals-RSI-Cross-State/","grazzeee","https://www.tradingview.com/u/grazzeee/","2026-04-20T18:00:53.000Z","1","0","","",""
"Pivot Points High Low (HH/HL/LH/LL) [DH]","https://www.tradingview.com/script/4RRvAgEZ/","mustang2807","https://www.tradingview.com/u/mustang2807/","2026-04-20T17:37:53.000Z","5","0","","",""
"Session Sonar [OneShotAlgo]","https://www.tradingview.com/script/Q7nAMw0T-Session-Sonar-OneShotAlgo/","oneshotalgo","https://www.tradingview.com/u/oneshotalgo/","2026-04-20T17:31:22.000Z","145","0","","",""
"Coffee Box HL","https://www.tradingview.com/script/rHOzYn3W/","hlanfranco","https://www.tradingview.com/u/hlanfranco/","2026-04-20T17:11:22.000Z","6","1","","",""
"Pivot Vwap confluence entry system","https://www.tradingview.com/script/pJlHYjCK-Pivot-Vwap-confluence-entry-system/","Runnemeade","https://www.tradingview.com/u/Runnemeade/","2026-04-20T17:09:12.000Z","29","0","","",""
"Dynamic Ranges","https://www.tradingview.com/script/6kE27UnV-Dynamic-Ranges/","IamVOS","https://www.tradingview.com/u/IamVOS/","2026-04-20T16:58:33.000Z","30","0","","",""
"Vertical Line Timeline","https://www.tradingview.com/script/faYkwVCR-Vertical-Line-Timeline/","Gerrol","https://www.tradingview.com/u/Gerrol/","2026-04-20T16:51:54.000Z","0","0","","",""
"Aaryan EPS/ Sales","https://www.tradingview.com/script/k0D6FrPm-Aaryan-EPS-Sales/","aaryan_saluja_derby","https://www.tradingview.com/u/aaryan_saluja_derby/","2026-04-20T16:38:44.000Z","2","0","","",""
"Institutional 7-Point Checklist","https://www.tradingview.com/script/kjEr6l5b-Institutional-7-Point-Checklist/","t2smake","https://www.tradingview.com/u/t2smake/","2026-04-20T16:50:18.000Z","9","0","","",""
"AirForce FX - BTC Infinite Golden_1.2","https://www.tradingview.com/script/NlJ1aKTN/","asta_yaunita","https://www.tradingview.com/u/asta_yaunita/","2026-04-20T16:32:26.000Z","5","0","","",""
"Systematic Force Envelopes","https://www.tradingview.com/script/iefD24V5-Systematic-Force-Envelopes/","zoki121","https://www.tradingview.com/u/zoki121/","2026-04-20T16:25:15.000Z","82","0","","",""
"Lorentzian Probability Detector [ChartPrime]","https://www.tradingview.com/script/BeXc1ogR-Lorentzian-Probability-Detector-ChartPrime/","ChartPrime","https://www.tradingview.com/u/ChartPrime/","2026-04-20T16:18:27.000Z","1260","4","","",""
"2026 Numerology 7 Dates - Full Year Projection","https://www.tradingview.com/script/MSccKgMs-2026-Numerology-7-Dates-Full-Year-Projection/","Margo_Amala","https://www.tradingview.com/u/Margo_Amala/","2026-04-20T16:14:25.000Z","11","0","","",""
"Nifty 10-Candle ORB v4 (Alternating Trades)","https://www.tradingview.com/script/Iw8elpH5-Nifty-10-Candle-ORB-v4-Alternating-Trades/","Anupama","https://www.tradingview.com/u/Anupama/","2026-04-20T16:12:43.000Z","6","0","","",""
"MTF Right now [Zofesu]","https://www.tradingview.com/script/gMbYL1bw-MTF-Right-now-Zofesu/","Zofesu","https://www.tradingview.com/u/Zofesu/","2026-04-20T16:12:18.000Z","6","0","","",""
"Pivot VWAP Strategy","https://www.tradingview.com/script/UtsDI4uZ-Pivot-VWAP-Strategy/","Runnemeade","https://www.tradingview.com/u/Runnemeade/","2026-04-20T16:09:02.000Z","4","0","","",""
"Nifty 10-Candle ORB v4 (Alternating Trades)","https://www.tradingview.com/script/vQjYETM7-Nifty-10-Candle-ORB-v4-Alternating-Trades/","Anupama","https://www.tradingview.com/u/Anupama/","2026-04-20T16:08:50.000Z","3","1","","",""
"Retro Sniper","https://www.tradingview.com/script/LzPd03SR-Retro-Sniper/","aleggi007","https://www.tradingview.com/u/aleggi007/","2026-04-20T15:52:19.000Z","3","0","","",""
"Smart Capitulation & Exuberance - KAPIL GOYAL","https://www.tradingview.com/script/BNe8P0Jt-Smart-Capitulation-Exuberance-KAPIL-GOYAL/","GoyalKapil354","https://www.tradingview.com/u/GoyalKapil354/","2026-04-20T15:50:05.000Z","7","0","","",""
"Trade Calculator","https://www.tradingview.com/script/hRfbAVse-Trade-Calculator/","grazzeee","https://www.tradingview.com/u/grazzeee/","2026-04-20T15:27:10.000Z","13","0","","",""
"Compression Pressure Map [AGPro Series]","https://www.tradingview.com/script/EJWdWvDp-Compression-Pressure-Map-AGPro-Series/","AGProLabs","https://www.tradingview.com/u/AGProLabs/","2026-04-20T15:22:36.000Z","30","0","","",""
"Delta Volume Structure [CLEVER]","https://www.tradingview.com/script/y6O7aKR2-Delta-Volume-Structure-CLEVER/","TheCleverTraders","https://www.tradingview.com/u/TheCleverTraders/","2026-04-20T15:13:30.000Z","419","0","","",""
"Trade Calculator","https://www.tradingview.com/script/YDWE9Msh-Trade-Calculator/","grazzeee","https://www.tradingview.com/u/grazzeee/","2026-04-20T15:08:38.000Z","8","0","","",""
"ORBITAL ORB Indicator","https://www.tradingview.com/script/AQlHHy7Q-ORBITAL-ORB-Indicator/","brettcarlsonltd","https://www.tradingview.com/u/brettcarlsonltd/","2026-04-20T15:04:52.000Z","8","0","","",""
"Level Survival Map [AGPro Series]","https://www.tradingview.com/script/lKXjHExQ-Level-Survival-Map-AGPro-Series/","AGProLabs","https://www.tradingview.com/u/AGProLabs/","2026-04-20T15:01:55.000Z","26","0","","",""
"Session Reaction Map [AGPro Series]","https://www.tradingview.com/script/V6nxAoiL-Session-Reaction-Map-AGPro-Series/","AGProLabs","https://www.tradingview.com/u/AGProLabs/","2026-04-20T14:51:26.000Z","13","0","","",""
"nichoxbt's NUPL ratio","https://www.tradingview.com/script/Usgyuefq-nichoxbt-s-NUPL-ratio/","cryptontrades","https://www.tradingview.com/u/cryptontrades/","2026-04-20T14:31:32.000Z","22","0","","",""
"Aura Pivot S/R Matrix [Pineify]","https://www.tradingview.com/script/IiE7vJT5-Aura-Pivot-S-R-Matrix-Pineify/","Pineify","https://www.tradingview.com/u/Pineify/","2026-04-20T14:24:39.000Z","157","0","","",""
"Failed Break Quality [AGPro Series]","https://www.tradingview.com/script/zW3Ss9eR-Failed-Break-Quality-AGPro-Series/","AGProLabs","https://www.tradingview.com/u/AGProLabs/","2026-04-20T14:23:09.000Z","37","2","","",""
"Reaction Efficiency Meter [AGPro Series]","https://www.tradingview.com/script/O6lDEn3S-Reaction-Efficiency-Meter-AGPro-Series/","AGProLabs","https://www.tradingview.com/u/AGProLabs/","2026-04-20T14:03:57.000Z","23","0","","",""
"Percentile Stretch Bands [AGPro Series]","https://www.tradingview.com/script/KLPt3Hrt-Percentile-Stretch-Bands-AGPro-Series/","AGProLabs","https://www.tradingview.com/u/AGProLabs/","2026-04-20T13:54:35.000Z","22","0","","",""
"Temporal Volume Profile 3D [LuxAlgo]","https://www.tradingview.com/script/5WlzalhD-Temporal-Volume-Profile-3D-LuxAlgo/","LuxAlgo","https://www.tradingview.com/u/LuxAlgo/","2026-04-20T13:38:33.000Z","421","7","","",""
"Dynamic Trend Pivots [BOSWaves]","https://www.tradingview.com/script/r96J5mhx-Dynamic-Trend-Pivots-BOSWaves/","BOSWaves","https://www.tradingview.com/u/BOSWaves/","2026-04-20T13:25:25.000Z","1966","0","","",""
"Mei - Sessions","https://www.tradingview.com/script/CM59I2BM-Mei-Sessions/","toantran_mei","https://www.tradingview.com/u/toantran_mei/","2026-04-20T13:11:52.000Z","5","0","","",""
"SREE Candle STrength ($1.2+)","https://www.tradingview.com/script/OxqEsXoq-SREE-Candle-STrength-1-2/","sreeoptions2017","https://www.tradingview.com/u/sreeoptions2017/","2026-04-21T16:36:15.000Z","10","0","","",""
"Session VWAP Reaction Engine [AGPro Series]","https://www.tradingview.com/script/7EJmiT4S-Session-VWAP-Reaction-Engine-AGPro-Series/","AGProLabs","https://www.tradingview.com/u/AGProLabs/","2026-04-20T13:06:07.000Z","14","0","","",""
"Mei - Bubbles","https://www.tradingview.com/script/Eb8wSDOH-Mei-Bubbles/","toantran_mei","https://www.tradingview.com/u/toantran_mei/","2026-04-20T13:01:01.000Z","2","0","","",""
"Reference Price Operating Map [AGPro Series]","https://www.tradingview.com/script/NUhNgsIH-Reference-Price-Operating-Map-AGPro-Series/","AGProLabs","https://www.tradingview.com/u/AGProLabs/","2026-04-20T12:45:02.000Z","13","0","","",""
"Watermark","https://www.tradingview.com/script/fbPDuIZq-Watermark/","tresenior4","https://www.tradingview.com/u/tresenior4/","2026-04-20T12:42:35.000Z","0","0","","",""
"DOUBLE MACD[jackieee]","https://www.tradingview.com/script/VEoX8uQ3-DOUBLE-MACD-jackieee/","jackieeeeeeeee","https://www.tradingview.com/u/jackieeeeeeeee/","2026-04-20T12:38:03.000Z","5","0","","",""
"Ultimate Scalping Tool 2.0 [BullByte]","https://www.tradingview.com/script/kPWyXkFM-Ultimate-Scalping-Tool-2-0-BullByte/","BullByte","https://www.tradingview.com/u/BullByte/","2026-04-20T12:32:53.000Z","1065","4","","",""
"ALEX LOW (SG) - EMA 5/20 Long Signal","https://www.tradingview.com/script/6xHVyOYg-ALEX-LOW-SG-EMA-5-20-Long-Signal/","alexlwh17","https://www.tradingview.com/u/alexlwh17/","2026-04-20T15:57:30.000Z","6","0","","",""
"Trade Calculator","https://www.tradingview.com/script/VqdkkXgs-Trade-Calculator/","grazzeee","https://www.tradingview.com/u/grazzeee/","2026-04-20T12:27:53.000Z","2","0","","",""
"Value Migration Bands [AGPro Series]","https://www.tradingview.com/script/nc8zpwkj-Value-Migration-Bands-AGPro-Series/","AGProLabs","https://www.tradingview.com/u/AGProLabs/","2026-04-20T12:25:34.000Z","11","0","","",""
"DOW + FVG CE Tracker by NHK","https://www.tradingview.com/script/8n4wTnSN-DOW-FVG-CE-Tracker-by-NHK/","lnhglo1","https://www.tradingview.com/u/lnhglo1/","2026-04-20T12:18:41.000Z","2","0","","",""
"Leader NASDAQ (Shape Matcher & MTF Bias) (LACERDA)","https://www.tradingview.com/script/tVgzb9hU-Leader-NASDAQ-Shape-Matcher-MTF-Bias-LACERDA/","v_coutrim_l","https://www.tradingview.com/u/v_coutrim_l/","2026-04-20T12:13:19.000Z","12","0","","",""
"Maestro Scalper XauUsd","https://www.tradingview.com/script/i4AIzjoE-maestro-scalper-xauusd/","billionaire0707","https://www.tradingview.com/u/billionaire0707/","2026-04-20T12:47:03.000Z","96","1","","",""
"Repricing Belt Engine [AGPro Series]","https://www.tradingview.com/script/Vnh2OeMh-Repricing-Belt-Engine-AGPro-Series/","AGProLabs","https://www.tradingview.com/u/AGProLabs/","2026-04-20T11:55:51.000Z","11","0","","",""
"Leader NASDAQ (Shape Matcher) NY,ASIA,London","https://www.tradingview.com/script/eYQCgYRC-Leader-NASDAQ-Shape-Matcher-NY-ASIA-London/","v_coutrim_l","https://www.tradingview.com/u/v_coutrim_l/","2026-04-20T11:53:07.000Z","6","0","","",""
"SMA & EMA [FIBO]","https://www.tradingview.com/script/s2dSJe0v/","Okeefe06","https://www.tradingview.com/u/Okeefe06/","2026-04-20T11:51:55.000Z","5","0","","",""
"1%K.Chom CCI DIvergence","https://www.tradingview.com/script/Dklbvy2X/","AntmanForex","https://www.tradingview.com/u/AntmanForex/","2026-04-20T11:47:59.000Z","9","0","","",""
"Price Void Atlas [AGPro Series]","https://www.tradingview.com/script/o5IOncgB-Price-Void-Atlas-AGPro-Series/","AGProLabs","https://www.tradingview.com/u/AGProLabs/","2026-04-20T11:44:12.000Z","59","0","","",""
"MTF Matrix Strategy","https://www.tradingview.com/script/FQVb4qo4/","Okeefe06","https://www.tradingview.com/u/Okeefe06/","2026-04-20T21:55:21.000Z","6","0","","",""
"Fixed Range Control Box [AGPro Series]","https://www.tradingview.com/script/sdh6Puw6-Fixed-Range-Control-Box-AGPro-Series/","AGProLabs","https://www.tradingview.com/u/AGProLabs/","2026-04-20T11:23:38.000Z","32","0","","",""
"Cross-Timeframe Value Overlay [AGPro Series]","https://www.tradingview.com/script/oqSgASWh-Cross-Timeframe-Value-Overlay-AGPro-Series/","AGProLabs","https://www.tradingview.com/u/AGProLabs/","2026-04-20T11:13:50.000Z","8","0","","",""
"EMA + MACD + RSI Confluence Signal","https://www.tradingview.com/script/e8ABY7TP-EMA-MACD-RSI-Confluence-Signal/","pawehu","https://www.tradingview.com/u/pawehu/","2026-04-20T12:26:29.000Z","1058","0","","",""
"Equilibrium Momentum Shift + Divegence [BigBeluga]","https://www.tradingview.com/script/467SFOco-Equilibrium-Momentum-Shift-Divegence-BigBeluga/","BigBeluga","https://www.tradingview.com/u/BigBeluga/","2026-04-20T10:45:49.000Z","1044","10","","",""
"Market Pressure Route [AGPro Series]","https://www.tradingview.com/script/Mh8Xbsmj-Market-Pressure-Route-AGPro-Series/","AGProLabs","https://www.tradingview.com/u/AGProLabs/","2026-04-20T10:44:54.000Z","9","0","","",""
"Volatility Shape Classifier [AGPro Series]","https://www.tradingview.com/script/qK4BNkBx-Volatility-Shape-Classifier-AGPro-Series/","AGProLabs","https://www.tradingview.com/u/AGProLabs/","2026-04-20T10:33:11.000Z","3","0","","",""
"AGNI MOMENTUM - Ultimate Swing Strategy","https://www.tradingview.com/script/yp4CqVVY-AGNI-MOMENTUM-Ultimate-Swing-Strategy/","The_Stock_Yogi","https://www.tradingview.com/u/The_Stock_Yogi/","2026-04-20T10:32:57.000Z","9","0","","",""
"RSI Confluence Matrix","https://www.tradingview.com/script/QPJQJtea-RSI-Confluence-Matrix/","A3rl","https://www.tradingview.com/u/A3rl/","2026-04-20T10:30:59.000Z","11","0","","",""
"Amavasya Friday + Ekadashi Tuesday","https://www.tradingview.com/script/bSrtr0y6-Amavasya-Friday-Ekadashi-Tuesday/","riteshparakkal","https://www.tradingview.com/u/riteshparakkal/","2026-04-20T10:20:42.000Z","9","1","","",""
"Dynamic Acceptance Channel [AGPro Series]","https://www.tradingview.com/script/xcaUPEsO-Dynamic-Acceptance-Channel-AGPro-Series/","AGProLabs","https://www.tradingview.com/u/AGProLabs/","2026-04-20T10:06:34.000Z","7","0","","",""
"Delivery Regime Map [AGPro Series]","https://www.tradingview.com/script/7xR1GB9N-Delivery-Regime-Map-AGPro-Series/","AGProLabs","https://www.tradingview.com/u/AGProLabs/","2026-04-20T09:57:03.000Z","5","0","","",""
"Adaptive Risk Regime Strategy","https://www.tradingview.com/script/KjIJTzGP-Adaptive-Risk-Regime-Strategy/","AIScripts","https://www.tradingview.com/u/AIScripts/","2026-04-20T09:56:05.000Z","36","0","","",""
"Mean Reversion Corridors [AGPro Series]","https://www.tradingview.com/script/Yv2hFW4X-Mean-Reversion-Corridors-AGPro-Series/","AGProLabs","https://www.tradingview.com/u/AGProLabs/","2026-04-20T09:40:23.000Z","22","0","","",""
"V-Shape IFVGs [louis]","https://www.tradingview.com/script/JACBuOEf-V-Shape-IFVGs-louis/","louisq69","https://www.tradingview.com/u/louisq69/","2026-04-20T14:57:37.000Z","38","0","","",""
"Luke's liquidity sweep mechanical model","https://www.tradingview.com/script/SX646uPP-Luke-s-liquidity-sweep-mechanical-model/","Lukeunding","https://www.tradingview.com/u/Lukeunding/","2026-04-20T09:38:08.000Z","347","0","","",""
"CyberFX Sessions Clock","https://www.tradingview.com/script/rzLsNhk7-CyberFX-Sessions-Clock/","cyberFX2019","https://www.tradingview.com/u/cyberFX2019/","2026-04-20T09:31:48.000Z","3","0","","",""
"Trend Stability Ribbon [AGPro Series]","https://www.tradingview.com/script/wO7lCGZC-Trend-Stability-Ribbon-AGPro-Series/","AGProLabs","https://www.tradingview.com/u/AGProLabs/","2026-04-20T09:29:44.000Z","3","0","","",""
"Directional Continuation Cloud","https://www.tradingview.com/script/AxchksFN-Directional-Continuation-Cloud/","theprofitreframe","https://www.tradingview.com/u/theprofitreframe/","2026-04-20T09:28:26.000Z","1","0","","",""
"Macro Regime Engine (DXY/VIX/Rates/Liquidity)","https://www.tradingview.com/script/QUTVZ0pF/","philip_collette","https://www.tradingview.com/u/philip_collette/","2026-04-20T09:26:02.000Z","2","0","","",""
"Volume Shelf Reaction Map [AGPro Series]","https://www.tradingview.com/script/tnbX7RBK-Volume-Shelf-Reaction-Map-AGPro-Series/","AGProLabs","https://www.tradingview.com/u/AGProLabs/","2026-04-20T09:18:21.000Z","15","0","","",""
"Rejection Block Quality [AGPro Series]","https://www.tradingview.com/script/cMl0yHxI-Rejection-Block-Quality-AGPro-Series/","AGProLabs","https://www.tradingview.com/u/AGProLabs/","2026-04-20T08:57:21.000Z","747","4","","",""
"GB Stock Info","https://www.tradingview.com/script/rjp2conT-GB-Stock-Info/","GEEBEE28","https://www.tradingview.com/u/GEEBEE28/","2026-04-20T08:43:28.000Z","1","0","","",""
"GBStockDB","https://www.tradingview.com/script/sLtXYCyl-GBStockDB/","GEEBEE28","https://www.tradingview.com/u/GEEBEE28/","2026-04-20T08:41:22.000Z","0","0","","",""
"CODEX MTF H1 BBMA","https://www.tradingview.com/script/JdeNlgHZ-CODEX-MTF-H1-BBMA/","padencodex","https://www.tradingview.com/u/padencodex/","2026-04-20T08:29:26.000Z","1","0","","",""
"Sessions [SMT]","https://www.tradingview.com/script/wVYI4eD1-Sessions-SMT/","smartmoney7715","https://www.tradingview.com/u/smartmoney7715/","2026-04-20T08:24:37.000Z","3","0","","",""
"Turtle Soup Reversal Map [AGPro Series]","https://www.tradingview.com/script/jxwPmNiq-Turtle-Soup-Reversal-Map-AGPro-Series/","AGProLabs","https://www.tradingview.com/u/AGProLabs/","2026-04-20T08:22:04.000Z","54","0","","",""
"Power Fib Scanner","https://www.tradingview.com/script/KmoPbpBY-Power-Fib-Scanner/","vdancel283","https://www.tradingview.com/u/vdancel283/","2026-04-20T08:16:27.000Z","16","0","","",""
"FWBS - Breakouts","https://www.tradingview.com/script/fQDBCxrk-FWBS-Breakouts/","trippyrandme","https://www.tradingview.com/u/trippyrandme/","2026-04-20T08:00:32.000Z","3","0","","",""
"Clean ZigZag Fib Confirmation","https://www.tradingview.com/script/TfPGi7R8-Clean-ZigZag-Fib-Confirmation/","vdancel283","https://www.tradingview.com/u/vdancel283/","2026-04-20T07:53:41.000Z","23","0","","",""
"BTC Correlation","https://www.tradingview.com/script/HXDxUGiA-btc-correlation/","bboydaler","https://www.tradingview.com/u/bboydaler/","2026-04-20T07:42:30.000Z","4","0","","",""
"Yivgeny Decision Score v3","https://www.tradingview.com/script/1VYfEZzH-Yivgeny-Decision-Score-v3/","Yivgeny","https://www.tradingview.com/u/Yivgeny/","2026-04-20T07:39:43.000Z","2","0","","",""
"Liquidity Void Navigator [AGPro Series]","https://www.tradingview.com/script/239d5bYe-Liquidity-Void-Navigator-AGPro-Series/","AGProLabs","https://www.tradingview.com/u/AGProLabs/","2026-04-20T07:27:00.000Z","25","0","","",""
"Moving Average Exponential","https://www.tradingview.com/script/qBzyuysT-Moving-Average-Exponential/","Thiagord","https://www.tradingview.com/u/Thiagord/","2026-04-20T07:22:01.000Z","2","0","","",""
"All-in-One: ADR% + MA Suite + OH/OL + DWM HL","https://www.tradingview.com/script/5jVHHmtH-All-in-One-ADR-MA-Suite-OH-OL-DWM-HL/","Hodger500","https://www.tradingview.com/u/Hodger500/","2026-04-20T07:07:21.000Z","1","0","","",""
"AI Predictive Flow (Zeiierman)","https://www.tradingview.com/script/qaaxkW1P-AI-Predictive-Flow-Zeiierman/","Zeiierman","https://www.tradingview.com/u/Zeiierman/","2026-04-20T06:47:06.000Z","515","3","","",""
"Scalping Volatility Detector FIXED","https://www.tradingview.com/script/d46oQrJb/","philip_collette","https://www.tradingview.com/u/philip_collette/","2026-04-20T06:44:40.000Z","1","0","","",""
"DAX Breadth [AM]","https://www.tradingview.com/script/tIADsVYz-DAX-Breadth-AM/","Frankie65","https://www.tradingview.com/u/Frankie65/","2026-04-20T06:40:57.000Z","3","0","","",""
"Latest Swing High / Low","https://www.tradingview.com/script/inHu365K/","philip_collette","https://www.tradingview.com/u/philip_collette/","2026-04-20T06:38:36.000Z","2","0","","",""
"JohnnyM - Scanner Bot","https://www.tradingview.com/script/lc66fKdo/","hoang_nguyenminh","https://www.tradingview.com/u/hoang_nguyenminh/","2026-04-20T02:39:13.000Z","1","0","","",""
"Advanced Regime Detector (MTF Pro)","https://www.tradingview.com/script/9FZi9cms/","philip_collette","https://www.tradingview.com/u/philip_collette/","2026-04-20T06:37:22.000Z","3","0","","",""
"DEMA 50 + MACD Color","https://www.tradingview.com/script/UYeD0big/","philip_collette","https://www.tradingview.com/u/philip_collette/","2026-04-20T06:33:27.000Z","3","0","","",""
"SOSITE HUY PENDOSI","https://www.tradingview.com/script/OgDRThaI-sosite-huy-pendosi/","DecimusForex","https://www.tradingview.com/u/DecimusForex/","2026-04-20T05:46:50.000Z","134","5","","",""
"Nifty 10-Candle ORB v4 (Alternating Trades)","https://www.tradingview.com/script/cMy2aLGD-Nifty-10-Candle-ORB-v4-Alternating-Trades/","Anupama","https://www.tradingview.com/u/Anupama/","2026-04-20T05:41:35.000Z","5","0","","",""
"Moving Average Ribbon 8","https://www.tradingview.com/script/G40cqTXu-Moving-Average-Ribbon-8/","delux9285","https://www.tradingview.com/u/delux9285/","2026-04-20T05:37:01.000Z","0","0","","",""
"Power of Three (AMD) Map [AGPro Series]","https://www.tradingview.com/script/ct19Gmwe-Power-of-Three-AMD-Map-AGPro-Series/","AGProLabs","https://www.tradingview.com/u/AGProLabs/","2026-04-20T05:08:17.000Z","193","0","","",""
"Bull/Bear Trend Ribbon | 6-Layer Smooth Trend Tracking System","https://www.tradingview.com/script/fZJpjhvZ/","william_wq","https://www.tradingview.com/u/william_wq/","2026-04-20T04:18:20.000Z","3","0","","",""
"AirForce FX - Gold Infinite Golden-1.2","https://www.tradingview.com/script/QNLxMQpV/","asta_yaunita","https://www.tradingview.com/u/asta_yaunita/","2026-04-20T16:57:18.000Z","10","0","","",""
"rsi celestial / infernal ( sergio castillon ) 2","https://www.tradingview.com/script/2NYrxOb1/","mrgreen209","https://www.tradingview.com/u/mrgreen209/","2026-04-20T03:38:07.000Z","0","0","","",""
"Metis Entry Approval Engine v3","https://www.tradingview.com/script/8gc3QhZ9-Metis-Entry-Approval-Engine-v3/","Metis_Investment_Strategies","https://www.tradingview.com/u/Metis_Investment_Strategies/","2026-04-21T00:04:17.000Z","4","0","","",""
"AirForce FX - Golden1.2","https://www.tradingview.com/script/roQkGlmD/","asta_yaunita","https://www.tradingview.com/u/asta_yaunita/","2026-04-20T03:29:41.000Z","7","0","","",""
"Monster Box Final Boss Scanner v13","https://www.tradingview.com/script/qss3oN7y-Monster-Box-Final-Boss-Scanner-v13/","kademanlohner","https://www.tradingview.com/u/kademanlohner/","2026-04-20T03:26:11.000Z","7","0","","",""
"Schumann Spectrum Dynamic RSI","https://www.tradingview.com/script/F3MZYp7Q-Schumann-Spectrum-Dynamic-RSI/","NotLazyBear","https://www.tradingview.com/u/NotLazyBear/","2026-04-20T03:12:52.000Z","8","0","","",""
"RSI celestial/infernal  ( sergio castillon )","https://www.tradingview.com/script/Dllv03bk/","mrgreen209","https://www.tradingview.com/u/mrgreen209/","2026-04-20T03:12:39.000Z","0","0","","",""
"ICT Break of structure","https://www.tradingview.com/script/N70zUKNa-ICT-Break-of-structure/","kang13649","https://www.tradingview.com/u/kang13649/","2026-04-20T02:41:08.000Z","15","0","","",""
"ICT Break of Structures","https://www.tradingview.com/script/YO5Q3PS6-ICT-Break-of-Structures/","kang13649","https://www.tradingview.com/u/kang13649/","2026-04-20T02:40:10.000Z","5","0","","",""
"Stable Main Force System v6","https://www.tradingview.com/script/7rQKeCN2-Stable-Main-Force-System-v6/","heelee699","https://www.tradingview.com/u/heelee699/","2026-04-20T02:35:51.000Z","3","0","","",""
"4H + 1H Opens (Independent Control)","https://www.tradingview.com/script/OEbKlhn4-4H-1H-Opens-Independent-Control/","pranavkumarpal22","https://www.tradingview.com/u/pranavkumarpal22/","2026-04-20T02:32:34.000Z","18","0","","",""
"Automatic VWAPs & NY Session Dashboard","https://www.tradingview.com/script/hdFOYQzS-Automatic-VWAPs-NY-Session-Dashboard/","Jherian","https://www.tradingview.com/u/Jherian/","2026-04-20T02:08:27.000Z","2","0","","",""
"TASC 2026.05 The AutoTune Filter","https://www.tradingview.com/script/GqKlw3yv-TASC-2026-05-The-AutoTune-Filter/","PineCodersTASC","https://www.tradingview.com/u/PineCodersTASC/","2026-04-22T15:18:03.000Z","93","3","","",""
"Wheel Sniper","https://www.tradingview.com/script/MpOTDxMj-Wheel-Sniper/","bennyb1022","https://www.tradingview.com/u/bennyb1022/","2026-04-20T02:05:35.000Z","1","2","","",""
"Key Levels [H/L + Opens]","https://www.tradingview.com/script/Q7bk7Eks-Key-Levels-H-L-Opens/","carvictor0101","https://www.tradingview.com/u/carvictor0101/","2026-04-20T01:57:31.000Z","16","0","","",""
"AN Trades","https://www.tradingview.com/script/3FZqkzF9-AN-Trades/","thevogel678","https://www.tradingview.com/u/thevogel678/","2026-04-25T03:04:48.000Z","18","0","","",""
"Insider Trades","https://www.tradingview.com/script/TsqcPyPn-Insider-Trades/","vinayohara","https://www.tradingview.com/u/vinayohara/","2026-04-19T21:41:25.000Z","2","0","","",""
"Key Levels + MTF Trend + RSI","https://www.tradingview.com/script/infdA9IJ-Key-Levels-MTF-Trend-RSI/","monilspatel13","https://www.tradingview.com/u/monilspatel13/","2026-04-20T01:54:06.000Z","29","0","","",""
"Multiple MA Lines with Distance (KenshinC)","https://www.tradingview.com/script/tozwucrt-Multiple-MA-Lines-with-Distance-KenshinC/","KenshinC","https://www.tradingview.com/u/KenshinC/","2026-04-20T01:35:42.000Z","3","0","","",""
"Strata Volume Contour [JOAT]","https://www.tradingview.com/script/WmJpKlSS-Strata-Volume-Contour-JOAT/","officialjackofalltrades","https://www.tradingview.com/u/officialjackofalltrades/","2026-04-20T01:32:42.000Z","43","0","","",""
"GapWatch Unfilled Gaps","https://www.tradingview.com/script/p0cR5lFE-GapWatch-Unfilled-Gaps/","vuppulavkreddy","https://www.tradingview.com/u/vuppulavkreddy/","2026-04-20T01:31:25.000Z","10","0","","",""
"Session Divider with Daily/Weekly Labels","https://www.tradingview.com/script/UwnO5jlk/","myhide78","https://www.tradingview.com/u/myhide78/","2026-04-19T23:46:38.000Z","4","0","","",""
"Metis Speculative Entry Engine v1","https://www.tradingview.com/script/ENU5w88Q-Metis-Speculative-Entry-Engine-v1/","Metis_Investment_Strategies","https://www.tradingview.com/u/Metis_Investment_Strategies/","2026-04-19T23:36:43.000Z","1","0","","",""
"Liquidity Zones - Swing Highs & Lows","https://www.tradingview.com/script/2XEqUhv9/","santicar96","https://www.tradingview.com/u/santicar96/","2026-04-19T23:23:18.000Z","627","1","","",""
"Gold HFT - Hybrid MT5 Final","https://www.tradingview.com/script/5UrAuvx9-Gold-HFT-Hybrid-MT5-Final/","amivora19","https://www.tradingview.com/u/amivora19/","2026-04-19T22:45:48.000Z","11","0","","",""
"Koda Full System","https://www.tradingview.com/script/tU5f5YHW-Koda-Full-System/","TonoMiakoda","https://www.tradingview.com/u/TonoMiakoda/","2026-04-19T22:32:23.000Z","3","0","","",""
"Velox Structure Ribbon [JOAT]","https://www.tradingview.com/script/2WwCDeIv-Velox-Structure-Ribbon-JOAT/","officialjackofalltrades","https://www.tradingview.com/u/officialjackofalltrades/","2026-04-19T22:22:05.000Z","24","0","","",""
"ProTrader Specific version of the toodegrees indicator","https://www.tradingview.com/script/vrKEhtHB-ProTrader-Specific-version-of-the-toodegrees-indicator/","nielswillemars","https://www.tradingview.com/u/nielswillemars/","2026-04-19T22:16:28.000Z","5","0","","",""
"ORB Arrow with Advanced Filters","https://www.tradingview.com/script/brotbU0P-ORB-Arrow-with-Advanced-Filters/","ilfauno","https://www.tradingview.com/u/ilfauno/","2026-04-19T22:09:43.000Z","1","0","","",""
"Prism Intelligence SPX  GEX Confluence and Sniper Entry System","https://www.tradingview.com/script/pntn3ivw-Prism-Intelligence-SPX-GEX-Confluence-and-Sniper-Entry-System/","tschmidt1998","https://www.tradingview.com/u/tschmidt1998/","2026-04-19T21:57:36.000Z","20","0","","",""
"Order Blocks + Fib MTF [Modified]","https://www.tradingview.com/script/KkrTEuc9/","ShadowTraderScalp","https://www.tradingview.com/u/ShadowTraderScalp/","2026-04-19T21:53:13.000Z","20","0","","",""
"Silver Bullet Window Map [AGPro Series]","https://www.tradingview.com/script/1Xj7Nm5M-Silver-Bullet-Window-Map-AGPro-Series/","AGProLabs","https://www.tradingview.com/u/AGProLabs/","2026-04-19T21:51:52.000Z","13","0","","",""
"Hydra EMA Fusion V1","https://www.tradingview.com/script/mFkMYsGD/","ShadowTraderScalp","https://www.tradingview.com/u/ShadowTraderScalp/","2026-04-19T21:51:46.000Z","1","0","","",""
"AN Trades","https://www.tradingview.com/script/GyRgo658-AN-Trades/","thevogel678","https://www.tradingview.com/u/thevogel678/","2026-04-19T21:47:31.000Z","1","0","","",""
"APOZ - Market Dashboard","https://www.tradingview.com/script/pH1jMjHQ-APOZ-Market-Dashboard/","kale_stately","https://www.tradingview.com/u/kale_stately/","2026-04-19T21:46:16.000Z","0","0","","",""
"Multirange","https://www.tradingview.com/script/FF3lJ0Mq-Multirange/","EMp5_","https://www.tradingview.com/u/EMp5_/","2026-04-19T21:32:57.000Z","9","0","","",""
"ORB Prop Firm Execution Model (Fully Anchored)","https://www.tradingview.com/script/gunsGQdC-ORB-Prop-Firm-Execution-Model-Fully-Anchored/","ilfauno","https://www.tradingview.com/u/ilfauno/","2026-04-19T21:30:13.000Z","1","0","","",""
"APOZ - VWAP Suite","https://www.tradingview.com/script/YhZblrNr-APOZ-VWAP-Suite/","kale_stately","https://www.tradingview.com/u/kale_stately/","2026-04-19T21:29:07.000Z","2","0","","",""
"Stock vs SPY Relative Comparison Shaded","https://www.tradingview.com/script/EP8kYuh0-Stock-vs-SPY-Relative-Comparison-Shaded/","xTradeLogicx","https://www.tradingview.com/u/xTradeLogicx/","2026-04-19T21:21:04.000Z","2","0","","",""
"Setup Quality Scorecard [AGPro Series]","https://www.tradingview.com/script/VLxfdJfT-Setup-Quality-Scorecard-AGPro-Series/","AGProLabs","https://www.tradingview.com/u/AGProLabs/","2026-04-19T21:13:34.000Z","426","0","","",""
"Composite Regime Oscillator v6 - Clean Confirmed Reversal","https://www.tradingview.com/script/MTUM6ecT-Composite-Regime-Oscillator-v6-Clean-Confirmed-Reversal/","theprofitreframe","https://www.tradingview.com/u/theprofitreframe/","2026-04-19T21:06:50.000Z","10","0","","",""
"ORB Prop Firm Execution Model (Fully Anchored)","https://www.tradingview.com/script/MAPkatnR-ORB-Prop-Firm-Execution-Model-Fully-Anchored/","ilfauno","https://www.tradingview.com/u/ilfauno/","2026-04-19T21:06:25.000Z","0","0","","",""
"horario 8:36","https://www.tradingview.com/script/VY6SnXJQ/","EduVillano","https://www.tradingview.com/u/EduVillano/","2026-04-19T20:56:20.000Z","2","0","","",""
"ORB Prop Firm Execution Model (Fully Anchored)","https://www.tradingview.com/script/VRcfgfLp-ORB-Prop-Firm-Execution-Model-Fully-Anchored/","ilfauno","https://www.tradingview.com/u/ilfauno/","2026-04-19T20:56:18.000Z","1","0","","",""
"ORB Prop Firm Execution Model (Anchored)","https://www.tradingview.com/script/eid1alXI-ORB-Prop-Firm-Execution-Model-Anchored/","ilfauno","https://www.tradingview.com/u/ilfauno/","2026-04-19T20:53:34.000Z","0","0","","",""
"ORB Hardened Pro + AVWAP (No Box Version)","https://www.tradingview.com/script/fEoearHw-ORB-Hardened-Pro-AVWAP-No-Box-Version/","ilfauno","https://www.tradingview.com/u/ilfauno/","2026-04-19T20:49:38.000Z","2","0","","",""
"Trend Quality Indicator - TQI | TR","https://www.tradingview.com/script/wWgA0nGW-Trend-Quality-Indicator-TQI-TR/","Tiagorocha1989","https://www.tradingview.com/u/Tiagorocha1989/","2026-04-19T20:48:32.000Z","10","0","","",""
"ORB Sniper Pro (AVWAP + Filters)","https://www.tradingview.com/script/O9WEEDNT-ORB-Sniper-Pro-AVWAP-Filters/","ilfauno","https://www.tradingview.com/u/ilfauno/","2026-04-19T21:37:15.000Z","4","0","","",""
