"titulo","url","autor","url_autor","data_atualizacao","boosts","comentarios","views","tags","_status"
"FVG with Probabilities | GainzAlgo","https://www.tradingview.com/script/sSsrTFwp-FVG-with-Probabilities-GainzAlgo/","GainzAlgo","https://www.tradingview.com/u/GainzAlgo/","24/04/2026","609","0","","","conn_error"
"FVG Quality Scorer | Flux Charts","https://www.tradingview.com/script/olDO4cWI-FVG-Quality-Scorer-Flux-Charts/","fluxchart","https://www.tradingview.com/u/fluxchart/","24/04/2026","401","2","6864","Candlestick analysis | displacement | fairvaluegap | fluxcharts | fvg | fvgrating | structure | Trend Analysis | Volume","200"
"Moving Average Cross Toolkit [NotLazyBear]","https://www.tradingview.com/script/Ebkusgce-Moving-Average-Cross-Toolkit-NotLazyBear/","NotLazyBear","https://www.tradingview.com/u/NotLazyBear/","26/04/2026","391","1","10569","Moving Averages","200"
"Institutional Order Flow Map","https://www.tradingview.com/script/RtUSROgU-Institutional-Order-Flow-Map/","AleksDU","https://www.tradingview.com/u/AleksDU/","25/04/2026","131","0","5370","statistics | Volume","200"
"Dominance Sweep Tracker [JOAT]","https://www.tradingview.com/script/SksvlRqT-Dominance-Sweep-Tracker-JOAT/","officialjackofalltrades","https://www.tradingview.com/u/officialjackofalltrades/","25/04/2026","94","0","3172","BOS | Chart patterns | ictconcepts | indicator-free | indicators | multitimeframe | orderblocks | orderflow | session | tpsl | tpslindicator | Trend Analysis","200"
"Zen RTH Trading Toolkit","https://www.tradingview.com/script/uyhvlSrD-Zen-RTH-Trading-Toolkit/","Zen_Trading_Tech","https://www.tradingview.com/u/Zen_Trading_Tech/","24/04/2026","122","1","3320","ABR | albrooks | averagebarrange | Candlestick analysis | DAX Index | futures | measuredmoves | openingrange | priceaction | statistics | Volatility","200"
"SuperTrend PSAR Scalping Momentum Indicator","https://www.tradingview.com/script/AIkRE08r-SuperTrend-PSAR-Scalping-Momentum-Indicator/","Tradedailywithseb","https://www.tradingview.com/u/Tradedailywithseb/","25/04/2026","62","2","","","404"
"SPY Breadth Buy Signal","https://www.tradingview.com/script/EqOvXo5Z-SPY-Breadth-Buy-Signal/","jhc77761829","https://www.tradingview.com/u/jhc77761829/","25/04/2026","16","2","1860","Breadth Indicators","200"
"TOB (True Order Blocks)","https://www.tradingview.com/script/lBcIKXtX-TOB-True-Order-Blocks/","carvictor0101","https://www.tradingview.com/u/carvictor0101/","24/04/2026","70","0","3566","Candlestick analysis | Chart patterns | Cycles","200"
"RB22 Fast Pass Strategy (15 Micro) - PERFECTED","https://www.tradingview.com/script/3nzaoTFx-RB22-Fast-Pass-Strategy-15-Micro-PERFECTED/","arreolajuliojr969","https://www.tradingview.com/u/arreolajuliojr969/","25/04/2026","111","0","9124","Breadth Indicators | Candlestick analysis | Chart patterns","200"
"Market State Distribution Engine v2 [Breadth Model]","https://www.tradingview.com/script/TDF1eTka-Market-State-Distribution-Engine-v2-Breadth-Model/","Trade_Logic1019","https://www.tradingview.com/u/Trade_Logic1019/","24/04/2026","114","0","2554","Breadth Indicators | Oscillators | Trend Analysis","200"
"SHK CCI RSI StochRSI Fisher Blended Oscillator divergence","https://www.tradingview.com/script/jn89BVvO-SHK-CCI-RSI-StochRSI-Fisher-Blended-Oscillator-divergence/","Syed_Hussain_K","https://www.tradingview.com/u/Syed_Hussain_K/","24/04/2026","43","1","826","Commodity Channel Index (CCI) | Fisher Transform | Stochastic RSI (STOCH RSI)","200"
"Supertrend Multi-Filter Toolkit [CLEVER]","https://www.tradingview.com/script/KCnf3Jsc-Supertrend-Multi-Filter-Toolkit-CLEVER/","TheCleverTraders","https://www.tradingview.com/u/TheCleverTraders/","25/04/2026","68","0","3699","educational | multitimeframe | Trend Analysis","200"
"Segmented Pressure Bands [JOAT]","https://www.tradingview.com/script/HTfGgMLY-Segmented-Pressure-Bands-JOAT/","officialjackofalltrades","https://www.tradingview.com/u/officialjackofalltrades/","25/04/2026","46","0","5882","autotpsl | bands | Chart patterns | Harmonic Patterns | indicator-free | indicators | pressure | regime | Trend Analysis | trendlineanalysis | Trend Line Break | volumespreadanalysis","200"
"J.TRADER - Premium Trend Sniper V.05","https://www.tradingview.com/script/v8vUB8Sb/","Trader_j_official","https://www.tradingview.com/u/Trader_j_official/","24/04/2026","98","0","1922","BTCUSD | crypto | Gold | Trend Analysis | XAUUSD","200"
"Wedge Reversal Detector [AGPro Series]","https://www.tradingview.com/script/czoEb5kS-Wedge-Reversal-Detector-AGPro-Series/","AGProLabs","https://www.tradingview.com/u/AGProLabs/","24/04/2026","71","0","1064","BREAKOUT-QUALITY | chart-patterns | Chart patterns | falling-wedge | market-structure | pattern-detection | reversal | Rising Wedge | Technical Analysis | Wedge","200"
"Trend lines super","https://www.tradingview.com/script/j5Tr7GxT-trend-lines-super/","AlexTraderPsycholog","https://www.tradingview.com/u/AlexTraderPsycholog/","25/04/2026","45","0","10320","Bands and Channels | Chart patterns | Trend Analysis","200"
"Dual Structure CHoCH RR system","https://www.tradingview.com/script/zZn43fwU-Dual-Structure-CHoCH-RR-system/","julzALGO","https://www.tradingview.com/u/julzALGO/","25/04/2026","35","0","4517","educational | multitimeframe | Trend Analysis","200"
"Auto Swings + 4H / 1H / 5m Trend (FULL + ALL TF ALERT)","https://www.tradingview.com/script/zOo0l8ip-auto-swings-4h-1h-5m-trend-full-all-tf-alert/","TradePro1000","https://www.tradingview.com/u/TradePro1000/","24/04/2026","45","0","713","Candlestick analysis","200"
"ABCD Projection Zones [AGPro Series]","https://www.tradingview.com/script/BOuMku65-ABCD-Projection-Zones-AGPro-Series/","AGProLabs","https://www.tradingview.com/u/AGProLabs/","25/04/2026","30","0","2645","abcd-harmonic-pattern | AB=CD | completion-zone | market-structure | measured-move | price-action | projection-zone | reaction-zone | swing-structure | Trend Analysis","200"
"PRE: UT Bot + Linear Regression Combo","https://www.tradingview.com/script/vpe0Y2hr-PRE-UT-Bot-Linear-Regression-Combo/","preclicks","https://www.tradingview.com/u/preclicks/","24/04/2026","43","0","1715","Chart patterns | educational | multitimeframe","200"
"CCI Surge - Momentum Continuation Strateg","https://www.tradingview.com/script/0NVDxrQc-CCI-Surge-Momentum-Continuation-Strateg/","wielkieef","https://www.tradingview.com/u/wielkieef/","25/04/2026","27","0","1632","4h | breakout | Commodity Channel Index (CCI) | crypto | HMA | Hull Moving Average (HMA) | swing-trading | trend","200"
"Volume Profile With Smart Level Detection","https://www.tradingview.com/script/eoJMDuOm-Volume-Profile-With-Smart-Level-Detection/","CraftyPicks","https://www.tradingview.com/u/CraftyPicks/","25/04/2026","29","0","962","Volume Profile","200"
"AMT Market Phase [TradingIQ + Ethan]","https://www.tradingview.com/script/kzJBbJO3-AMT-Market-Phase-TradingIQ-Ethan/","Trading-IQ","https://www.tradingview.com/u/Trading-IQ/","25/04/2026","35","0","1615","AMT | tradingiq | Volume Profile","200"
"JEETUNSE stockpro - Audited V7.1 Strict Close","https://www.tradingview.com/script/m2YvQr3j-JEETUNSE-stockpro-Audited-V7-1-Strict-Close/","jeetunse","https://www.tradingview.com/u/jeetunse/","25/04/2026","5","1","417","Chart patterns","200"
"Confirmation Signals [Simple]","https://www.tradingview.com/script/5YFdymjB-confirmation-signals-simple/","vitalychikin","https://www.tradingview.com/u/vitalychikin/","24/04/2026","46","0","2010","Pivot points and levels | Trend Analysis","200"
"Wave Navigator Cycle [Adaptive]","https://www.tradingview.com/script/LkdQLlEo-Wave-Navigator-Cycle-Adaptive/","carlson35","https://www.tradingview.com/u/carlson35/","24/04/2026","35","0","1132","Cycles | Harmonic Patterns | Moving Averages","200"
"Traditional Renko Box Overlay","https://www.tradingview.com/script/TZkdEphU/","FX_tankyu","https://www.tradingview.com/u/FX_tankyu/","25/04/2026","18","0","447","Candlestick analysis","200"
"Cumulative Volume Delta","https://www.tradingview.com/script/WZA1QyN1-Cumulative-Volume-Delta/","pluckyMagpie58488","https://www.tradingview.com/u/pluckyMagpie58488/","24/04/2026","76","1","1205","Bands and Channels | chart | CVD | LINE","200"
"Weekly Open Reaction Map [AGPro Series]","https://www.tradingview.com/script/rmHuWlAn-Weekly-Open-Reaction-Map-AGPro-Series/","AGProLabs","https://www.tradingview.com/u/AGProLabs/","25/04/2026","20","0","2411","acceptance | market-structure | price-action | reaction-zone | reclaim | Support and Resistance | support-resistance | weekly-bias | weekly-open | weekly-open-level","200"
"Hull MA Trend Zones [AGPro Series]","https://www.tradingview.com/script/J6TYZdIP-Hull-MA-Trend-Zones-AGPro-Series/","AGProLabs","https://www.tradingview.com/u/AGProLabs/","24/04/2026","40","0","3117","dynamic-trend-zone | HMA | hma-slope | hull-moving-average | Moving Averages | pullback | Trend Analysis | trend-following | trend-strength | trend-zones","200"
"GUADEER orignel SMC 2.0","https://www.tradingview.com/script/ESGoafRm-GUADEER-orignel-SMC-2-0/","AQUATRADERS","https://www.tradingview.com/u/AQUATRADERS/","24/04/2026","33","1","1207","Candlestick analysis | Chart patterns | Cycles","200"
"arvindvasudevan","https://www.tradingview.com/script/KALVfNQj-arvindvasudevan/","tradewithanand11","https://www.tradingview.com/u/tradewithanand11/","25/04/2026","24","0","","","404"
"Quasimodo Reversal Zones [AGPro Series]","https://www.tradingview.com/script/zqlDPLfS-Quasimodo-Reversal-Zones-AGPro-Series/","AGProLabs","https://www.tradingview.com/u/AGProLabs/","25/04/2026","15","0","622","invalidation | price-action | qm-pattern | quasimodo | reaction-zone | reversal-zones | smart-money-concepts | SMC | swing-structure | Trend Analysis","200"
"Session Range Architecture [JOAT]","https://www.tradingview.com/script/qeSoTcGR-Session-Range-Architecture-JOAT/","officialjackofalltrades","https://www.tradingview.com/u/officialjackofalltrades/","25/04/2026","21","0","1940","bias | bullbeartrend | Chart patterns | Cycles | emacrossover | indicators | rejection_bars | session | sessionseparator | timezone | tpslindicator | Trend Analysis","200"
"Cup and Handle Quality [AGPro Series]","https://www.tradingview.com/script/Kg8nENSG-Cup-and-Handle-Quality-AGPro-Series/","AGProLabs","https://www.tradingview.com/u/AGProLabs/","25/04/2026","17","0","654","BREAKOUT-QUALITY | chart-patterns | Chart patterns | continuation-pattern | Cup And Handle | CUP-RIM | handle-depth | measured-move | swing-structure | technical-analysis","200"
"Impulse Structure Zones [JOAT]","https://www.tradingview.com/script/OesGgbnY-Impulse-Structure-Zones-JOAT/","officialjackofalltrades","https://www.tradingview.com/u/officialjackofalltrades/","25/04/2026","13","0","558","bearbullimpulse | Chart patterns | Harmonic Patterns | impulse | indicator-free | indicators | lifecycle | orderblocks | Trend Analysis | volumespreadanalysis | zscore | zscoreindicator","200"
"J.TRADER - Premium Trend Sniper V.05","https://www.tradingview.com/script/DJuv8t7K/","Trader_j_official","https://www.tradingview.com/u/Trader_j_official/","24/04/2026","39","0","910","ATR | Forex | Gold | jtrader | priceaction | Relative Strength Index (RSI) | SMC | tradingview | Trend Analysis | XAUUSD","200"
"JEETU PRO PCR & OI SMART MASTER + CVD","https://www.tradingview.com/script/wlAhtG6n-JEETU-PRO-PCR-OI-SMART-MASTER-CVD/","jeetunse","https://www.tradingview.com/u/jeetunse/","25/04/2026","15","0","650","Volatility | Volume","200"
"Non-Repainting Trendline Breakout","https://www.tradingview.com/script/f8yYw8Uq/","aa7440282","https://www.tradingview.com/u/aa7440282/","25/04/2026","18","0","431","Moving Averages | multitimeframe | regressions","200"
"OTE Fast Pass Strategy (15 Micro) - PERFECTED","https://www.tradingview.com/script/LiHS9rGa-OTE-Fast-Pass-Strategy-15-Micro-PERFECTED/","arreolajuliojr969","https://www.tradingview.com/u/arreolajuliojr969/","25/04/2026","16","0","549","Bill Williams Indicators | Breadth Indicators | Candlestick analysis","200"
"Ict Ny Mmxm","https://www.tradingview.com/script/DLKT1kXZ-Ict-Ny-Mmxm/","SunovaBeach","https://www.tradingview.com/u/SunovaBeach/","25/04/2026","17","0","819","Candlestick Analysis | ict | imbalance | intraday | marketmaker | mmxm | ny | orderblock | RTH | silverbullet","200"
"Heikin Ashi Trend Zones [AGPro Series]","https://www.tradingview.com/script/iXNTJGyR-Heikin-Ashi-Trend-Zones-AGPro-Series/","AGProLabs","https://www.tradingview.com/u/AGProLabs/","24/04/2026","25","0","4723","atr-context | continuation-quality | heikin-ashi | heikin-ashi-chart | price-action | transition-zones | Trend Analysis | trend-continuation | trend-ribbon | trend-zones","200"
"MASU+ v12 Conformal Edge","https://www.tradingview.com/script/brAt4GUH-MASU-v12-Conformal-Edge/","Mark_Novak","https://www.tradingview.com/u/Mark_Novak/","25/04/2026","11","0","533","Trend Analysis","200"
"Volume Absorption Zones [AGPro Series]","https://www.tradingview.com/script/10Fk4mJY-Volume-Absorption-Zones-AGPro-Series/","AGProLabs","https://www.tradingview.com/u/AGProLabs/","24/04/2026","37","0","701","absorption | candle-structure | effort-result | market-structure | price-action | Trend Analysis | volume-analysis | Volume | zones","200"
"ATR Super Bands Long/Short","https://www.tradingview.com/script/6Bv48FFN-ATR-Super-Bands-Long-Short/","Crypto_Imperija","https://www.tradingview.com/u/Crypto_Imperija/","25/04/2026","14","0","3702","alertsignals | ATR | bandsandchanels | Bands and Channels | longshort | longshortsignals | supertrend | tradingsignals | Trend Analysis | Volatility | volatilitybands","200"
"Darvas Box Breakout Quality [AGPro Series]","https://www.tradingview.com/script/SBsg0Ad5-Darvas-Box-Breakout-Quality-AGPro-Series/","AGProLabs","https://www.tradingview.com/u/AGProLabs/","25/04/2026","13","0","639","box-breakout | BREAKOUT-QUALITY | chart-patterns | Chart patterns | darvas-box | failed-breakout | range-compression | technical-analysis | volatility-compression | volume-confirmation","200"
"1-2-3 Reversal Map [AGPro Series]","https://www.tradingview.com/script/W9OHw6fk-1-2-3-Reversal-Map-AGPro-Series/","AGProLabs","https://www.tradingview.com/u/AGProLabs/","25/04/2026","11","0","547","1-2-3-reversal | 123-reversal | breakout-retest | chart-patterns | Chart patterns | market-structure | neckline | retest-pocket | reversal-map | swing-structure","200"
"MR DU Elliott Wave FOR IX0001","https://www.tradingview.com/script/cSmpPNRT-MR-DU-Elliott-Wave-FOR-IX0001/","curtischangTW","https://www.tradingview.com/u/curtischangTW/","24/04/2026","13","0","335","Wave Analysis","200"
"Institutional IOF Zones","https://www.tradingview.com/script/Vjwpg6h8-Institutional-IOF-Zones/","ZenOutMan","https://www.tradingview.com/u/ZenOutMan/","24/04/2026","29","0","4432","Chart patterns | Support and Resistance | Volume","200"
"3-TP RSI-ATR Strategy [4h]","https://www.tradingview.com/script/C2UvIzsg-3-TP-RSI-ATR-Strategy-4h/","wielkieef","https://www.tradingview.com/u/wielkieef/","24/04/2026","21","0","786","ATR | Average True Range (ATR) | crypto | Relative Strength Index (RSI) | Simple Moving Average (SMA) | sma | strategy | target-point | targetpoint | trend-following","200"
"Modelo Entrada Institucional 40/30/30","https://www.tradingview.com/script/LUY9ThWM/","Jerrik","https://www.tradingview.com/u/Jerrik/","25/04/2026","11","0","322","entrylevels | gestionderiesgos | Pivot points and levels | Portfolio management | riskmanagementstrategy | riskreward","200"
"Adaptive RSI ZScore","https://www.tradingview.com/script/63LvNlP6-Adaptive-RSI-ZScore/","Unknownhodler","https://www.tradingview.com/u/Unknownhodler/","25/04/2026","10","0","313","Oscillators | Relative Strength Index (RSI) | Standard Deviation","200"
"Gold Minicharts [MatsukazeAlgo]","https://www.tradingview.com/script/JX9eg0xp-Gold-Minicharts-MatsukazeAlgo/","MatsukazeAlgo","https://www.tradingview.com/u/MatsukazeAlgo/","24/04/2026","54","0","1078","Candlestick analysis | DXY | fvg | Gold | minicharts | multitimeframe | multitimeframes | session | SMC | Trend Analysis | XAUUSD","200"
"QuantumPips ReactionTrack","https://www.tradingview.com/script/98WCOctk-QuantumPips-ReactionTrack/","QuantumPipsio","https://www.tradingview.com/u/QuantumPipsio/","24/04/2026","24","0","455","Candlestick analysis | forecasting | Trend Analysis","200"
"PRE's: UTB + LR Candles","https://www.tradingview.com/script/b5y2hfth-PRE-s-UTB-LR-Candles/","preclicks","https://www.tradingview.com/u/preclicks/","24/04/2026","12","0","339","Chart patterns | educational | Trend Analysis","200"
"Volatility Prism [JOAT]","https://www.tradingview.com/script/7xp4xp9j-Volatility-Prism-JOAT/","officialjackofalltrades","https://www.tradingview.com/u/officialjackofalltrades/","24/04/2026","20","0","637","bandsandchanels | Bands and Channels | bandwidth | Bollinger Bands (BB) | bollingersband | indicator-free | indicators | squeezemomentum | stochrsi-oversold | Trend Analysis | trendtrading | volatilty","200"
"NY Weekly Candle Right","https://www.tradingview.com/script/GsEUCwed-NY-Weekly-Candle-Right/","safianfzl","https://www.tradingview.com/u/safianfzl/","24/04/2026","10","0","275","analysis | candle | Candlestick analysis | Chart patterns | Cycles | Weekly Charts","200"
"Deviation Lens [JOAT]","https://www.tradingview.com/script/QK8f1R5o-Deviation-Lens-JOAT/","officialjackofalltrades","https://www.tradingview.com/u/officialjackofalltrades/","24/04/2026","227","0","3949","beardivergence | bulldivergence | Chart patterns | displacement | Divergence | Harmonic Patterns | indicator-free | indicators | meanreversion | statisticalprobability | statistics | zscore","200"
"VWRSI Crossovers & Extremes [The AI Trading Desk]","https://www.tradingview.com/script/DLxyp3Vv-VWRSI-Crossovers-Extremes-The-AI-Trading-Desk/","TheAITradingDesk","https://www.tradingview.com/u/TheAITradingDesk/","25/04/2026","11","0","484","crossover | momentumindicator | Relative Strength Index (RSI) | rsioverbought | rsioversold | trend | Volume | volumeweighted | Volume Weighted Moving Average (VWMA)","200"
"Volume Displacement Engine [JOAT]","https://www.tradingview.com/script/1axezDdC-Volume-Displacement-Engine-JOAT/","officialjackofalltrades","https://www.tradingview.com/u/officialjackofalltrades/","25/04/2026","12","0","582","breakouttrading | Chart patterns | displacement | Harmonic Patterns | histogram | indicator-free | indicators | oscillaltor | regimechange | tpsl | volumespreadanalysis | Volume","200"
"Lunchy Model","https://www.tradingview.com/script/IaNiZtVw-Lunchy-Model/","klazalier","https://www.tradingview.com/u/klazalier/","25/04/2026","12","0","623","Chart patterns","200"
"ICT Balanced Price Range (BPR)","https://www.tradingview.com/script/eGvnxDh1-ICT-Balanced-Price-Range-BPR/","Stealthlink","https://www.tradingview.com/u/Stealthlink/","25/04/2026","10","0","329","Bands and Channels | Chart patterns | Cycles","200"
"Momentum Ignition Radar [forexobroker]","https://www.tradingview.com/script/jrsBf1Ea-Momentum-Ignition-Radar-forexobroker/","forexobroker","https://www.tradingview.com/u/forexobroker/","25/04/2026","9","0","347","Breadth Indicators | Trend Analysis | Volatility","200"
"Chandelier Exit Flip Zones [AGPro Series]","https://www.tradingview.com/script/Q40nkmjM-Chandelier-Exit-Flip-Zones-AGPro-Series/","AGProLabs","https://www.tradingview.com/u/AGProLabs/","24/04/2026","13","0","521","atr-distance | atr-trailing-stop | chandelier-exit | exit-tool | flip-zones | trailing-stop | Trend Analysis | trend-continuation | trend-following","200"
"NQ pivot pulse","https://www.tradingview.com/script/xX8p81dZ-NQ-pivot-pulse/","TylerFrancis06","https://www.tradingview.com/u/TylerFrancis06/","24/04/2026","28","2","952","algotrading | future | Pine utilities | propfirm","200"
"Velocity Candle Radar","https://www.tradingview.com/script/bw5TLYcY-Velocity-Candle-Radar/","Crypto_Imperija","https://www.tradingview.com/u/Crypto_Imperija/","25/04/2026","10","0","531","ADX | ATR | buysellsignal | dashboard | Momentum Indicator (MOM) | multitimeframe | Relative Strength Index (RSI) | trendlineanalysis","200"
"Auto Swings + 4H / 1H / 5m Trend (FULL)","https://www.tradingview.com/script/5n7Hb1WX-auto-swings-4h-1h-5m-trend-full/","TradePro1000","https://www.tradingview.com/u/TradePro1000/","24/04/2026","11","0","259","Candlestick analysis","200"
"session high/low teszt","https://www.tradingview.com/script/vdEebaiV-session-high-low-teszt/","stermarcell","https://www.tradingview.com/u/stermarcell/","24/04/2026","12","2","312","Cycles","200"
"NQ Confluence Pro","https://www.tradingview.com/script/n78qCI6q-NQ-Confluence-Pro/","harmannssingh","https://www.tradingview.com/u/harmannssingh/","25/04/2026","6","0","336","multitimeframe | Trend Analysis | Volume","200"
"GM-Structure Ultra [POC & Major SR] Herman Sangivera","https://www.tradingview.com/script/MlPbQNl5/","hermanwomsiwor","https://www.tradingview.com/u/hermanwomsiwor/","25/04/2026","9","0","387","Breadth Indicators | regressions | Trend Analysis","200"
"Gold Futures Statistical Mapper (GC1! - Stat Mapper)","https://www.tradingview.com/script/wPrIN09d-Gold-Futures-Statistical-Mapper-GC1-Stat-Mapper/","FreedomByFutures","https://www.tradingview.com/u/FreedomByFutures/","25/04/2026","7","0","531","forecasting | GC | Gold | goldfutures | hitrate | probability | session | statisticalprobability | statistics | Trend Analysis","200"
"gold predaction","https://www.tradingview.com/script/03WZlK2s-gold-predaction/","Ask_Peter","https://www.tradingview.com/u/Ask_Peter/","25/04/2026","6","0","391","Breadth Indicators | Candlestick analysis | Chart patterns","200"
"Effort vs Result Reaction Map [AGPro Series]","https://www.tradingview.com/script/HeDQBrkV-Effort-vs-Result-Reaction-Map-AGPro-Series/","AGProLabs","https://www.tradingview.com/u/AGProLabs/","24/04/2026","20","0","541","absorption | effort-vs-result | failed-progress | low-effort-move | reaction-map | volume-efficiency | volume-spread-analysis | Volume | VSA | wyckoff","200"
"OB Finder ICT  BOS/CHoCH","https://www.tradingview.com/script/q271mT0a-OB-Finder-ICT-BOS-CHoCH/","Stealthlink","https://www.tradingview.com/u/Stealthlink/","25/04/2026","17","1","697","Candlestick analysis | Chart patterns | Cycles","200"
"Aquila Reale Assets v6.7 PRO giua64","https://www.tradingview.com/script/k4GmC5Iu/","giua64","https://www.tradingview.com/u/giua64/","25/04/2026","5","0","","","404"
"Adaptive Trend Checklist (EMA + Supertrend + ADX)svm","https://www.tradingview.com/script/02CMQ5HC/","salvadorvelasco2009","https://www.tradingview.com/u/salvadorvelasco2009/","25/04/2026","6","0","298","Trend Analysis","200"
"MU indicator ict","https://www.tradingview.com/script/5EoUhtuL-MU-indicator-ict/","miles113","https://www.tradingview.com/u/miles113/","24/04/2026","8","0","396","Bands and Channels | Breadth Indicators | Chart patterns","200"
"Timeframe Heikin Ashi RSI Oscillator","https://www.tradingview.com/script/N05NQ9CN-Timeframe-Heikin-Ashi-RSI-Oscillator/","gggoaaat","https://www.tradingview.com/u/gggoaaat/","24/04/2026","11","0","382","Candlestick analysis | gggoaaat | Relative Strength Index (RSI)","200"
"Liquidity Matrix Indicator","https://www.tradingview.com/script/FrkT4WTr-Liquidity-Matrix-Indicator/","srini_mallareddy","https://www.tradingview.com/u/srini_mallareddy/","24/04/2026","19","0","402","educational | Moving Averages | multitimeframe","200"
"Sector Power & Market Regime","https://www.tradingview.com/script/ZF1Onesq-Sector-Power-Market-Regime/","federalTacos5392b","https://www.tradingview.com/u/federalTacos5392b/","25/04/2026","5","0","320","Rate of Change (ROC) | relativestrength | sector | statistics","200"
"Smart Reversal Compass [forexobroker]","https://www.tradingview.com/script/OleQDj4S-Smart-Reversal-Compass-forexobroker/","forexobroker","https://www.tradingview.com/u/forexobroker/","25/04/2026","5","0","324","Oscillators | Trend Analysis | Volatility","200"
"ORB Prism","https://www.tradingview.com/script/Jaq8nQeX-ORB-Prism/","jorgehernandez1176","https://www.tradingview.com/u/jorgehernandez1176/","25/04/2026","10","0","2144","educational | Fundamental Analysis","200"
"Yearly CPR By BitcoinBaily","https://www.tradingview.com/script/YF8DYJ0e-Yearly-CPR-By-BitcoinBaily/","bitcoinbaily","https://www.tradingview.com/u/bitcoinbaily/","25/04/2026","5","0","190","Pivot points and levels","200"
"VWAP Bounce PRO - Stable","https://www.tradingview.com/script/DvcNmaf7-VWAP-Bounce-PRO-Stable/","jw129","https://www.tradingview.com/u/jw129/","25/04/2026","5","0","429","Trend Analysis | Volume | Volume Weighted Moving Average (VWMA)","200"
"Liquidity Sweep + FVG + VWAP Strategy","https://www.tradingview.com/script/9XtfE9kA-Liquidity-Sweep-FVG-VWAP-Strategy/","tradewithanand11","https://www.tradingview.com/u/tradewithanand11/","25/04/2026","5","0","","","404"
"Aquila Reale RSI v3.7 PRO | giua64","https://www.tradingview.com/script/YIF2OfJ6/","giua64","https://www.tradingview.com/u/giua64/","25/04/2026","6","0","","","404"
"Bloomberg Fundamental Terminal - Precision Edition","https://www.tradingview.com/script/7ZHMfWZG-Bloomberg-Fundamental-Terminal-Precision-Edition/","bilal1947","https://www.tradingview.com/u/bilal1947/","25/04/2026","4","0","218","Fundamental Analysis","200"
"Sand (200MA)","https://www.tradingview.com/script/xfGOWwWr/","BeatrixYang","https://www.tradingview.com/u/BeatrixYang/","25/04/2026","6","0","288","Chart patterns","200"
"Measured Move Projection Zones [AGPro Series]","https://www.tradingview.com/script/uRcaGuen-Measured-Move-Projection-Zones-AGPro-Series/","AGProLabs","https://www.tradingview.com/u/AGProLabs/","25/04/2026","6","0","601","base-range | chart-patterns | Chart patterns | impulse-leg | invalidation | measured-move | price-action | projection-zones | swing-analysis | target-zone","200"
"M1 Croissants","https://www.tradingview.com/script/ehNalL73-M1-Croissants/","charlie_become_sensei","https://www.tradingview.com/u/charlie_become_sensei/","25/04/2026","7","0","269","Candlestick analysis","200"
"MTF Structure Intelligence Dashboard [NICK789]","https://www.tradingview.com/script/47qBfaya-MTF-Structure-Intelligence-Dashboard-NICK789/","NICK789","https://www.tradingview.com/u/NICK789/","24/04/2026","20","0","534","dashboard | educational | multitimeframe | multitimeframeanalysis | rsidiv","200"
"Supertrend+atr","https://www.tradingview.com/script/bK7ooPvS/","Darkphi","https://www.tradingview.com/u/Darkphi/","24/04/2026","15","0","571","Candlestick Analysis","200"
"Session Pulse [JOAT]","https://www.tradingview.com/script/ccYTHr7K-Session-Pulse-JOAT/","officialjackofalltrades","https://www.tradingview.com/u/officialjackofalltrades/","25/04/2026","6","0","408","Chart patterns | cumulativevolumedelta | Cycles | forecasting | gap | indicator-free | indicators | session | sessionrange | sessionseparator | statistical | timezonesessions","200"
"VWAP Pullback Trading System","https://www.tradingview.com/script/um5WMElt-VWAP-Pullback-Trading-System/","ramya0822","https://www.tradingview.com/u/ramya0822/","24/04/2026","22","0","453","Chart patterns | Moving Averages | Trend Analysis","200"
"Low Volume Pullback Zones [AGPro Series]","https://www.tradingview.com/script/rWPId9WQ-Low-Volume-Pullback-Zones-AGPro-Series/","AGProLabs","https://www.tradingview.com/u/AGProLabs/","24/04/2026","12","0","505","continuation-trigger | ema-trend-filter | invalidation-boundary | low-volume-pullback | pullback-zones | rvol | shallow-retracement | trend-continuation | VOLUME-DRY-UP | Volume","200"
"---","https://www.tradingview.com/script/KzuAavsJ/","AIssa_","https://www.tradingview.com/u/AIssa_/","24/04/2026","17","0","301","Candlestick analysis | Chart patterns | Cycles","200"
"Opening Range Failure Zones [AGPro Series]","https://www.tradingview.com/script/y9779NQ9-Opening-Range-Failure-Zones-AGPro-Series/","AGProLabs","https://www.tradingview.com/u/AGProLabs/","24/04/2026","9","0","401","bands-channels | band-walk | bollinger-bands | bollingerbandstrategy | failure-warning | pullback-quality | Trend Analysis | trend-continuation | trend-pressure | Volatility | volatility-bands","200"
"Bollinger Walk Quality [AGPro Series]","https://www.tradingview.com/script/qHMogVDP-Bollinger-Walk-Quality-AGPro-Series/","AGProLabs","https://www.tradingview.com/u/AGProLabs/","24/04/2026","10","0","432","band-walk | bollinger-bands | bollingerbandstrategy | failure-warning | pullback-quality | Trend Analysis | trend-continuation | trend-pressure | Volatility | volatility-bands | volatilityindicator","200"
"BT Vela RX","https://www.tradingview.com/script/7n8DISuJ/","BillionsTrade","https://www.tradingview.com/u/BillionsTrade/","24/04/2026","7","1","262","Candlestick analysis | Fractal | Trend Analysis","200"
"Hidden Divergence Continuation Zones [AGPro Series]","https://www.tradingview.com/script/KlbXe0Q9-Hidden-Divergence-Continuation-Zones-AGPro-Series/","AGProLabs","https://www.tradingview.com/u/AGProLabs/","24/04/2026","10","0","358","continuation-zones | Divergence | DMI | hidden-divergence | Relative Strength Index (RSI) | swing-trading | Trend Analysis | trend-continuation","200"
"MACD + 200 EMA + Support/Resistance Strategy","https://www.tradingview.com/script/FzfWWd0i-MACD-200-EMA-Support-Resistance-Strategy/","Phantom_Trader_Global","https://www.tradingview.com/u/Phantom_Trader_Global/","25/04/2026","3","0","480","Exponential Moving Average (EMA) | Moving Average Convergence / Divergence (MACD) | Support and Resistance","200"
"ATR20 SMA x3.5 Trailing Line","https://www.tradingview.com/script/41aUv3gh/","hibinomasakazu1991","https://www.tradingview.com/u/hibinomasakazu1991/","25/04/2026","4","0","336","statistics | Volatility","200"
"HTF Uncollected Liquidity","https://www.tradingview.com/script/kpL2Usq7/","nirree11","https://www.tradingview.com/u/nirree11/","25/04/2026","4","0","421","Candlestick analysis | Chart patterns | forecasting | institutional | liquidity | liquiditypool | liquiditysweep | smart-money | SMC","200"
"test","https://www.tradingview.com/script/hj5bM92S-test/","segols","https://www.tradingview.com/u/segols/","25/04/2026","4","0","","","404"
"Quantum VWAP","https://www.tradingview.com/script/uxNkvIMO-Quantum-VWAP/","ksdkingtreid","https://www.tradingview.com/u/ksdkingtreid/","25/04/2026","7","0","379","Bands and Channels | Candlestick analysis","200"
"Tiefster ZigZag Punkt + VWAP 1 + VWAP 2 Touch + Screener","https://www.tradingview.com/script/l2IxsK29/","Ashpi_","https://www.tradingview.com/u/Ashpi_/","25/04/2026","5","0","284","Bands and Channels","200"
"gold longer bulish","https://www.tradingview.com/script/mUuZLOfR-gold-longer-bulish/","Ask_Peter","https://www.tradingview.com/u/Ask_Peter/","25/04/2026","3","0","355","Bill Williams Indicators | Breadth Indicators | Cycles","200"
"AS 25.04.2026 - 1 minute Elephant bar + SMA Trend + FVG","https://www.tradingview.com/script/dluSmFat/","andrzejcezaryszulkowski","https://www.tradingview.com/u/andrzejcezaryszulkowski/","25/04/2026","5","0","339","Moving Averages | multitimeframe | Trend Analysis","200"
"Smart S/R Price Action with Volume, Breakout Retest & Auto SL/TP","https://www.tradingview.com/script/FArv6PIm-Smart-S-R-Price-Action-with-Volume-Breakout-Retest-Auto-SL-TP/","dipin_rai7260","https://www.tradingview.com/u/dipin_rai7260/","25/04/2026","5","0","313","Candlestick analysis","200"
"Power Trend [Webster]","https://www.tradingview.com/script/EY6WIRW7-Power-Trend-Webster/","Calda09","https://www.tradingview.com/u/Calda09/","25/04/2026","4","0","269","Breadth Indicators | Cycles | Trend Analysis","200"
"CTZ Asia Session + MTF Levels","https://www.tradingview.com/script/Qihi2Fcr-CTZ-Asia-Session-MTF-Levels/","CryptoTradingZone","https://www.tradingview.com/u/CryptoTradingZone/","25/04/2026","4","0","123","Cycles | multitimeframe | Pivot points and levels","200"
"Mentor ELITE 3 ZLEMA Signal","https://www.tradingview.com/script/Cx6gzDjH-Mentor-ELITE-3-ZLEMA-Signal/","bdlove1815","https://www.tradingview.com/u/bdlove1815/","25/04/2026","5","0","","","404"
"ORB [SPX500] (Prism Style)","https://www.tradingview.com/script/vujZW8Pn-ORB-SPX500-Prism-Style/","jorgehernandez1176","https://www.tradingview.com/u/jorgehernandez1176/","25/04/2026","6","0","393","Candlestick analysis | educational","200"
"Smart MCDX BTCUSD SNIPER PRO (DYNAMIC HTF FIXED)","https://www.tradingview.com/script/bVeV9Iww/","Sachse-1980","https://www.tradingview.com/u/Sachse-1980/","25/04/2026","4","0","284","Bands and Channels | Bill Williams Indicators | Breadth Indicators","200"
"CPR 3M/6M/12M Bull/Bear Stacking + 9/15 EMA","https://www.tradingview.com/script/yBlraNo3-CPR-3M-6M-12M-Bull-Bear-Stacking-9-15-EMA/","bitcoinbaily","https://www.tradingview.com/u/bitcoinbaily/","25/04/2026","7","0","164","Pivot points and levels","200"
"EMA Crossover Signal","https://www.tradingview.com/script/wJlgUvmS-EMA-Crossover-Signal/","aydenjustiniano6","https://www.tradingview.com/u/aydenjustiniano6/","25/04/2026","5","0","197","Bands and Channels | Candlestick analysis | Chart patterns | strategy","200"
"Growth Breakout Indicator v3 - EMA + RVOL + Stoch RSI","https://www.tradingview.com/script/XjJqBVdm-Growth-Breakout-Indicator-v3-EMA-RVOL-Stoch-RSI/","anders_k","https://www.tradingview.com/u/anders_k/","24/04/2026","11","0","372","Chart patterns | Moving Averages | Trend Analysis","200"
"NQ IFVG Suite keya","https://www.tradingview.com/script/cZW7jvl4-NQ-IFVG-Suite-keya/","arnavnagpal","https://www.tradingview.com/u/arnavnagpal/","24/04/2026","13","0","359","forecasting | Fractal | Fundamental Analysis","200"
"Kiyotaka RSI Clone","https://www.tradingview.com/script/EVUXmxVE/","shaoruce","https://www.tradingview.com/u/shaoruce/","24/04/2026","20","0","413","regressions","200"
"BREAK OF STRUCTURE strategy","https://www.tradingview.com/script/0EZp3sZy-BREAK-OF-STRUCTURE-strategy/","skyvisionfx1","https://www.tradingview.com/u/skyvisionfx1/","24/04/2026","27","0","482","BOS | Candlestick analysis | Chart patterns","200"
"TMA - True NY Midnight","https://www.tradingview.com/script/kG84Ozbp-TMA-True-NY-Midnight/","trendmastera","https://www.tradingview.com/u/trendmastera/","25/04/2026","3","2","198","Cycles | Support and Resistance | Trend Analysis","200"
"Breakout Volume Quality [AGPro Series]","https://www.tradingview.com/script/ur0U6b1Z-Breakout-Volume-Quality-AGPro-Series/","AGProLabs","https://www.tradingview.com/u/AGProLabs/","24/04/2026","13","0","503","breakout | breakout-confirmation | candle-efficiency | price-action | relative-volume | rvol | support-resistance | volatilty | Volume","200"
"Donald J Trump SM","https://www.tradingview.com/script/zA5cVPhy-Donald-J-Trump-SM/","ajaniofficial24","https://www.tradingview.com/u/ajaniofficial24/","24/04/2026","5","1","281","Moving Averages | multitimeframe | statistics","200"
"PSP AI Auto Gap Finder (Bullish + Bearish)","https://www.tradingview.com/script/yyOI6voJ-PSP-AI-Auto-Gap-Finder-Bullish-Bearish/","pushpandrasingh","https://www.tradingview.com/u/pushpandrasingh/","24/04/2026","17","0","522","bearishtrend | bullish-retest-gap | forecasting | gap | gapfill | niftylevels | niftypredictions | niftytrend | smart-money | Support and Resistance | Trend Analysis | zones","200"
"Williams %R - %R | TR","https://www.tradingview.com/script/x5E5Il5P-Williams-R-R-TR/","Tiagorocha1989","https://www.tradingview.com/u/Tiagorocha1989/","24/04/2026","6","0","313","Oscillators | Trend Analysis","200"
"Tawfiq_Hamidah - SAR","https://www.tradingview.com/script/6ujSOnDk/","TAWFIQ1985","https://www.tradingview.com/u/TAWFIQ1985/","25/04/2026","2","0","189","Trend Analysis","200"
"Complete Volume Toolkit [NotLazyBear]","https://www.tradingview.com/script/OxkureI2-Complete-Volume-Toolkit-NotLazyBear/","NotLazyBear","https://www.tradingview.com/u/NotLazyBear/","25/04/2026","3","0","257","Volume","200"
"MTF Mirror Candles + SMT","https://www.tradingview.com/script/eLazFwQu/","Marco_Mattos","https://www.tradingview.com/u/Marco_Mattos/","25/04/2026","4","0","356","Candlestick Analysis | multitimeframe","200"
"AS 25 kwietnia 2026 - Elephant + SMA Trend + FVG","https://www.tradingview.com/script/RLfHRyhD/","andrzejcezaryszulkowski","https://www.tradingview.com/u/andrzejcezaryszulkowski/","25/04/2026","4","0","245","Moving Averages","200"
"4 EMAs in One (Multi-Timeframe)","https://www.tradingview.com/script/sluCuqwr-4-EMAs-in-One-Multi-Timeframe/","manideepreddy11206","https://www.tradingview.com/u/manideepreddy11206/","25/04/2026","2","0","184","Moving Averages","200"
"Structural Effort Targeting (MTF)","https://www.tradingview.com/script/tcXSn2Ak-Structural-Effort-Targeting-MTF/","danilita247","https://www.tradingview.com/u/danilita247/","25/04/2026","3","0","264","liquidity | marketprofile | multitimeframes | Support and Resistance | targetzones | Trend Analysis | volumeprofil | Volume","200"
"Weekly Breakout Sniper System (NSE Futures)","https://www.tradingview.com/script/LDEk84XM-Weekly-Breakout-Sniper-System-NSE-Futures/","mdislahuddin786","https://www.tradingview.com/u/mdislahuddin786/","25/04/2026","2","0","","","404"
"NQ breakout","https://www.tradingview.com/script/ouu6QGk0/","baddasss","https://www.tradingview.com/u/baddasss/","25/04/2026","2","0","261","Candlestick analysis","200"
"CDT Clock + Trade Timer","https://www.tradingview.com/script/tDa7NdgG-CDT-Clock-Trade-Timer/","codybarrettmercer","https://www.tradingview.com/u/codybarrettmercer/","25/04/2026","3","0","235","Cycles | forecasting","200"
"Gold -Mentor PRO Sniper Final XAUUSD 1M + Trend Strength","https://www.tradingview.com/script/M1v1SdWj-Gold-Mentor-PRO-Sniper-Final-XAUUSD-1M-Trend-Strength/","bdlove1815","https://www.tradingview.com/u/bdlove1815/","25/04/2026","4","0","","","404"
"SwissTradeAcademy Money Printer","https://www.tradingview.com/script/i682AdwV-SwissTradeAcademy-Money-Printer/","theodgeor","https://www.tradingview.com/u/theodgeor/","25/04/2026","5","0","311","Bollinger Bands (BB) | Moving Average Convergence / Divergence (MACD) | Moving Averages","200"
"AS Elephant + SMA Trend + FVG","https://www.tradingview.com/script/sscKaq6K/","andrzejcezaryszulkowski","https://www.tradingview.com/u/andrzejcezaryszulkowski/","25/04/2026","4","0","384","Moving Averages","200"
"Triangle Breakout Quality [AGPro Series]","https://www.tradingview.com/script/EJEFXxVF-Triangle-Breakout-Quality-AGPro-Series/","AGProLabs","https://www.tradingview.com/u/AGProLabs/","24/04/2026","10","0","472","apex-pressure | BREAKOUT-QUALITY | chart-patterns | Chart patterns | compression | Pivot Points | price-action | retest | technical-analysis","200"
"Pivot Levels - D / W / M","https://www.tradingview.com/script/6V5gccvp-Pivot-Levels-D-W-M/","rix_serk","https://www.tradingview.com/u/rix_serk/","25/04/2026","3","0","278","Pivot Points","200"
"Trade Calculator V2","https://www.tradingview.com/script/61e3Axdf-Trade-Calculator-V2/","grazzeee","https://www.tradingview.com/u/grazzeee/","24/04/2026","6","0","","","404"
"Advanced Trading Dashboard v6 By Insta: IB_K31","https://www.tradingview.com/script/Fa42cKJm-Advanced-Trading-Dashboard-v6-By-Insta-IB-K31/","Ibrahem_elkhalidy","https://www.tradingview.com/u/Ibrahem_elkhalidy/","24/04/2026","7","0","319","Bands and Channels | Candlestick analysis | Chart patterns","200"
"RSI Failure Swing Detector [AGPro Series]","https://www.tradingview.com/script/vNiMk98H-RSI-Failure-Swing-Detector-AGPro-Series/","AGProLabs","https://www.tradingview.com/u/AGProLabs/","24/04/2026","7","0","484","confirmation | failure-swing | Momentum Indicator (MOM) | Oscillators | Relative Strength Index (RSI) | reversal | swing-structure | technical-analysis | trigger-pocket","200"
"Weekly Candle Right","https://www.tradingview.com/script/NULCUiFs-Weekly-Candle-Right/","safianfzl","https://www.tradingview.com/u/safianfzl/","24/04/2026","2","0","202","candle | Candlestick analysis | Chart patterns | Cycles","200"
"Ladder Planner v6 (Live, Compact RR)","https://www.tradingview.com/script/fqP2ffL1-Ladder-Planner-v6-Live-Compact-RR/","andreytradinguk","https://www.tradingview.com/u/andreytradinguk/","24/04/2026","5","0","251","Pine utilities | Portfolio management","200"
"Murrey Math Lines","https://www.tradingview.com/script/6bQiw8JT-Murrey-Math-Lines/","nazmoonnoor","https://www.tradingview.com/u/nazmoonnoor/","24/04/2026","5","0","307","Cycles | murreymath","200"
"Renko Sniper PRO (Liquidity Sweep + EMA + ST + RSI)","https://www.tradingview.com/script/PrSTo7aD-Renko-Sniper-PRO-Liquidity-Sweep-EMA-ST-RSI/","zachsprad","https://www.tradingview.com/u/zachsprad/","24/04/2026","26","0","546","Chart patterns | emacrossover | liquiditysweep | renko | sniper | Trend Analysis","200"
"Volume Profile Change Detector","https://www.tradingview.com/script/ngRe0btN-Volume-Profile-Change-Detector/","fis_wse","https://www.tradingview.com/u/fis_wse/","24/04/2026","8","0","288","Volume","200"
"Sequential Exhaustion Tracker [AGPro Series]","https://www.tradingview.com/script/Fu54bJj6-Sequential-Exhaustion-Tracker-AGPro-Series/","AGProLabs","https://www.tradingview.com/u/AGProLabs/","24/04/2026","11","0","338","candle-count | exhaustion | failure | momentum-fatigue | price-action | recycle | sequential-count | Trend Analysis | trend-lifecycle | trend-maturity","200"
"Nova Flow Lite (Free)","https://www.tradingview.com/script/jIkhKGOV-Nova-Flow-Lite-Free/","NovaQuantX","https://www.tradingview.com/u/NovaQuantX/","24/04/2026","7","0","292","statistics | Trend Analysis | Volatility","200"
"RSI+EMA+WMA","https://www.tradingview.com/script/Rvx0Ak6x/","diemhantrau","https://www.tradingview.com/u/diemhantrau/","24/04/2026","6","0","210","Bands and Channels | Breadth Indicators | Candlestick analysis","200"
"XAUUSD: Asia Box & S&R Master","https://www.tradingview.com/script/gLIrWggD/","adcarcamo","https://www.tradingview.com/u/adcarcamo/","24/04/2026","6","0","250","Chart patterns","200"
"NGSAIndicatorXXX","https://www.tradingview.com/script/O1rEpx1G-NGSAIndicatorXXX/","nileshgunjan","https://www.tradingview.com/u/nileshgunjan/","25/04/2026","3","0","231","Cycles","200"
"ETH VWAP ATR Scalper Lines","https://www.tradingview.com/script/MAF2qYyh-ETH-VWAP-ATR-Scalper-Lines/","laxman_babu_515","https://www.tradingview.com/u/laxman_babu_515/","24/04/2026","18","0","293","Candlestick analysis | Chart patterns | Volume","200"
"LiquidityMap","https://www.tradingview.com/script/LFDkYZ0P-LiquidityMap/","ralis24","https://www.tradingview.com/u/ralis24/","25/04/2026","2","1","247","concept | Pine utilities | Volume","200"
"GuardRail MA Signal","https://www.tradingview.com/script/t5SmwbMq-GuardRail-MA-Signal/","danielccox","https://www.tradingview.com/u/danielccox/","25/04/2026","3","0","262","Moving Averages | Trend Analysis | Volatility","200"
"ICT PO3 Adaptive KhurdanFX","https://www.tradingview.com/script/nCBTBIdi/","autofaciltaller","https://www.tradingview.com/u/autofaciltaller/","25/04/2026","3","0","311","Chart patterns | Cycles","200"
"Liquidity Magnet Compass [forexobroker]","https://www.tradingview.com/script/7wUzaia6-Liquidity-Magnet-Compass-forexobroker/","forexobroker","https://www.tradingview.com/u/forexobroker/","24/04/2026","31","0","648","Cycles | educational | Trend Analysis","200"
"EMA Multi Tabs","https://www.tradingview.com/script/llXkpP1K-EMA-Multi-Tabs/","nimishzaveri","https://www.tradingview.com/u/nimishzaveri/","25/04/2026","1","0","209","Moving Averages","200"
"A-Setup v8 CST + MOC","https://www.tradingview.com/script/WhcBIduW-A-Setup-v8-CST-MOC/","saivivek0192","https://www.tradingview.com/u/saivivek0192/","25/04/2026","1","0","281","Candlestick analysis | Chart patterns | Cycles","200"
"GOLD EDGE FUND v3 (MTF + SMC + Risk Engine)","https://www.tradingview.com/script/3xb1MBvG-GOLD-EDGE-FUND-v3-MTF-SMC-Risk-Engine/","RiffmaxWealth","https://www.tradingview.com/u/RiffmaxWealth/","25/04/2026","1","0","385","Bill Williams Indicators | Candlestick analysis | Chart patterns","200"
"Trend Pullback RSI+ATR | Daily Stocks","https://www.tradingview.com/script/AORNVoek-Trend-Pullback-RSI-ATR-Daily-Stocks/","Antonellago","https://www.tradingview.com/u/Antonellago/","25/04/2026","1","0","329","Oscillators | Trend Analysis | Volatility","200"
"Nifty Opening Range Breakout Advanced by hitesh","https://www.tradingview.com/script/sTpshfs3-Nifty-Opening-Range-Breakout-Advanced-by-hitesh/","hiteshmochi5991","https://www.tradingview.com/u/hiteshmochi5991/","25/04/2026","4","0","341","Chart patterns","200"
"CLEAN BOS CHOCH + RISK","https://www.tradingview.com/script/E920mQJR-CLEAN-BOS-CHOCH-RISK/","tobiasgustafsson97","https://www.tradingview.com/u/tobiasgustafsson97/","25/04/2026","1","0","208","Candlestick analysis | Chart patterns","200"
"Swing Catalyst Hunter [forexobroker]","https://www.tradingview.com/script/AnW7vyC3-Swing-Catalyst-Hunter-forexobroker/","forexobroker","https://www.tradingview.com/u/forexobroker/","25/04/2026","1","0","228","Chart patterns | Trend Analysis | Volatility","200"
"TGW Risk Calculator INDEX FUTRES","https://www.tradingview.com/script/sGOKxmOm-TGW-Risk-Calculator-INDEX-FUTRES/","tgwentity","https://www.tradingview.com/u/tgwentity/","25/04/2026","1","0","151","concept","200"
"gold anlysis","https://www.tradingview.com/script/AYAZpaZB-gold-anlysis/","fx_trandmatrix","https://www.tradingview.com/u/fx_trandmatrix/","25/04/2026","1","0","182","Breadth Indicators | Candlestick analysis","200"
"The Open","https://www.tradingview.com/script/ZzKN2HLV-The-Open/","henrycurtis90","https://www.tradingview.com/u/henrycurtis90/","24/04/2026","4","0","213","regressions | sentiment | statistics","200"
"SMC Long + Short Entries & Exits","https://www.tradingview.com/script/EGlI3Mz3-SMC-Long-Short-Entries-Exits/","artandinktattoogallery","https://www.tradingview.com/u/artandinktattoogallery/","24/04/2026","9","0","","","404"
"Momentum PRO - Panel Completo","https://www.tradingview.com/script/4yY2Y9lX/","jatako","https://www.tradingview.com/u/jatako/","24/04/2026","7","0","283","Chart patterns","200"
"MA Spread","https://www.tradingview.com/script/EQUi7fmC-MA-Spread/","svilenko","https://www.tradingview.com/u/svilenko/","24/04/2026","4","0","231","Bands and Channels","200"
"Simple Relative Strength","https://www.tradingview.com/script/I1XzVm6s-Simple-Relative-Strength/","JustinTimeTunes","https://www.tradingview.com/u/JustinTimeTunes/","25/04/2026","6","0","481","Cycles | indicators | Oscillators | relativestrength","200"
"Coin Market Cap Table - HBT","https://www.tradingview.com/script/nJwYwizz-Coin-Market-Cap-Table-HBT/","hoangflow","https://www.tradingview.com/u/hoangflow/","25/04/2026","3","0","","","404"
"Trend Entry Verifier [AITD]","https://www.tradingview.com/script/DOg6UggG-Trend-Entry-Verifier-AITD/","TheAITradingDesk","https://www.tradingview.com/u/TheAITradingDesk/","25/04/2026","3","0","366","ADX-DI | Average Directional Index (ADX) | Momentum Indicator (MOM) | rsistrategy | trend | Trend Analysis","200"
"Parabolic SAR Flip Quality [AGPro Series]","https://www.tradingview.com/script/BjsTR7Du-Parabolic-SAR-Flip-Quality-AGPro-Series/","AGProLabs","https://www.tradingview.com/u/AGProLabs/","25/04/2026","3","0","332","execution-readiness | parabolic-sar | psar | risk-planning | SAR-FLIP | setup-quality | stop-and-reverse | trade-planning | Trend Analysis | trend-filter","200"
"AS 25 kwietnia 2026 - Elephant + SMA Trend + FVG","https://www.tradingview.com/script/q4FYdMYH/","andrzejcezaryszulkowski","https://www.tradingview.com/u/andrzejcezaryszulkowski/","25/04/2026","4","0","281","Moving Averages","200"
"Gold MTF + Multi-Session ORB","https://www.tradingview.com/script/F0StIJMq-Gold-MTF-Multi-Session-ORB/","m_tbeshe","https://www.tradingview.com/u/m_tbeshe/","25/04/2026","1","0","","","404"
"Sand20MA","https://www.tradingview.com/script/vPCH0s26/","BeatrixYang","https://www.tradingview.com/u/BeatrixYang/","25/04/2026","2","0","178","Cycles","200"
"Range Upper/Lower % - Time Window (Resettable) - TW","https://www.tradingview.com/script/XUQYhzvY-Range-Upper-Lower-Time-Window-Resettable-TW/","djakus","https://www.tradingview.com/u/djakus/","25/04/2026","2","0","169","Bands and Channels","200"
"Mentor TRUE 3 ZLEMA Cross Only","https://www.tradingview.com/script/iw236rJe-Mentor-TRUE-3-ZLEMA-Cross-Only/","bdlove1815","https://www.tradingview.com/u/bdlove1815/","25/04/2026","1","0","","","404"
"Daily Expected Range [SD & Volatility]","https://www.tradingview.com/script/3MvD5Jcq/","NOPPON_KAEWARD","https://www.tradingview.com/u/NOPPON_KAEWARD/","25/04/2026","2","0","204","Moving Averages | Volatility","200"
"maXXit Fibu Level Trigger [V6 1.1]","https://www.tradingview.com/script/OARtNt7K-maXXit-Fibu-Level-Trigger-V6-1-1/","maxxit007","https://www.tradingview.com/u/maxxit007/","25/04/2026","2","0","197","Cycles | Pine utilities | Portfolio management","200"
"VIX Allocation Regime Pro - Risk ON / OFF","https://www.tradingview.com/script/Zlj9jhOV/","PlaneteFinanceFR","https://www.tradingview.com/u/PlaneteFinanceFR/","25/04/2026","1","0","150","Cycles | VIX CBOE Volatility Index","200"
"Session Close +-ATR(14)","https://www.tradingview.com/script/sqZbulxW-Session-Close-ATR-14/","YuriShirov","https://www.tradingview.com/u/YuriShirov/","25/04/2026","2","0","174","Average True Range (ATR)","200"
"Estrategia Cruce EMA 3 y 22","https://www.tradingview.com/script/HrEyc7NQ/","crisruggeri","https://www.tradingview.com/u/crisruggeri/","25/04/2026","1","0","181","Candlestick analysis | Moving Averages | Trend Analysis","200"
"7timesvolume","https://www.tradingview.com/script/QijoyJv9/","hyunmc77","https://www.tradingview.com/u/hyunmc77/","24/04/2026","1","0","146","Chart patterns","200"
"Momentum-INSTITUTIONAL SPIKE + SQUEEZE ENGINE PRO","https://www.tradingview.com/script/Luhkeft7-Momentum-INSTITUTIONAL-SPIKE-SQUEEZE-ENGINE-PRO/","raghavprakash05","https://www.tradingview.com/u/raghavprakash05/","24/04/2026","9","0","257","Momentum Indicator (MOM)","200"
"Fractal Symmetry Detector [forexobroker]","https://www.tradingview.com/script/c5CRTTeD-Fractal-Symmetry-Detector-forexobroker/","forexobroker","https://www.tradingview.com/u/forexobroker/","24/04/2026","24","0","490","Chart patterns | Trend Analysis | Wave Analysis","200"
"TIO - SMC + Fibonacci","https://www.tradingview.com/script/SglfpDJH-TIO-SMC-Fibonacci/","bavfib","https://www.tradingview.com/u/bavfib/","24/04/2026","28","0","455","Chart patterns | Cycles | Trend Analysis","200"
"Support and Resistance Levels with Breaks","https://www.tradingview.com/script/xWXp78Mc-Support-and-Resistance-Levels-with-Breaks/","Ritafavour","https://www.tradingview.com/u/Ritafavour/","24/04/2026","3","0","256","Chart patterns | Trend Analysis","200"
"Hikks Macro Timer","https://www.tradingview.com/script/TaalJW93-Hikks-Macro-Timer/","georgehicks","https://www.tradingview.com/u/georgehicks/","25/04/2026","1","0","136","Cycles","200"
"Luis channel","https://www.tradingview.com/script/1SJfPyk3/","luis_barlier","https://www.tradingview.com/u/luis_barlier/","24/04/2026","2","0","244","Bands and Channels | Donchian Channels (DC) | Trend Analysis","200"
"Flag Continuation Zones [AGPro Series]","https://www.tradingview.com/script/WFuveuQS-Flag-Continuation-Zones-AGPro-Series/","AGProLabs","https://www.tradingview.com/u/AGProLabs/","24/04/2026","7","0","341","BEAR-FLAG | breakout | BULL-FLAG | chart-patterns | Chart patterns | continuation | flag-pattern | price-action | trend-continuation | volume-confirmation","200"
"Growth Breakout Strategy v3 - EMA + RVOL + Stoch RSI","https://www.tradingview.com/script/cIaYJiab-Growth-Breakout-Strategy-v3-EMA-RVOL-Stoch-RSI/","anders_k","https://www.tradingview.com/u/anders_k/","24/04/2026","3","0","370","Chart patterns | Moving Averages | Trend Analysis","200"
"BTC-Macro 3D Chart Dashboard","https://www.tradingview.com/script/WNyfsGNQ-BTC-Macro-3D-Chart-Dashboard/","carriosol92","https://www.tradingview.com/u/carriosol92/","24/04/2026","7","0","185","Cycles","200"
"ORB Trading Dashboard","https://www.tradingview.com/script/9n8j2F4m-ORB-Trading-Dashboard/","pavankjadda","https://www.tradingview.com/u/pavankjadda/","24/04/2026","4","0","300","Average Directional Index (ADX) | Exponential Moving Average (EMA) | orbstrategy | Volume Weighted Average Price (VWAP)","200"
"ALIZET - Premarket + VWAP + 30m ORB Scalper v6","https://www.tradingview.com/script/EN2rDBbn-ALIZET-Premarket-VWAP-30m-ORB-Scalper-v6/","afdzjr69","https://www.tradingview.com/u/afdzjr69/","24/04/2026","6","0","200","alizet | faketradingguru | Oscillators | Trend Analysis | Volatility","200"
"MTF vertical","https://www.tradingview.com/script/rYB9BBdW/","dy_dyo_O","https://www.tradingview.com/u/dy_dyo_O/","24/04/2026","3","0","161","Candlestick analysis | Chart patterns | Cycles","200"
"MA Distance Legend","https://www.tradingview.com/script/WQl03jbQ-MA-Distance-Legend/","SROLES","https://www.tradingview.com/u/SROLES/","24/04/2026","3","0","174","Moving Averages","200"
"RalisLine Spread","https://www.tradingview.com/script/WsDmJbEH-RalisLine-Spread/","ralis24","https://www.tradingview.com/u/ralis24/","24/04/2026","6","0","321","Breadth Indicators | concept | Oscillators","200"
"Inside Gem (pxeo) - V8.19 Strategy","https://www.tradingview.com/script/kq3f7SfA/","PIXEO","https://www.tradingview.com/u/PIXEO/","24/04/2026","3","0","247","Candlestick analysis | Chart patterns","200"
"SpxSnipper - Filtered Fair Value Gap (ATR Min/Max Filter)","https://www.tradingview.com/script/wH8yoeS2-SpxSnipper-Filtered-Fair-Value-Gap-ATR-Min-Max-Filter/","tmathios","https://www.tradingview.com/u/tmathios/","24/04/2026","5","0","282","Bands and Channels | educational","200"
"Ahmed  Accumulated FVG Alignment CLEAN","https://www.tradingview.com/script/FwrQk2HE-Ahmed-Accumulated-FVG-Alignment-CLEAN/","sayedahmedahmed2409","https://www.tradingview.com/u/sayedahmedahmed2409/","24/04/2026","1","0","151","Chart patterns","200"
"Dax Trade Direction","https://www.tradingview.com/script/dcVhK6Mn-Dax-Trade-Direction/","so_und_so","https://www.tradingview.com/u/so_und_so/","24/04/2026","1","0","137","Trend Analysis","200"
"Murrey Math Lines","https://www.tradingview.com/script/HVIaVq5u-Murrey-Math-Lines/","nazmoonnoor","https://www.tradingview.com/u/nazmoonnoor/","24/04/2026","3","0","176","Cycles | murrey","200"
"Adaptive Anomaly Beast [MarketFragments]","https://www.tradingview.com/script/HJbmt7we-Adaptive-Anomaly-Beast-MarketFragments/","marketfragments","https://www.tradingview.com/u/marketfragments/","24/04/2026","4","0","235","Cycles | sentiment | statistics","200"
"Pre-Session Volume Delta [UK/US Open]","https://www.tradingview.com/script/IHRHurYl-Pre-Session-Volume-Delta-UK-US-Open/","Tonsil","https://www.tradingview.com/u/Tonsil/","24/04/2026","8","0","309","forecasting | Volume","200"
"CPR Scanner - NSE Nifty50","https://www.tradingview.com/script/s0MIxKRR-CPR-Scanner-NSE-Nifty50/","skashyap007","https://www.tradingview.com/u/skashyap007/","24/04/2026","6","0","288","Chart patterns","200"
"RSI Bands (KenshinC)","https://www.tradingview.com/script/fS0VIN5V-RSI-Bands-KenshinC/","KenshinC","https://www.tradingview.com/u/KenshinC/","24/04/2026","5","0","218","Relative Strength Index (RSI)","200"
"Simple Buy/Sell Indicator","https://www.tradingview.com/script/RsZi3CJ1-Simple-Buy-Sell-Indicator/","JustinTimeTunes","https://www.tradingview.com/u/JustinTimeTunes/","24/04/2026","6","0","246","custom | indicators | Pine utilities | strategy","200"
"Displacement Forge [JOAT]","https://www.tradingview.com/script/16t6iw9g-Displacement-Forge-JOAT/","officialjackofalltrades","https://www.tradingview.com/u/officialjackofalltrades/","24/04/2026","30","2","676","bullbear | Chart patterns | displacement | emavwap | Harmonic Patterns | imbalance | indicator-free | indicators | multitimeframe | orderblocks | zonetrading | zscoreindicator","200"
"ETH VWAP ATR Scalper Lines","https://www.tradingview.com/script/O4cXErK2-ETH-VWAP-ATR-Scalper-Lines/","laxman_babu_515","https://www.tradingview.com/u/laxman_babu_515/","24/04/2026","5","0","183","Breadth Indicators | Chart patterns | Volume","200"
"Yimmer's Reverse Every Candle Strategy","https://www.tradingview.com/script/ltZwtXCR-Yimmer-s-Reverse-Every-Candle-Strategy/","Yimmer_Yimmer","https://www.tradingview.com/u/Yimmer_Yimmer/","24/04/2026","6","1","","","404"
"AS MTF EMA Indicator FIX","https://www.tradingview.com/script/l4YNNWzu/","andrzejcezaryszulkowski","https://www.tradingview.com/u/andrzejcezaryszulkowski/","24/04/2026","3","0","200","Moving Averages","200"
"Distance a la Resistance (%)","https://www.tradingview.com/script/5MRC8K5H/","MARKETYA","https://www.tradingview.com/u/MARKETYA/","24/04/2026","2","0","179","Breadth Indicators","200"
"Hysteresis VWAP Regime Bands [ATC]","https://www.tradingview.com/script/z4dN46L6-Hysteresis-VWAP-Regime-Bands-ATC/","ATConcepts","https://www.tradingview.com/u/ATConcepts/","26/04/2026","1","0","247","Bands and Channels | daytrading | educational | indicators | intradaytrading | tradingeducation | volumepriceanalysis | Volume | vwapbands","200"
"BTC-Macro 3D chart Oscillator","https://www.tradingview.com/script/QcuuaPsh-BTC-Macro-3D-chart-Oscillator/","carriosol92","https://www.tradingview.com/u/carriosol92/","24/04/2026","3","0","136","Cycles","200"
"Ultimate Level Mapper v45 - Full History","https://www.tradingview.com/script/2IG0RWNr-Ultimate-Level-Mapper-v45-Full-History/","osjrnfojnfdoi30308","https://www.tradingview.com/u/osjrnfojnfdoi30308/","24/04/2026","2","0","170","Pivot points and levels","200"
"A Strategy Optimized - EMA Fibonacci Scaling Pullback","https://www.tradingview.com/script/VTjnZRAe/","vrhzytr","https://www.tradingview.com/u/vrhzytr/","24/04/2026","4","0","401","Bill Williams Indicators | Candlestick analysis | Chart patterns","200"
"Ahmed FVG Alignment","https://www.tradingview.com/script/FhdjAvnU-Ahmed-FVG-Alignment/","sayedahmedahmed2409","https://www.tradingview.com/u/sayedahmedahmed2409/","24/04/2026","1","0","153","Candlestick analysis","200"
"Sector RS Entry Tool","https://www.tradingview.com/script/OZfra1vw-Sector-RS-Entry-Tool/","patwardhan50","https://www.tradingview.com/u/patwardhan50/","24/04/2026","1","0","152","multitimeframe | options | Trend Analysis","200"
"OI_vision_AS33","https://www.tradingview.com/script/Dj8kCCC0-oi-vision-as33/","AS_333","https://www.tradingview.com/u/AS_333/","24/04/2026","1","0","173","Chart patterns | concept | interest | open | Trend Analysis","200"
"Fresh SMA Alignment (10 > 50 > 200)","https://www.tradingview.com/script/He73v3yE-Fresh-SMA-Alignment-10-50-200/","rayuduravi","https://www.tradingview.com/u/rayuduravi/","24/04/2026","1","0","","","404"
"NY Hour Turn Highlight (First/Last 15m)","https://www.tradingview.com/script/CV24h55e-NY-Hour-Turn-Highlight-First-Last-15m/","Jamesssp","https://www.tradingview.com/u/Jamesssp/","24/04/2026","1","0","170","educational","200"
"Market Crystallization Gauge [forexobroker]","https://www.tradingview.com/script/PEzeCWhR-Market-Crystallization-Gauge-forexobroker/","forexobroker","https://www.tradingview.com/u/forexobroker/","24/04/2026","6","0","240","statistics | Trend Analysis | Volatility","200"
"ETH VWAP Momentum Session Scalper v4","https://www.tradingview.com/script/9AxNsAhr-ETH-VWAP-Momentum-Session-Scalper-v4/","laxman_babu_515","https://www.tradingview.com/u/laxman_babu_515/","24/04/2026","5","0","185","Candlestick analysis | Chart patterns | Trend Analysis","200"
"AUTO Fresh Alignment Scanner","https://www.tradingview.com/script/8XFUVGk6-AUTO-Fresh-Alignment-Scanner/","rayuduravi","https://www.tradingview.com/u/rayuduravi/","24/04/2026","1","0","","","404"
"JRI SMC v17","https://www.tradingview.com/script/6dhUq9Xh-JRI-SMC-v17/","jridigitalproduction","https://www.tradingview.com/u/jridigitalproduction/","24/04/2026","6","0","194","Breadth Indicators | Chart patterns | Cycles","200"
"Renko Sniper Alerts (EMA + Supertrend + RSI)","https://www.tradingview.com/script/tZGMLtNN-Renko-Sniper-Alerts-EMA-Supertrend-RSI/","zachsprad","https://www.tradingview.com/u/zachsprad/","24/04/2026","3","0","239","Chart patterns | emacrossover | renko | sniper | Trend Analysis","200"
"VCP Scanner - NSE Nifty50","https://www.tradingview.com/script/18fo4s8E-VCP-Scanner-NSE-Nifty50/","skashyap007","https://www.tradingview.com/u/skashyap007/","24/04/2026","6","0","263","Cycles","200"
"RandomForestLibrary","https://www.tradingview.com/script/nhdQjpii-RandomForestLibrary/","ShigemiQuant","https://www.tradingview.com/u/ShigemiQuant/","24/04/2026","1","0","199","MATH | statistics","200"
"Period_Candle","https://www.tradingview.com/script/sEkx6zqh/","kapi_mama","https://www.tradingview.com/u/kapi_mama/","24/04/2026","2","0","139","Candlestick analysis","200"
"Vectors - Hybrid","https://www.tradingview.com/script/TD1yXGJS-Vectors-Hybrid/","Inoffensive","https://www.tradingview.com/u/Inoffensive/","24/04/2026","10","0","305","ADR | ATR | killzone | Moving Averages | Pivot points and levels | pvsra | rvol | sessions | Volume","200"
"ETH VWAP ATR Scalper Pro Stats Box","https://www.tradingview.com/script/076enDRC-ETH-VWAP-ATR-Scalper-Pro-Stats-Box/","laxman_babu_515","https://www.tradingview.com/u/laxman_babu_515/","24/04/2026","2","0","185","Candlestick analysis | Chart patterns | statistics","200"
"JRI SMC v22","https://www.tradingview.com/script/KzF1Sv1J-JRI-SMC-v22/","jridigitalproduction","https://www.tradingview.com/u/jridigitalproduction/","24/04/2026","4","1","207","Breadth Indicators | Chart patterns | Cycles","200"
"Trade Location Quality [AGPro Series]","https://www.tradingview.com/script/dEzglaYi-Trade-Location-Quality-AGPro-Series/","AGProLabs","https://www.tradingview.com/u/AGProLabs/","26/04/2026","1","0","297","execution-readiness | invalidation | obstruction-rails | price-action | risk-management | risk-planning | setup-quality | target-room | trade-location | Trend Analysis","200"
"Session Range Map [ATC] v3.1","https://www.tradingview.com/script/jT7CSRTQ-Session-Range-Map-ATC-v3-1/","ATConcepts","https://www.tradingview.com/u/ATConcepts/","26/04/2026","1","0","226","Chart patterns | educational | orb | Pivot points and levels | premarkethigh | premarketlow | priordayhigh | priordaylow | tradingeducation","200"
"XAUUSD VWAP [MatsukazeAlgo]","https://www.tradingview.com/script/dGbHD6yt-XAUUSD-VWAP-MatsukazeAlgo/","MatsukazeAlgo","https://www.tradingview.com/u/MatsukazeAlgo/","26/04/2026","0","0","450","deviation | DXY | Gold | multitimeframe | multitimeframes | session | Trend Analysis | VAH | VAL | Volume | vwaps | XAUUSD","200"
"Quarterly CPR By BitcoinBaily","https://www.tradingview.com/script/EjrbdmYy-Quarterly-CPR-By-BitcoinBaily/","bitcoinbaily","https://www.tradingview.com/u/bitcoinbaily/","26/04/2026","0","0","165","Pivot points and levels","200"
"True Daily CHG% (Within .5%)","https://www.tradingview.com/script/PRpYzSn8-True-Daily-CHG-Within-5/","jackjahadi67","https://www.tradingview.com/u/jackjahadi67/","25/04/2026","1","0","128","Candlestick analysis | Chart patterns","200"
"Risk Runway Planner [AGPro Series]","https://www.tradingview.com/script/W3McGPel-Risk-Runway-Planner-AGPro-Series/","AGProLabs","https://www.tradingview.com/u/AGProLabs/","26/04/2026","3","0","276","ATR | execution | position-management | price-action | risk-management | setup-quality | trade-planning | trend-analysis | Trend Analysis","200"
"HP Filtered MA Crossover [TMA]","https://www.tradingview.com/script/BOMQDiRS-HP-Filtered-MA-Crossover-TMA/","trendmastera","https://www.tradingview.com/u/trendmastera/","26/04/2026","0","1","195","Cycles | Moving Averages | Trend Analysis","200"
"1st 15 ORB 1/5min","https://www.tradingview.com/script/JcgjVmZi-1st-15-ORB-1-5min/","cdeck1027","https://www.tradingview.com/u/cdeck1027/","26/04/2026","2","0","275","15 | 1st | minute | multitimeframe | orb | Trend Analysis | Volatility","200"
"Entry Execution Readiness [AGPro Series]","https://www.tradingview.com/script/iLB4ddiA-Entry-Execution-Readiness-AGPro-Series/","AGProLabs","https://www.tradingview.com/u/AGProLabs/","26/04/2026","6","0","359","entry-readiness | execution-readiness | price-action | risk-planning | risk-reward | setup-quality | trade-management | trend-analysis | Trend Analysis","200"
"OTE [Multi-TF] v2","https://www.tradingview.com/script/Yjy75UmW-OTE-Multi-TF-v2/","carvictor0101","https://www.tradingview.com/u/carvictor0101/","26/04/2026","9","0","522","Bill Williams Indicators | Candlestick analysis | Chart patterns","200"
"HULL MA MTF PRO","https://www.tradingview.com/script/tR3eF4XK/","moralestrejoluisantonio","https://www.tradingview.com/u/moralestrejoluisantonio/","26/04/2026","1","0","190","Candlestick analysis | Moving Averages | multitimeframe","200"
"Harman M-W-D-H-15M-5M-3M RSI Entry Indicator (Latest Entry Only)","https://www.tradingview.com/script/jZeXOxT5-Harman-M-W-D-H-15M-5M-3M-RSI-Entry-Indicator-Latest-Entry-Only/","caharmansingh","https://www.tradingview.com/u/caharmansingh/","26/04/2026","1","0","190","Relative Strength Index (RSI)","200"
"Triple MTF Selectable MA with Labels","https://www.tradingview.com/script/uiyJECn8-Triple-MTF-Selectable-MA-with-Labels/","StageAnalysisPro","https://www.tradingview.com/u/StageAnalysisPro/","26/04/2026","0","0","158","moving_average | Moving Averages | movingaveragestrategy | multipletimeframe | multitimeframe","200"
"CHG% watchlist 10+ stocks (within .5%)","https://www.tradingview.com/script/fCsFafVW-CHG-watchlist-10-stocks-within-5/","jackjahadi67","https://www.tradingview.com/u/jackjahadi67/","26/04/2026","0","0","143","Bands and Channels | Breadth Indicators | Chart patterns","200"
"15min ORB + R:R  |  All Sessions","https://www.tradingview.com/script/ug1sNgCB-15min-ORB-R-R-All-Sessions/","ryneroling","https://www.tradingview.com/u/ryneroling/","26/04/2026","1","0","123","Chart patterns","200"
"SPY / SPX Intraday Pro v31 [Signals + Mentor + SVP + Confluence]","https://www.tradingview.com/script/59W7SU8j-SPY-SPX-Intraday-Pro-v31-Signals-Mentor-SVP-Confluence/","vinaynaidu_r","https://www.tradingview.com/u/vinaynaidu_r/","26/04/2026","1","0","172","Chart patterns","200"
"MACD Evolved [ATC] v1.2.1","https://www.tradingview.com/script/tNXKFWfg-MACD-Evolved-ATC-v1-2-1/","ATConcepts","https://www.tradingview.com/u/ATConcepts/","26/04/2026","1","0","","","404"
"Fracture Threshold Strategy [JOAT]","https://www.tradingview.com/script/NwMwuyA5-Fracture-Threshold-Strategy-JOAT/","officialjackofalltrades","https://www.tradingview.com/u/officialjackofalltrades/","26/04/2026","5","0","779","ATR | Chart patterns | Exponential Moving Average (EMA) | emacrossover | EMAS | indicator-free | indicators | moving_average | sessionfilter | tpslindicator | VOLUMEBREAKOUT | Volume","200"
"Repair Candles","https://www.tradingview.com/script/2FxBTqUw-Repair-Candles/","godzcopilot","https://www.tradingview.com/u/godzcopilot/","26/04/2026","2","0","223","Candlestick analysis","200"
"Non-Causality Suite","https://www.tradingview.com/script/4GVGkfnm-Non-Causality-Suite/","mjrodriguezorlich69","https://www.tradingview.com/u/mjrodriguezorlich69/","26/04/2026","9","1","","","404"
"Residual Regression Bands","https://www.tradingview.com/script/pJddhQz5-Residual-Regression-Bands/","geoffetro","https://www.tradingview.com/u/geoffetro/","26/04/2026","1","0","169","Bands and Channels | regressions | statistics","200"
"DEMA MTF SMOOTH","https://www.tradingview.com/script/hYJl6Eej/","moralestrejoluisantonio","https://www.tradingview.com/u/moralestrejoluisantonio/","26/04/2026","2","0","352","Moving Averages | multitimeframe | Trend Analysis","200"
"My Script E","https://www.tradingview.com/script/YqBftVLj/","etiennebeaudetl","https://www.tradingview.com/u/etiennebeaudetl/","25/04/2026","1","0","141","Candlestick analysis","200"
"30-Min ORB Retest Signal","https://www.tradingview.com/script/1hUOcj5H-30-Min-ORB-Retest-Signal/","talalhussain2","https://www.tradingview.com/u/talalhussain2/","25/04/2026","0","0","153","Candlestick analysis","200"
"Marubozu Identifier","https://www.tradingview.com/script/LZZxoA0w-Marubozu-Identifier/","CryptoCovered26","https://www.tradingview.com/u/CryptoCovered26/","25/04/2026","0","1","158","Candlestick analysis | Pivot points and levels | Volume","200"
"Ghost Mitigation Strategy","https://www.tradingview.com/script/ZPAjijMJ-Ghost-Mitigation-Strategy/","godsday555","https://www.tradingview.com/u/godsday555/","25/04/2026","3","0","287","Candlestick analysis | Chart patterns | Cycles","200"
"VWAP Strict Institutional Breakout Sniper","https://www.tradingview.com/script/dRdCtWNe-VWAP-Strict-Institutional-Breakout-Sniper/","mdislahuddin786","https://www.tradingview.com/u/mdislahuddin786/","25/04/2026","0","0","","","404"
"FDAX 5-in-1: 3EMA + Fractals + Session + AutoLot","https://www.tradingview.com/script/90QbWRRP-fdax-5-in-1-3ema-fractals-session-autolot/","wwwqqq","https://www.tradingview.com/u/wwwqqq/","25/04/2026","0","0","","","404"
"cloudTheory","https://www.tradingview.com/script/AhaZ4O0w-cloudTheory/","ZenithClown","https://www.tradingview.com/u/ZenithClown/","25/04/2026","0","0","163","colors | statistics | techindicator","200"
"NGX FVG Detector + Mini ScreenerFVG","https://www.tradingview.com/script/YcEEdWQV-NGX-FVG-Detector-Mini-ScreenerFVG/","abasam81","https://www.tradingview.com/u/abasam81/","25/04/2026","1","0","119","Chart patterns","200"
"Swing Agent Screenshot Overlay","https://www.tradingview.com/script/eycHYVoK/","vittoriorochelli","https://www.tradingview.com/u/vittoriorochelli/","25/04/2026","0","0","136","Pine utilities","200"
"Swing Strategy: Genus HA MTF 9 EMA","https://www.tradingview.com/script/ZrU99FW3-Swing-Strategy-Genus-HA-MTF-9-EMA/","rishiatoul","https://www.tradingview.com/u/rishiatoul/","25/04/2026","0","0","364","Candlestick analysis | Moving Averages | multitimeframe","200"
"Downtrend Break Detector","https://www.tradingview.com/script/RwJ2nuAZ-Downtrend-Break-Detector/","emregulben","https://www.tradingview.com/u/emregulben/","25/04/2026","0","0","120","Chart patterns | Trend Analysis","200"
"Choppiness Setup Planner [AGPro Series]","https://www.tradingview.com/script/vPx2XplH-Choppiness-Setup-Planner-AGPro-Series/","AGProLabs","https://www.tradingview.com/u/AGProLabs/","25/04/2026","3","0","325","breakout-preparation | Choppiness Index (CHOP) | invalidation | no-trade | range-filter | risk-target | setup-planner | trade-planner | Trend Analysis | trend-readiness","200"
"TMA Institutional Command Center [PRO]","https://www.tradingview.com/script/O0mjIlCs-TMA-Institutional-Command-Center-PRO/","trendmastera","https://www.tradingview.com/u/trendmastera/","25/04/2026","1","1","256","Cycles | forecasting | Trend Analysis","200"
"Gap Fill Reaction Planner [AGPro Series]","https://www.tradingview.com/script/gac9k3X6-Gap-Fill-Reaction-Planner-AGPro-Series/","AGProLabs","https://www.tradingview.com/u/AGProLabs/","25/04/2026","4","0","354","execution-readiness | GAP-FILL | gap-trading | invalidation | opening-gap | risk-planning | setup-quality | Support and Resistance | target | trade-planner | Trend Analysis | Volatility","200"
"Dynamic ATR v1.0","https://www.tradingview.com/script/EIgpbB7r-Dynamic-ATR-v1-0/","mil_saberi","https://www.tradingview.com/u/mil_saberi/","25/04/2026","1","0","146","Average True Range (ATR)","200"
"July_One_Analisis_Tecnico","https://www.tradingview.com/script/7HbePtLQ/","julianignacio_n","https://www.tradingview.com/u/julianignacio_n/","25/04/2026","0","0","209","Bands and Channels | Bill Williams Indicators | Breadth Indicators","200"
"Tawfiq_Hamidah - SAR","https://www.tradingview.com/script/0xc9cEXN/","TAWFIQ1985","https://www.tradingview.com/u/TAWFIQ1985/","25/04/2026","0","0","149","Chart patterns | Trend Analysis","200"
"Marked Hawkes Process Cascades","https://www.tradingview.com/script/zALrdD8i-Marked-Hawkes-Process-Cascades/","mjrodriguezorlich69","https://www.tradingview.com/u/mjrodriguezorlich69/","25/04/2026","1","0","","","404"
"TAWFIQ_HAMIDAH_EMAS","https://www.tradingview.com/script/y5AgOvyb/","TAWFIQ1985","https://www.tradingview.com/u/TAWFIQ1985/","25/04/2026","0","0","187","Chart patterns | Moving Averages | Trend Analysis","200"
"Engulfing After Climax Low Volume + Wick Filter Zohaib","https://www.tradingview.com/script/aJThGZ2r-Engulfing-After-Climax-Low-Volume-Wick-Filter-Zohaib/","zohaibjabbar1","https://www.tradingview.com/u/zohaibjabbar1/","25/04/2026","0","0","174","volumepriceanalysis | Volume","200"
"umbul98-Doji RSI with Divergence","https://www.tradingview.com/script/niqFCEiC/","umbul98","https://www.tradingview.com/u/umbul98/","25/04/2026","0","0","204","Breadth Indicators | Trend Analysis","200"
"Vertical Lines (Alerts)","https://www.tradingview.com/script/i2wPr7az-Vertical-Lines-Alerts/","IJUSTLIKEMONEY","https://www.tradingview.com/u/IJUSTLIKEMONEY/","25/04/2026","1","0","123","Chart patterns | Trend Analysis | Volume","200"
"Session Vertical Lines","https://www.tradingview.com/script/YBxMRGLj-Session-Vertical-Lines/","IJUSTLIKEMONEY","https://www.tradingview.com/u/IJUSTLIKEMONEY/","25/04/2026","1","0","144","Cycles | statistics | Volatility","200"
"Mentor 1M Sniper Trend Box","https://www.tradingview.com/script/0bIkBqNY-Mentor-1M-Sniper-Trend-Box/","bdlove1815","https://www.tradingview.com/u/bdlove1815/","25/04/2026","0","0","","","404"
"MA Cross Screener","https://www.tradingview.com/script/OwHtRpb3-MA-Cross-Screener/","shuky_p","https://www.tradingview.com/u/shuky_p/","25/04/2026","0","0","144","Candlestick analysis | Chart patterns | forecasting","200"
"Chikou-DEMA (Saf ATR & RR Analizi)","https://www.tradingview.com/script/3K96vV4x/","Mehmetna123","https://www.tradingview.com/u/Mehmetna123/","25/04/2026","0","0","151","Candlestick analysis","200"
"BTCUSD Flow Profile PRO CLEAN (MTF + MID + LTF)","https://www.tradingview.com/script/FXVRt2vk/","Sachse-1980","https://www.tradingview.com/u/Sachse-1980/","25/04/2026","0","0","191","Bands and Channels | Bill Williams Indicators | Breadth Indicators","200"
"Better Ticker","https://www.tradingview.com/script/Jzb0gwtZ-Better-Ticker/","FS-Dev","https://www.tradingview.com/u/FS-Dev/","25/04/2026","0","0","158","statistics","200"
"Triple EMA Overlay","https://www.tradingview.com/script/HkWCVqh8-Triple-EMA-Overlay/","silvypeter","https://www.tradingview.com/u/silvypeter/","25/04/2026","0","0","175","Trend Analysis","200"
"@ ASH MACD DLC4 PRO Divergence","https://www.tradingview.com/script/c9mqxKyM-ASH-MACD-DLC4-PRO-Divergence/","lilianalawso836","https://www.tradingview.com/u/lilianalawso836/","25/04/2026","0","0","194","Moving Averages | Oscillators","200"
"Steph CAMARA Template + EMA100","https://www.tradingview.com/script/wdMsViBr/","StephaneCamaraMajestyFX","https://www.tradingview.com/u/StephaneCamaraMajestyFX/","24/04/2026","0","0","141","Bill Williams Indicators | Breadth Indicators | Candlestick analysis","200"
"5 Min Liquidity Sweep Short 1:3 RR","https://www.tradingview.com/script/u6Mgs9n6-5-Min-Liquidity-Sweep-Short-1-3-RR/","parthaborah022","https://www.tradingview.com/u/parthaborah022/","25/04/2026","2","0","329","Candlestick analysis | Chart patterns | Pine utilities","200"
"Minervini 8 Criteria Tracker v1","https://www.tradingview.com/script/WpAzgKN8-Minervini-8-Criteria-Tracker-v1/","suisenk","https://www.tradingview.com/u/suisenk/","25/04/2026","1","0","229","Moving Averages | Relative Strength Index (RSI) | Volume","200"
"SMA 50/100/200","https://www.tradingview.com/script/6qZzMdES-SMA-50-100-200/","VijayG81","https://www.tradingview.com/u/VijayG81/","25/04/2026","0","0","163","Simple Moving Average (SMA)","200"
"Asia & NY Session Range Table (heistrader)","https://www.tradingview.com/script/UmI8auWW-Asia-NY-Session-Range-Table-heistrader/","antonchan1979","https://www.tradingview.com/u/antonchan1979/","25/04/2026","2","0","224","ADR | heistrader | multitimeframe | range | Relative Strength Index (RSI)","200"
"90-Min Vertical Lines (24h, Anchor 7:00 NY)","https://www.tradingview.com/script/n2I7xEvY-90-Min-Vertical-Lines-24h-Anchor-7-00-NY/","MrButtersTrading","https://www.tradingview.com/u/MrButtersTrading/","24/04/2026","0","0","118","Cycles","200"
"Stock_Screener_EU","https://www.tradingview.com/script/QYFG8uc3-Stock-Screener-EU/","michaela_geiger83","https://www.tradingview.com/u/michaela_geiger83/","24/04/2026","0","0","111","Trend Analysis","200"
"PRE's: UTB + LR Candles","https://www.tradingview.com/script/JRoFg1mi-PRE-s-UTB-LR-Candles/","preclicks","https://www.tradingview.com/u/preclicks/","24/04/2026","3","0","217","Chart patterns | educational | Trend Analysis","200"
"Prop Bruh - Clock | Candle | Countdown | ATR","https://www.tradingview.com/script/II66dn8M-Prop-Bruh-Clock-Candle-Countdown-ATR/","delanerouse","https://www.tradingview.com/u/delanerouse/","24/04/2026","1","0","195","educational","200"
"Donald J Trump Market Maker","https://www.tradingview.com/script/yDMTt70n-Donald-J-Trump-Market-Maker/","ajaniofficial24","https://www.tradingview.com/u/ajaniofficial24/","24/04/2026","0","0","214","Fundamental Analysis | multitimeframe | statistics","200"
"Minervini 8 Criteria Tracker","https://www.tradingview.com/script/Aq3L5OFN-Minervini-8-Criteria-Tracker/","suisenk","https://www.tradingview.com/u/suisenk/","24/04/2026","0","0","149","Moving Averages","200"
"Pro Breakout + Minervini Scanner","https://www.tradingview.com/script/824gBdF7-Pro-Breakout-Minervini-Scanner/","fimasan","https://www.tradingview.com/u/fimasan/","24/04/2026","2","0","177","Pine utilities | sentiment | Trend Analysis","200"
"ADEMinimumsMath","https://www.tradingview.com/script/8gYEaRgx-ADEMinimumsMath/","PedroSilva45","https://www.tradingview.com/u/PedroSilva45/","26/04/2026","0","0","147","colors","200"
"ADEStateMath","https://www.tradingview.com/script/flCmt8nX-ADEStateMath/","PedroSilva45","https://www.tradingview.com/u/PedroSilva45/","24/04/2026","0","0","100","colors","200"
"Coinrule Cloud Fast Webhook","https://www.tradingview.com/script/UYWJEYdQ-Coinrule-Cloud-Fast-Webhook/","Coinrule","https://www.tradingview.com/u/Coinrule/","24/04/2026","0","0","179","Bands and Channels | Chart patterns | coinrule | Cycles","200"
"Pro Breakout + Minervini Scanner","https://www.tradingview.com/script/o20hqp13-Pro-Breakout-Minervini-Scanner/","fimasan","https://www.tradingview.com/u/fimasan/","24/04/2026","0","0","134","Trend Analysis","200"
"CE ORG","https://www.tradingview.com/script/cyInjx60-CE-ORG/","ngoctrungict","https://www.tradingview.com/u/ngoctrungict/","24/04/2026","1","0","152","Bands and Channels","200"
"ADEEvidenceMath","https://www.tradingview.com/script/igm8BN32-ADEEvidenceMath/","PedroSilva45","https://www.tradingview.com/u/PedroSilva45/","24/04/2026","0","0","118","colors","200"
"BB% STCH RSI","https://www.tradingview.com/script/ni9dTRuS/","muratvarol77","https://www.tradingview.com/u/muratvarol77/","24/04/2026","1","0","168","Bands and Channels | Oscillators","200"
"VoltRouter Webhook Builder","https://www.tradingview.com/script/5nUwwzt0-VoltRouter-Webhook-Builder/","yuzername","https://www.tradingview.com/u/yuzername/","25/04/2026","0","0","302","alerts | alpaca | automation | execution | futures | IBKR | strategies | strings | tradovate | webhook","200"
"AUTO Fresh Alignment Scanner","https://www.tradingview.com/script/O14UJhKE-AUTO-Fresh-Alignment-Scanner/","rayuduravi","https://www.tradingview.com/u/rayuduravi/","24/04/2026","0","0","","","404"
"AUTO Fresh Alignment Scanner","https://www.tradingview.com/script/c6lzU5JP-AUTO-Fresh-Alignment-Scanner/","rayuduravi","https://www.tradingview.com/u/rayuduravi/","24/04/2026","0","0","","","404"
"AUTO Fresh Alignment Scanner","https://www.tradingview.com/script/2mQidFqD-AUTO-Fresh-Alignment-Scanner/","rayuduravi","https://www.tradingview.com/u/rayuduravi/","24/04/2026","0","0","","","404"
"Alpha - Clean (with ADR)","https://www.tradingview.com/script/YMVLaXRp-Alpha-Clean-with-ADR/","rameshkumarjoshi036","https://www.tradingview.com/u/rameshkumarjoshi036/","24/04/2026","0","0","","","404"
"Order Block by Devran","https://www.tradingview.com/script/VrHFkq4P/","devransrtl","https://www.tradingview.com/u/devransrtl/","23/04/2026","5","0","422","Candlestick analysis | forecasting | Trend Analysis","200"
"Volumen total","https://www.tradingview.com/script/jlLJ3wPZ/","alexisyepez","https://www.tradingview.com/u/alexisyepez/","24/04/2026","2","0","211","Candlestick analysis | Positive Volume Index (PVI) | Volume Indicator","200"
"Web3 Brother","https://www.tradingview.com/script/HdOreJpp/","xiao050292","https://www.tradingview.com/u/xiao050292/","24/04/2026","2","1","164","Candlestick analysis","200"
"Monday range / Candle highlight","https://www.tradingview.com/script/NR9tz8PF-Monday-range-Candle-highlight/","Barnyard2106","https://www.tradingview.com/u/Barnyard2106/","24/04/2026","1","0","175","Cycles | multitimeframe","200"
"Random Forest Regressor - Return Estimator","https://www.tradingview.com/script/4OspJFAd-Random-Forest-Regressor-Return-Estimator/","ShigemiQuant","https://www.tradingview.com/u/ShigemiQuant/","24/04/2026","1","0","204","Trend Analysis","200"
"ETH VWAP ATR Scalper Pro Stats","https://www.tradingview.com/script/Wiytz7PE-ETH-VWAP-ATR-Scalper-Pro-Stats/","laxman_babu_515","https://www.tradingview.com/u/laxman_babu_515/","24/04/2026","9","0","247","Candlestick analysis | Chart patterns | Fundamental Analysis","200"
"PROTOS VPIN","https://www.tradingview.com/script/Jkf4Q3uN-PROTOS-VPIN/","chazltd","https://www.tradingview.com/u/chazltd/","24/04/2026","0","0","157","Candlestick analysis | Chart patterns | Cycles","200"
"ETH VWAP ATR Scalper Lines","https://www.tradingview.com/script/1dHdydEZ-ETH-VWAP-ATR-Scalper-Lines/","laxman_babu_515","https://www.tradingview.com/u/laxman_babu_515/","24/04/2026","0","0","160","Candlestick analysis | Chart patterns | Pivot points and levels","200"
"Trixaroa CJD","https://www.tradingview.com/script/i0LGR1My-Trixaroa-CJD/","vitruvex","https://www.tradingview.com/u/vitruvex/","24/04/2026","1","0","181","Trend Analysis","200"
"Liquidity Fracture [JOAT]","https://www.tradingview.com/script/OPEoQFhp-Liquidity-Fracture-JOAT/","officialjackofalltrades","https://www.tradingview.com/u/officialjackofalltrades/","24/04/2026","166","0","3235","Candlestick analysis | Chart patterns | indicator-free | indicators | liquiditysweep | reversal | sweep | swinghighlow | swingtrading | swingtrap | Trend Analysis | VOLUMEBREAKOUT","200"
"FVG_SWG","https://www.tradingview.com/script/BXhOTN0s/","ScalpWolfTrader","https://www.tradingview.com/u/ScalpWolfTrader/","24/04/2026","220","0","4875","fvg | liquidity | Pivot points and levels | priceaction | SMC | swing | Volume","200"
"Recovery Raid Index","https://www.tradingview.com/script/UqfrSfCc-Recovery-Raid-Index/","Finntech1","https://www.tradingview.com/u/Finntech1/","23/04/2026","34","0","578","Pivot points and levels | Trend Analysis | Volatility","200"
"Combined Signal Indicator","https://www.tradingview.com/script/yE1OBaFX-Combined-Signal-Indicator/","parkerberlinger","https://www.tradingview.com/u/parkerberlinger/","23/04/2026","412","4","4921","buysellindicator | buysellsignal | Volume | Williams %R (%R)","200"
"JRI SMC v16","https://www.tradingview.com/script/vAQBZdes-JRI-SMC-v16/","jridigitalproduction","https://www.tradingview.com/u/jridigitalproduction/","23/04/2026","1","0","203","Bands and Channels | Bill Williams Indicators | Chart patterns","200"
"Market Phase Detector [JOAT]","https://www.tradingview.com/script/2QJbZIUe-Market-Phase-Detector-JOAT/","officialjackofalltrades","https://www.tradingview.com/u/officialjackofalltrades/","23/04/2026","50","0","1322","BOS | Chart patterns | choch | Harmonic Patterns | ictconcepts | indicator-free | indicators | pivot | regimechange | smctrading | swingtrading | Trend Analysis","200"
"SignalMaster V1 - Multi-Indicator Trading System","https://www.tradingview.com/script/cuH4Ozez-SignalMaster-V1-Multi-Indicator-Trading-System/","Pedro-Elias","https://www.tradingview.com/u/Pedro-Elias/","23/04/2026","303","0","7240","multitimeframe | Oscillators","200"
"JRI SMC v15","https://www.tradingview.com/script/wEFPvY1L-JRI-SMC-v15/","jridigitalproduction","https://www.tradingview.com/u/jridigitalproduction/","23/04/2026","0","0","201","Breadth Indicators | Candlestick analysis | Chart patterns","200"
"Vini Penido Indicator","https://www.tradingview.com/script/9nyAS3td/","viniciusppenido","https://www.tradingview.com/u/viniciusppenido/","23/04/2026","7","0","379","Candlestick analysis | Cycles | ict | penido | vini | viniciuspenido","200"
"Edo TRIX Core Cross","https://www.tradingview.com/script/jQ0npfNo-Edo-TRIX-Core-Cross/","EdoLab-Markets","https://www.tradingview.com/u/EdoLab-Markets/","23/04/2026","2","0","250","Momentum Indicator (MOM) | Oscillators | TRIX","200"
"UFD Trend Lines BTC","https://www.tradingview.com/script/PLBXeRnN-ufd-trend-lines-btc/","ufadiver","https://www.tradingview.com/u/ufadiver/","23/04/2026","0","0","125","Bands and Channels | Bill Williams Indicators","200"
"Structure & Flow","https://www.tradingview.com/script/H1lcykjL-Structure-Flow/","Finntech1","https://www.tradingview.com/u/Finntech1/","23/04/2026","119","2","2782","Bands and Channels | Trend Analysis | Volatility","200"
"Hammer + Engulfing Close Alert + Fractal Filter","https://www.tradingview.com/script/WNNeztaA-Hammer-Engulfing-Close-Alert-Fractal-Filter/","davon.jennings1023","https://www.tradingview.com/u/davon.jennings1023/","23/04/2026","35","0","548","Candlestick analysis | Chart patterns","200"
"Bollinger Matrix ULTRA inverted","https://www.tradingview.com/script/B5h0BBnl-Bollinger-Matrix-ULTRA-inverted/","jlmanga22","https://www.tradingview.com/u/jlmanga22/","23/04/2026","3","0","264","Candlestick analysis | Chart patterns | Cycles","200"
"ORDER FLOW DASHBOARD [DOM, Tape, Big Contracts] Percentage Based","https://www.tradingview.com/script/8827q9XS-ORDER-FLOW-DASHBOARD-DOM-Tape-Big-Contracts-Percentage-Based/","solowit69","https://www.tradingview.com/u/solowit69/","24/04/2026","240","1","5909","dashboard | delta | DOM | futures | intraday | orderflow | scalping | statistics | tapereading | Trend Analysis | Volume","200"
"All In One Levels + MA","https://www.tradingview.com/script/Shpv0VHe-All-In-One-Levels-MA/","Cole370","https://www.tradingview.com/u/Cole370/","23/04/2026","2","0","162","Moving Averages | Pivot points and levels","200"
"Good Low/High + SFP Confluence [30m]","https://www.tradingview.com/script/VXKcLP7u-Good-Low-High-SFP-Confluence-30m/","observer","https://www.tradingview.com/u/observer/","23/04/2026","2","0","192","educational | Moving Averages | Volume","200"
"3 Bar Reversals by DINKLETON","https://www.tradingview.com/script/CFBoDaZY-3-Bar-Reversals-by-DINKLETON/","aaronxiong1013","https://www.tradingview.com/u/aaronxiong1013/","23/04/2026","2","0","148","Candlestick analysis | Chart patterns","200"
"PCRXS Forecast Engine v1.0","https://www.tradingview.com/script/8zUVCCRd-PCRXS-Forecast-Engine-v1-0/","pcruz4025","https://www.tradingview.com/u/pcruz4025/","24/04/2026","22","0","431","forecasting | Pine utilities | Trend Analysis","200"
"DTFX Time Based Ranges by zeeTFX","https://www.tradingview.com/script/lLmBuQTZ-DTFX-Time-Based-Ranges-by-zeeTFX/","zeeTAJONline","https://www.tradingview.com/u/zeeTAJONline/","23/04/2026","18","0","491","Candlestick analysis","200"
"NewYorkOpenPrice","https://www.tradingview.com/script/wwpTSBSA/","li-xiaoyao","https://www.tradingview.com/u/li-xiaoyao/","23/04/2026","0","0","137","Pine utilities","200"
"Premium & Discount Zones with Bias","https://www.tradingview.com/script/62le7AJJ-Premium-Discount-Zones-with-Bias/","FreedomByFutures","https://www.tradingview.com/u/FreedomByFutures/","24/04/2026","17","1","482","confluence | forecasting | Gold | institutional | meanreversion | multitimeframe | statistical | statistics | zones","200"
"EXTREME PRO SIGNAL","https://www.tradingview.com/script/CAplABKc-EXTREME-PRO-SIGNAL/","spitulic3","https://www.tradingview.com/u/spitulic3/","23/04/2026","3","0","","","404"
"Moving Range Breakout [Dynamic Box]","https://www.tradingview.com/script/G06Csm4X-Moving-Range-Breakout-Dynamic-Box/","charlescrose","https://www.tradingview.com/u/charlescrose/","23/04/2026","9","0","258","Bands and Channels | Candlestick analysis | Chart patterns | orb | orbs | orbstrategy","200"
"Bitcoin Parabola Begins","https://www.tradingview.com/script/JwA3v5sI-Bitcoin-Parabola-Begins/","ryanhcs","https://www.tradingview.com/u/ryanhcs/","23/04/2026","1","0","115","Cycles","200"
"JRI SMC v12","https://www.tradingview.com/script/XZdlADQo-JRI-SMC-v12/","jridigitalproduction","https://www.tradingview.com/u/jridigitalproduction/","23/04/2026","3","0","229","Breadth Indicators | Candlestick analysis | Cycles","200"
"Apex Reversal Engine","https://www.tradingview.com/script/LM9f0UgX/","Indicator_Peak","https://www.tradingview.com/u/Indicator_Peak/","23/04/2026","397","1","5359","forcasting | forecasting | Forex | Fundamental Analysis | fundamentalanalsysis | makemoney | Momentum Indicator (MOM) | momentumindicator | proindicators | swingtrading | theprofitpatterns | XAUUSD","200"
"Sideways Market Trading Strategy - BB Setup John Bollinger","https://www.tradingview.com/script/A7wIP4xh/","easyMarkets","https://www.tradingview.com/u/easyMarkets/","23/04/2026","14","0","365","Bands and Channels | Bill Williams Indicators | Breadth Indicators | easymarkets | easymarketstrades | easytrade | Forex | tradingview","200"
"PCRXS Forecast Engine Oscillator and Forecast","https://www.tradingview.com/script/ezyGSIUz-PCRXS-Forecast-Engine-Oscillator-and-Forecast/","pcruz4025","https://www.tradingview.com/u/pcruz4025/","23/04/2026","21","0","410","Bands and Channels","200"
"Fib Retracement + Background","https://www.tradingview.com/script/JVlczFel-Fib-Retracement-Background/","gulamambiashaikh","https://www.tradingview.com/u/gulamambiashaikh/","23/04/2026","4","0","174","Candlestick analysis | Chart patterns | Cycles","200"
"ORB 15-Min Breakout v2","https://www.tradingview.com/script/HwTL0Grz-ORB-15-Min-Breakout-v2/","mmmbeat30","https://www.tradingview.com/u/mmmbeat30/","23/04/2026","2","0","219","Candlestick analysis | Centered Oscillators | Moving Averages","200"
"Sideways Market Trading Strategy - BB Setup 9. 1 Larry Williams","https://www.tradingview.com/script/kWwH17f9/","easyMarkets","https://www.tradingview.com/u/easyMarkets/","23/04/2026","14","0","438","Bands and Channels | Bill Williams Indicators | Breadth Indicators | easymarkets | easymarketstrades | Forex | tradingview","200"
"ES Wick Points Counter","https://www.tradingview.com/script/t8zZJm03-ES-Wick-Points-Counter/","narcisofa","https://www.tradingview.com/u/narcisofa/","23/04/2026","1","0","121","Candlestick analysis","200"
"McNamee Auto-Trade","https://www.tradingview.com/script/jRPl0Fby-McNamee-Auto-Trade/","wyattmcnamee","https://www.tradingview.com/u/wyattmcnamee/","23/04/2026","7","0","259","Volume","200"
"Alishba 02 [CLEVER] RSI Elite Toolkit","https://www.tradingview.com/script/nVgG79hZ-Alishba-02-CLEVER-RSI-Elite-Toolkit/","TheCleverTraders","https://www.tradingview.com/u/TheCleverTraders/","23/04/2026","296","6","3922","Moving Averages | multitimeframe | Pivot points and levels","200"
"PCRXS Forecast Engine","https://www.tradingview.com/script/2WMATK9H-PCRXS-Forecast-Engine/","pcruz4025","https://www.tradingview.com/u/pcruz4025/","24/04/2026","97","0","1223","forecasting | Pine utilities | Trend Analysis","200"
"NQ VXN Range","https://www.tradingview.com/script/G9UQzonw/","trystinlau","https://www.tradingview.com/u/trystinlau/","23/04/2026","6","0","223","Candlestick analysis | Chart patterns","200"
"Sector/Industry + Market Cap US($) by OddVue.com","https://www.tradingview.com/script/odIM6YqN-Sector-Industry-Market-Cap-US-by-OddVue-com/","prjwl93","https://www.tradingview.com/u/prjwl93/","24/04/2026","0","1","157","Fundamental Analysis","200"
"Surana CTP and Future trend Updates","https://www.tradingview.com/script/3n8koYvB-Surana-CTP-and-Future-trend-Updates/","hali_aimstar","https://www.tradingview.com/u/hali_aimstar/","23/04/2026","12","0","303","Chart patterns | Moving Averages | Portfolio management","200"
"Volatility Managed Kelly Leverage","https://www.tradingview.com/script/Uo4s2KXe-Volatility-Managed-Kelly-Leverage/","HenriqueCentieiro","https://www.tradingview.com/u/HenriqueCentieiro/","23/04/2026","21","2","483","ewma | forecasting | kelly | leverage | positionsizing | statistics | Volatility | volatilityindicator","200"
"All In One Levels + MA","https://www.tradingview.com/script/jhFLY7Z1-All-In-One-Levels-MA/","Cole370","https://www.tradingview.com/u/Cole370/","23/04/2026","3","0","152","Moving Averages | Pivot points and levels","200"
"Sector/Industry + Market Cap (INR Cr) by OddVue.com","https://www.tradingview.com/script/eVmk2jhN-Sector-Industry-Market-Cap-INR-Cr-by-OddVue-com/","prjwl93","https://www.tradingview.com/u/prjwl93/","23/04/2026","3","0","175","Fundamental Analysis","200"
"WTI Intraday Pressure (CL1!-CL2!)","https://www.tradingview.com/script/My0e8hmQ-WTI-Intraday-Pressure-CL1-CL2/","FutuRInvest","https://www.tradingview.com/u/FutuRInvest/","23/04/2026","0","0","215","Oil | oiltrading | sentiment | Trend Analysis | Volatility | WTI","200"
"NY Engulfing Strategy","https://www.tradingview.com/script/8Pb0b8IQ-NY-Engulfing-Strategy/","rgower123","https://www.tradingview.com/u/rgower123/","23/04/2026","25","0","408","Candlestick Analysis | Pivot Points | Trend Analysis","200"
"50 trading","https://www.tradingview.com/script/wm1S0Kvu/","sz701359","https://www.tradingview.com/u/sz701359/","23/04/2026","10","0","282","Candlestick analysis | Chart patterns | Cycles","200"
"3-Strategy Auto Switch - Range + Trend + Breakout","https://www.tradingview.com/script/MoL1SwLE/","vrhzytr","https://www.tradingview.com/u/vrhzytr/","23/04/2026","5","0","400","Bands and Channels | Candlestick analysis","200"
"Adaptive Chandelier Exit+ [MAB]","https://www.tradingview.com/script/S4WGeup3-Adaptive-Chandelier-Exit-MAB/","MarketAlgoBot","https://www.tradingview.com/u/MarketAlgoBot/","23/04/2026","10","0","252","chandelierexit | MAB | marketalgobot | trend | Volatility","200"
"Adaptive MACD+ [MACD]","https://www.tradingview.com/script/Il2VRAlq-Adaptive-MACD-MACD/","MarketAlgoBot","https://www.tradingview.com/u/MarketAlgoBot/","23/04/2026","26","0","459","MAB | Moving Average Convergence / Divergence (MACD) | marketalgobot | Momentum Indicator (MOM) | oscillaltor | trend","200"
"FT - SMA volatility with ADX","https://www.tradingview.com/script/6jMq0lxh/","FrancoTradingFT","https://www.tradingview.com/u/FrancoTradingFT/","23/04/2026","3","0","159","Trend Analysis","200"
"Market Type Classifier","https://www.tradingview.com/script/wyv1Rdau-Market-Type-Classifier/","AizekTRD","https://www.tradingview.com/u/AizekTRD/","23/04/2026","1","0","137","Bands and Channels | Trend Analysis","200"
"BTC Tops And Bodems","https://www.tradingview.com/script/1AUqJady-BTC-Tops-And-Bodems/","carriosol92","https://www.tradingview.com/u/carriosol92/","23/04/2026","7","0","145","Cycles","200"
"Smart Money Concepts: Quantitative Framework [FEELS]","https://www.tradingview.com/script/4AAeq3yA-Smart-Money-Concepts-Quantitative-Framework-FEELS/","FeelsStrategy","https://www.tradingview.com/u/FeelsStrategy/","23/04/2026","613","0","10646","Candlestick analysis | multitimeframe | Support and Resistance","200"
"MSTR mNAV Tracker","https://www.tradingview.com/script/nf1HWvqk/","Box777777","https://www.tradingview.com/u/Box777777/","23/04/2026","3","0","191","Dividends | Earnings | Growth","200"
"Premarket High/Low - Kermez","https://www.tradingview.com/script/vufKn1gw-Premarket-High-Low-Kermez/","Keystone2025","https://www.tradingview.com/u/Keystone2025/","23/04/2026","16","0","483","breakouts | daytrading | intraday | prehigh | prelow | premarket | resistence | Stocks | support | Support and Resistance","200"
"Liquidity Sweep Weak/Strong Engulfing","https://www.tradingview.com/script/vmnFRhf6-Liquidity-Sweep-Weak-Strong-Engulfing/","smartmoney7715","https://www.tradingview.com/u/smartmoney7715/","23/04/2026","7","0","299","Candlestick analysis | Chart patterns | multitimeframe","200"
"MTF MACD Cross-Decay Oscillator","https://www.tradingview.com/script/88xURpTt-MTF-MACD-Cross-Decay-Oscillator/","NotLazyBear","https://www.tradingview.com/u/NotLazyBear/","23/04/2026","36","0","407","Cycles | Oscillators","200"
"Nasdaq Psychological Levels (500er)","https://www.tradingview.com/script/7V2RBJpV-Nasdaq-Psychological-Levels-500er/","MoritzNQ","https://www.tradingview.com/u/MoritzNQ/","23/04/2026","14","0","237","Candlestick analysis | Chart patterns | Trend Analysis","200"
"Session Levels  VWAP S/R  Supply-Demand  Liquidity v6  fixed V1","https://www.tradingview.com/script/Fjy9ya6u-Session-Levels-VWAP-S-R-Supply-Demand-Liquidity-v6-fixed-V1/","recklesstrader","https://www.tradingview.com/u/recklesstrader/","23/04/2026","1","0","266","Candlestick analysis","200"
"6810kuangjia","https://www.tradingview.com/script/7XFf833N/","baibaiyo","https://www.tradingview.com/u/baibaiyo/","23/04/2026","9","0","263","multitimeframe","200"
"Major Inflection Zones","https://www.tradingview.com/script/tjjik9j3-Major-Inflection-Zones/","NotLazyBear","https://www.tradingview.com/u/NotLazyBear/","23/04/2026","14","0","299","Chart patterns | Oscillators","200"
"NOVA TEST TRADING","https://www.tradingview.com/script/uHTXPCov-NOVA-TEST-TRADING/","suprivepromotions","https://www.tradingview.com/u/suprivepromotions/","23/04/2026","8","0","262","Chart patterns","200"
"mogumogu","https://www.tradingview.com/script/CdmsYtjM/","summer712","https://www.tradingview.com/u/summer712/","23/04/2026","3","0","204","Candlestick analysis | Chart patterns | Cycles","200"
"FVG Alerts (DPM)","https://www.tradingview.com/script/fAfcfLZS-FVG-Alerts-DPM/","tylermuto","https://www.tradingview.com/u/tylermuto/","23/04/2026","7","0","215","Candlestick analysis | Chart patterns","200"
"VWAP RSI Strategy (Fixed Signals)","https://www.tradingview.com/script/4opPxGDQ-VWAP-RSI-Strategy-Fixed-Signals/","ntmanish","https://www.tradingview.com/u/ntmanish/","23/04/2026","9","0","212","Volatility","200"
"Pro-Swing Guard: 200 EMA & SuperTrend 10-5 - Simple Swing System","https://www.tradingview.com/script/BXfR4S9f-Pro-Swing-Guard-200-EMA-SuperTrend-10-5-Simple-Swing-System/","The_Stock_Yogi","https://www.tradingview.com/u/The_Stock_Yogi/","23/04/2026","25","1","740","Exponential Moving Average (EMA) | Trend Analysis","200"
"EMA 25/50 First Touch (Strong + Session Filter)","https://www.tradingview.com/script/4x1Ua3dD-EMA-25-50-First-Touch-Strong-Session-Filter/","chayhail238","https://www.tradingview.com/u/chayhail238/","23/04/2026","6","0","208","Bands and Channels | Candlestick analysis | Chart patterns","200"
"5:15-5:30 Supply Demand Box","https://www.tradingview.com/script/AAi3KJTd-5-15-5-30-Supply-Demand-Box/","devenbartlow2002","https://www.tradingview.com/u/devenbartlow2002/","23/04/2026","6","0","","","404"
"TENDANCE 2H DAILY (SELL @ Haut / BUY @ Bas) LIMITLESS","https://www.tradingview.com/script/iAvIo2Lg/","blissfulAccoun8911","https://www.tradingview.com/u/blissfulAccoun8911/","23/04/2026","2","0","220","Bands and Channels","200"
"TENDANCE 2H DAILY (SELL @ Haut / BUY @ Bas)","https://www.tradingview.com/script/upTzZsZm/","blissfulAccoun8911","https://www.tradingview.com/u/blissfulAccoun8911/","23/04/2026","0","0","145","Bands and Channels","200"
"RSI Divergence Lines [XoRonX]","https://www.tradingview.com/script/0LcYb7ns-RSI-Divergence-Lines-XoRonX/","handi45","https://www.tradingview.com/u/handi45/","23/04/2026","14","0","330","Relative Strength Index (RSI)","200"
"Premium/Discount Retracement Indicator","https://www.tradingview.com/script/ms4gILCB-Premium-Discount-Retracement-Indicator/","aby4n_h","https://www.tradingview.com/u/aby4n_h/","23/04/2026","20","0","421","Bill Williams Indicators","200"
"SNIPER VOLUME + NIVEAUX (10M)","https://www.tradingview.com/script/V5b2I2aS/","blissfulAccoun8911","https://www.tradingview.com/u/blissfulAccoun8911/","23/04/2026","13","0","217","Bands and Channels","200"
"SpxSnipper EMA Grid State MTF","https://www.tradingview.com/script/cTJxJA6X-SpxSnipper-EMA-Grid-State-MTF/","tmathios","https://www.tradingview.com/u/tmathios/","23/04/2026","1","0","175","Moving Averages","200"
"Trend Quality Band [EXCAVO]","https://www.tradingview.com/script/3um7NRs8-Trend-Quality-Band-EXCAVO/","EXCAVO","https://www.tradingview.com/u/EXCAVO/","23/04/2026","376","0","4201","adaptive | ATR | percentile | supertrend | Trend Analysis | trendtrading | volatilityindicator","200"
"Quantum Momentum Wave [Pineify]","https://www.tradingview.com/script/1v2RN27G-Quantum-Momentum-Wave-Pineify/","Pineify","https://www.tradingview.com/u/Pineify/","23/04/2026","14","0","502","freedomofmovement | Momentum Indicator (MOM) | Momentum Oscillators | move | quantitative | Wave Analysis | waves","200"
"EMA + MACD + RSI Confluence Strategy","https://www.tradingview.com/script/Ospkem6i/","txts0370","https://www.tradingview.com/u/txts0370/","23/04/2026","1","0","291","Candlestick analysis | Fundamental Analysis","200"
"Charles 4 HOUR LOOP","https://www.tradingview.com/script/qP5AVgOX-Charles-4-HOUR-LOOP/","zyx060321","https://www.tradingview.com/u/zyx060321/","23/04/2026","10","0","277","Bands and Channels | Bill Williams Indicators | Breadth Indicators","200"
"maXXit SoC/TP [V1.0]","https://www.tradingview.com/script/AHse78bL-maXXit-SoC-TP-V1-0/","maxxit007","https://www.tradingview.com/u/maxxit007/","25/04/2026","2","0","183","Pine utilities | Portfolio management","200"
"FT - Volume Indicator","https://www.tradingview.com/script/udxq2kWL/","FrancoTradingFT","https://www.tradingview.com/u/FrancoTradingFT/","23/04/2026","4","0","218","volumespreadanalysis | Volume","200"
"OHLC","https://www.tradingview.com/script/7PTMUShy/","liallen1314520","https://www.tradingview.com/u/liallen1314520/","23/04/2026","21","0","380","Candlestick analysis","200"
"Equity-Debt Rebalance Signal v6","https://www.tradingview.com/script/iOFLPUH4-Equity-Debt-Rebalance-Signal-v6/","robertrajesh","https://www.tradingview.com/u/robertrajesh/","23/04/2026","24","0","369","Moving Averages | Relative Strength Index (RSI)","200"
"QWF Trailing Signals","https://www.tradingview.com/script/wxS09bmz/","nadelyss","https://www.tradingview.com/u/nadelyss/","23/04/2026","10","0","225","Bands and Channels | Candlestick analysis","200"
"RSI Divergence Lines","https://www.tradingview.com/script/2xkOoFdB-RSI-Divergence-Lines/","handi45","https://www.tradingview.com/u/handi45/","23/04/2026","28","0","504","Relative Strength Index (RSI)","200"
"Smart Zones v5","https://www.tradingview.com/script/tWG2eMGZ-Smart-Zones-v5/","soltys_standa1","https://www.tradingview.com/u/soltys_standa1/","25/04/2026","14","0","429","Bill Williams Indicators | Breadth Indicators","200"
"Volume 24h + Price + changeVolume (24H/1H)","https://www.tradingview.com/script/mv5cU4lE-volume-24h-price-changevolume-24h-1h/","AlexTraderPsycholog","https://www.tradingview.com/u/AlexTraderPsycholog/","23/04/2026","2","0","223","statistics | Volatility | Volume","200"
"TEST BOT GOLD SIMPLE","https://www.tradingview.com/script/wTrpBxuf/","blissfulAccoun8911","https://www.tradingview.com/u/blissfulAccoun8911/","23/04/2026","5","0","190","Chart patterns","200"
"Market Pressure SuperTrend","https://www.tradingview.com/script/0n6YiWxM-Market-Pressure-SuperTrend/","Uncle_the_shooter","https://www.tradingview.com/u/Uncle_the_shooter/","23/04/2026","364","0","4222","Trend Analysis","200"
"CNPS2-Bollinger Band","https://www.tradingview.com/script/8LQsjqYR-CNPS2-Bollinger-Band/","Khanhtq26","https://www.tradingview.com/u/Khanhtq26/","23/04/2026","4","0","332","Bands and Channels | educational | Moving Averages","200"
"EMA/WMA Channels + SMA20 (Acid/Wine)","https://www.tradingview.com/script/RVH5vrG7-EMA-WMA-Channels-SMA20-Acid-Wine/","h4ck07","https://www.tradingview.com/u/h4ck07/","23/04/2026","3","0","244","Bollinger Bands (BB) | Simple Moving Average (SMA)","200"
"NY Midnight Candle Right","https://www.tradingview.com/script/2R2ga7l7-NY-Midnight-Candle-Right/","safianfzl","https://www.tradingview.com/u/safianfzl/","23/04/2026","9","0","277","Candlestick analysis | Chart patterns | Cycles | Daily Charts","200"
"Liquidity Trap PRO System","https://www.tradingview.com/script/XYIpGalq-Liquidity-Trap-PRO-System/","alok6065_ak","https://www.tradingview.com/u/alok6065_ak/","23/04/2026","17","0","416","Chart patterns | forecasting | multitimeframe","200"
"NY Midnight Candle Right","https://www.tradingview.com/script/lNlFOeZC-NY-Midnight-Candle-Right/","safianfzl","https://www.tradingview.com/u/safianfzl/","23/04/2026","0","0","159","candle | Candlestick analysis | Chart patterns | Cycles | Daily Charts","200"
"Last 5m Candle Box (Multi-TF)","https://www.tradingview.com/script/lqwAS2mD-Last-5m-Candle-Box-Multi-TF/","robbiecollins001","https://www.tradingview.com/u/robbiecollins001/","23/04/2026","7","0","204","Candlestick analysis | Cycles | forecasting","200"
"BoaBias: MTF ALMA SuperTrend & Stats","https://www.tradingview.com/script/oeKAfDjS-BoaBias-MTF-ALMA-SuperTrend-Stats/","Goldfinch_song","https://www.tradingview.com/u/Goldfinch_song/","23/04/2026","438","2","5891","alma | multitimeframe | statistics","200"
"NY Midnight Candle Right (Safian)","https://www.tradingview.com/script/d3cDGGgF-NY-Midnight-Candle-Right-Safian/","safianfzl","https://www.tradingview.com/u/safianfzl/","23/04/2026","0","0","95","Candlestick analysis","200"
"Relative Strength vs Benchmark","https://www.tradingview.com/script/NfsuSaIS-Relative-Strength-vs-Benchmark/","Vazdooh","https://www.tradingview.com/u/Vazdooh/","23/04/2026","11","0","287","Cycles | sentiment | Trend Analysis","200"
"Last 5m Candle Box with Alerts","https://www.tradingview.com/script/HThMylsS-Last-5m-Candle-Box-with-Alerts/","robbiecollins001","https://www.tradingview.com/u/robbiecollins001/","23/04/2026","1","0","166","Candlestick analysis | Cycles | forecasting","200"
"SEPA Tightness Monitor","https://www.tradingview.com/script/lvsW5y3q-SEPA-Tightness-Monitor/","vishnubhai71","https://www.tradingview.com/u/vishnubhai71/","23/04/2026","1","0","138","Candlestick analysis | Volume","200"
"RSI Divergence Indicator by Hamitcagdas","https://www.tradingview.com/script/suvZxT1Y/","hamitcagdas","https://www.tradingview.com/u/hamitcagdas/","23/04/2026","9","0","","","404"
"SuperTrend Flip Zones [AGPro Series]","https://www.tradingview.com/script/lcljH4Ab-SuperTrend-Flip-Zones-AGPro-Series/","AGProLabs","https://www.tradingview.com/u/AGProLabs/","23/04/2026","35","0","1065","ATR | buy-sell | flip-zones | no-repaint | supertrend | support-and-resistance | trailing-stop | Trend Analysis | trend-following","200"
"CC Pulse + Blend (9-13)","https://www.tradingview.com/script/kcyoq5vv-CC-Pulse-Blend-9-13/","ChipsnCheese","https://www.tradingview.com/u/ChipsnCheese/","23/04/2026","25","0","437","Candlestick analysis","200"
"Liquidity Trap PRO System","https://www.tradingview.com/script/eW3M9Cy0-Liquidity-Trap-PRO-System/","alok6065_ak","https://www.tradingview.com/u/alok6065_ak/","23/04/2026","3","0","211","Chart patterns | multitimeframe","200"
"Bollinger Hunter Pro v5.7","https://www.tradingview.com/script/0uQvWNB2/","yurt42625","https://www.tradingview.com/u/yurt42625/","23/04/2026","555","9","3800","Bands and Channels | Moving Averages | Trend Analysis","200"
"Yu Heng Session Liquidity Hunter","https://www.tradingview.com/script/yiLiFxzC-Yu-Heng-Session-Liquidity-Hunter/","yuhengtrader90","https://www.tradingview.com/u/yuhengtrader90/","23/04/2026","33","0","583","Bands and Channels","200"
"Squeeze Momentum Indicator [AGPro Series]","https://www.tradingview.com/script/5hV7cFAS-Squeeze-Momentum-Indicator-AGPro-Series/","AGProLabs","https://www.tradingview.com/u/AGProLabs/","23/04/2026","272","0","3848","adaptive-momentum | ATR | breakout | momentum-oscillator | Oscillators | squeeze | squeeze-momentum | Trend Analysis | Volatility | volatility-compression | volatility-expansion","200"
"Institutional Tape Terminal","https://www.tradingview.com/script/AXoVbqhN-Institutional-Tape-Terminal/","ZenOutMan","https://www.tradingview.com/u/ZenOutMan/","23/04/2026","8","0","310","Trend Analysis | Volatility | Volume","200"
"Big C Entry & Levels","https://www.tradingview.com/script/eGZXlm5h-Big-C-Entry-Levels/","xfactor101","https://www.tradingview.com/u/xfactor101/","24/04/2026","6","0","362","Moving Averages | Support and Resistance | Trend Analysis","200"
"ICT Macro Time Windows","https://www.tradingview.com/script/PHwuOi3h-ICT-Macro-Time-Windows/","kevin_basner1","https://www.tradingview.com/u/kevin_basner1/","23/04/2026","1","0","158","Cycles","200"
"Trend Line (min 3 pivot)","https://www.tradingview.com/script/WZNz4CDP-trend-line-min-3-pivot/","AlexTraderPsycholog","https://www.tradingview.com/u/AlexTraderPsycholog/","23/04/2026","136","0","1260","Trend Analysis | линиитренда","200"
"Gold Pro Strategy: EMA Cross (TP 1000, SL 500)","https://www.tradingview.com/script/ZrdRGzl3/","boonyalrit93067","https://www.tradingview.com/u/boonyalrit93067/","23/04/2026","6","0","510","Breadth Indicators","200"
"CTZ BTC Inflow / Outflow Monitor","https://www.tradingview.com/script/tPGHHQPm-CTZ-BTC-Inflow-Outflow-Monitor/","CryptoTradingZone","https://www.tradingview.com/u/CryptoTradingZone/","23/04/2026","5","0","206","forecasting | Fundamental Analysis | statistics","200"
"Market Regime Detector [forexobroker]","https://www.tradingview.com/script/tL3FZynR-Market-Regime-Detector-forexobroker/","forexobroker","https://www.tradingview.com/u/forexobroker/","23/04/2026","9","0","335","statistics | Trend Analysis | Volatility","200"
"CTZ Intermarket Rotation Dashboard","https://www.tradingview.com/script/WIQYAaBV-CTZ-Intermarket-Rotation-Dashboard/","CryptoTradingZone","https://www.tradingview.com/u/CryptoTradingZone/","23/04/2026","7","0","220","forecasting | Fundamental Analysis | multitimeframe","200"
"Futures Trading Sessions","https://www.tradingview.com/script/gTwz1zQz-Futures-Trading-Sessions/","Bryant2687","https://www.tradingview.com/u/Bryant2687/","23/04/2026","3","0","148","multitimeframe","200"
"AMD Absorption | Anonycryptous","https://www.tradingview.com/script/isU0Hflb-AMD-Absorption-Anonycryptous/","Anonycryptous","https://www.tradingview.com/u/Anonycryptous/","23/04/2026","61","0","1140","absorption | accumlation-distribution-money-flow | Accumulation / Distribution Line (ADL) | AMD | fvg | institutional_trading | liquidity | session | smartmoney | SMC | Trend Analysis","200"
"Smart Buy Sell PRO v3 GERARDMALI","https://www.tradingview.com/script/fc52OJKq-Smart-Buy-Sell-PRO-v3-GERARDMALI/","gdakouo","https://www.tradingview.com/u/gdakouo/","23/04/2026","13","0","338","Bands and Channels | Breadth Indicators | Chart patterns","200"
"Last 5m Candle Box v2","https://www.tradingview.com/script/xugx4d3h-Last-5m-Candle-Box-v2/","robbiecollins001","https://www.tradingview.com/u/robbiecollins001/","23/04/2026","13","0","267","Candlestick analysis | forecasting | Pivot points and levels","200"
"Claude one","https://www.tradingview.com/script/zxTxzt8o-Claude-one/","devanipratik80","https://www.tradingview.com/u/devanipratik80/","23/04/2026","6","0","438","Chart patterns","200"
"Last 5m Candle Box","https://www.tradingview.com/script/9gC7282P-Last-5m-Candle-Box/","robbiecollins001","https://www.tradingview.com/u/robbiecollins001/","23/04/2026","6","0","180","Bands and Channels | Candlestick analysis | Cycles","200"
"5m Candle Box","https://www.tradingview.com/script/kd8b3we0-5m-Candle-Box/","robbiecollins001","https://www.tradingview.com/u/robbiecollins001/","23/04/2026","3","0","155","Bands and Channels | Candlestick analysis | Chart patterns","200"
"LinReg Channel (No Repaint + Alerts)","https://www.tradingview.com/script/5ebuspQU-linreg-channel-no-repaint-alerts/","AlekseyTroshkin","https://www.tradingview.com/u/AlekseyTroshkin/","23/04/2026","1","0","143","Bands and Channels","200"
"Global Liquidity Index (Z-Score)","https://www.tradingview.com/script/f3XslEsI-Global-Liquidity-Index-Z-Score/","giorgosgttsivis","https://www.tradingview.com/u/giorgosgttsivis/","23/04/2026","10","0","297","Macroeconomic Analysis And Trading Ideas | fed | liquidity | macro | Oscillators | statistics | Trend Analysis","200"
"LSD Supply & Demand Zones","https://www.tradingview.com/script/RP7T3alI-LSD-Supply-Demand-Zones/","LegacyBB","https://www.tradingview.com/u/LegacyBB/","25/04/2026","21","0","382","Candlestick analysis","200"
"Smart Buy Sell  MultiConfluence  GerardMali","https://www.tradingview.com/script/9Lr7SaR7-Smart-Buy-Sell-MultiConfluence-GerardMali/","gdakouo","https://www.tradingview.com/u/gdakouo/","23/04/2026","12","0","339","Breadth Indicators | Chart patterns | Cycles","200"
"MTF  PRO OPTIMIZED(15m)","https://www.tradingview.com/script/eB0qqAsW-MTF-PRO-OPTIMIZED-15m/","yadav_surjeet379","https://www.tradingview.com/u/yadav_surjeet379/","23/04/2026","1","0","152","educational | Moving Averages | Volatility","200"
"MTF Sniper v4","https://www.tradingview.com/script/VKEP6TQF-MTF-Sniper-v4/","upadhyaymanisha13","https://www.tradingview.com/u/upadhyaymanisha13/","23/04/2026","23","0","343","Breadth Indicators | Chart patterns | educational","200"
"OLC Pink Line","https://www.tradingview.com/script/f6D7TPCQ-OLC-Pink-Line/","LazyIndian","https://www.tradingview.com/u/LazyIndian/","23/04/2026","4","0","162","Candlestick analysis","200"
"Gann Time Cycles Pro: Confluence","https://www.tradingview.com/script/wvB4k17z-Gann-Time-Cycles-Pro-Confluence/","moodyankit","https://www.tradingview.com/u/moodyankit/","23/04/2026","27","0","588","Cycles | forecasting | Gann","200"
"rango","https://www.tradingview.com/script/7ueU03Rr/","erxp1524","https://www.tradingview.com/u/erxp1524/","23/04/2026","4","0","236","Bands and Channels","200"
"ATR Strength Marker","https://www.tradingview.com/script/jZ9LLqoD/","a55503","https://www.tradingview.com/u/a55503/","23/04/2026","3","0","199","Candlestick analysis","200"
"Days of the Week Futures","https://www.tradingview.com/script/xiOAEzBS-Days-of-the-Week-Futures/","imaadmerchant","https://www.tradingview.com/u/imaadmerchant/","23/04/2026","1","0","120","Chart patterns | Cycles","200"
"Brooks Price Action  H-L Counts and Bar Types","https://www.tradingview.com/script/g0vTIdy2-Brooks-Price-Action-H-L-Counts-and-Bar-Types/","pacifiedGnu4010","https://www.tradingview.com/u/pacifiedGnu4010/","23/04/2026","4","0","262","Trend Analysis","200"
"EME MNQ Strategy Optimizer v2.4","https://www.tradingview.com/script/yZTFfFFO-EME-MNQ-Strategy-Optimizer-v2-4/","therobertrees","https://www.tradingview.com/u/therobertrees/","23/04/2026","2","0","171","Chart patterns | forecasting | statistics","200"
"Momentum Divergence Engine [forexobroker]","https://www.tradingview.com/script/3DmBmP3a-Momentum-Divergence-Engine-forexobroker/","forexobroker","https://www.tradingview.com/u/forexobroker/","23/04/2026","7","0","262","Oscillators | Trend Analysis | Volatility","200"
"Vector Sniper Pro","https://www.tradingview.com/script/pWNFuBOn-Vector-Sniper-Pro/","RickyTSpanish","https://www.tradingview.com/u/RickyTSpanish/","23/04/2026","7","0","308","Candlestick analysis | candlestickpattern | Cycles | vector | vectorcandles | vectors | volumes | Volume","200"
"Market Memory Levels [forexobroker]","https://www.tradingview.com/script/B7jHcmun-Market-Memory-Levels-forexobroker/","forexobroker","https://www.tradingview.com/u/forexobroker/","23/04/2026","2","0","210","Pivot points and levels | Trend Analysis | Volume","200"
"Structure Retest Sniper v1","https://www.tradingview.com/script/AZSv2u2u-Structure-Retest-Sniper-v1/","JamesK318","https://www.tradingview.com/u/JamesK318/","23/04/2026","14","0","345","Moving Averages | multitimeframe | Trend Analysis","200"
"EMA Rejection Counter","https://www.tradingview.com/script/6bVdmuEc-EMA-Rejection-Counter/","alicanbayar","https://www.tradingview.com/u/alicanbayar/","23/04/2026","1","0","199","Exponential Moving Average (EMA)","200"
"Daily ATR Box","https://www.tradingview.com/script/072od1ps-Daily-ATR-Box/","Vanhamersly","https://www.tradingview.com/u/Vanhamersly/","23/04/2026","2","0","164","Candlestick analysis | Chart patterns | Pivot points and levels","200"
"BTC Sniper Signals (High Accuracy, No Repaint)","https://www.tradingview.com/script/eQ10Me0K-BTC-Sniper-Signals-High-Accuracy-No-Repaint/","bretthenderson883","https://www.tradingview.com/u/bretthenderson883/","23/04/2026","31","0","609","Bitcoin (Cryptocurrency) | BTC | crypto | intraday | Moving Averages | non-repainting | Support and Resistance | trend | Trend Analysis","200"
"VWAP Auto Anchored Trend","https://www.tradingview.com/script/9YWtTaj9-VWAP-Auto-Anchored-Trend/","Midgar-","https://www.tradingview.com/u/Midgar-/","23/04/2026","6","0","349","Average True Range (ATR) | Bands and Channels | Trend Analysis | vwapbands | vwapbounce | vwapbreakout | vwapstrategy","200"
"ATR/DTR[jackieee]","https://www.tradingview.com/script/vltVVA20-ATR-DTR-jackieee/","jackieeeeeeeee","https://www.tradingview.com/u/jackieeeeeeeee/","23/04/2026","18","0","366","Average True Range (ATR) | forecasting | Volatility","200"
"Universal Futures Real Data Auto-Scale","https://www.tradingview.com/script/jdNskc8c/","raydelcl","https://www.tradingview.com/u/raydelcl/","23/04/2026","4","0","355","futures | institutional | multitimeframe | orderflow | realvalue | statistics | Volume","200"
"Super Chachin Pro","https://www.tradingview.com/script/kpz66AWk-Super-Chachin-Pro/","armandodiegomzmz","https://www.tradingview.com/u/armandodiegomzmz/","23/04/2026","13","0","358","ATR | daytrading | engulfings | fibonnacci | intraday | Pivot Points | Pivot points and levels | priceaction | support | Support and Resistance","200"
"Solar Eclipse, Lunar Eclipse (down to 1 minute)","https://www.tradingview.com/script/0xQYkWnv-Solar-Eclipse-Lunar-Eclipse-down-to-1-minute/","Gann_Explained","https://www.tradingview.com/u/Gann_Explained/","23/04/2026","7","0","347","astrofx | astrogann | astrologygann | astrologytrading | astrotrading | Cycles | Gann | gannastro | gannastrology | ganntrading | ganntradingcourse | statistics","200"
"Btcusdt Dual-Engine Trend Strategy","https://www.tradingview.com/script/XTAGdX8Z/","a0101054","https://www.tradingview.com/u/a0101054/","23/04/2026","1","0","309","Candlestick analysis","200"
"Moving Averages and Bollinger Bands","https://www.tradingview.com/script/lwDFlLI7-Moving-Averages-and-Bollinger-Bands/","StrikerZones","https://www.tradingview.com/u/StrikerZones/","23/04/2026","1","0","162","Bands and Channels | Bill Williams Indicators | Breadth Indicators","200"
"Bar information","https://www.tradingview.com/script/8xtlGDEX/","mingzhong0007","https://www.tradingview.com/u/mingzhong0007/","23/04/2026","1","0","138","Candlestick analysis","200"
"Confluence Engine Strategy [JOAT]","https://www.tradingview.com/script/4W7XgwiP-Confluence-Engine-Strategy-JOAT/","officialjackofalltrades","https://www.tradingview.com/u/officialjackofalltrades/","23/04/2026","13","0","672","Chart patterns | confluence | emacrossover | Harmonic Patterns | htfbias | indicator-free | indicators | moving_average | Moving Averages | movingaveragecrossover | strategy | tradingview","200"
"6F Signals + EMA Filter + Label","https://www.tradingview.com/script/6SixqO03-6F-Signals-EMA-Filter-Label/","Ravi_021","https://www.tradingview.com/u/Ravi_021/","23/04/2026","32","0","651","Candlestick analysis | Moving Averages | Trend Analysis","200"
"K-Means Regime Detector","https://www.tradingview.com/script/PCUBiICi-K-Means-Regime-Detector/","ShigemiQuant","https://www.tradingview.com/u/ShigemiQuant/","23/04/2026","2","0","211","Trend Analysis","200"
"Inside / Outside Bar Levels v9","https://www.tradingview.com/script/SryXxltW-Inside-Outside-Bar-Levels-v9/","md45368","https://www.tradingview.com/u/md45368/","23/04/2026","2","0","128","Chart patterns","200"
"MTF EMA Breakout PRO OPTIMIZED (1H Entry)","https://www.tradingview.com/script/1Sk84toy-MTF-EMA-Breakout-PRO-OPTIMIZED-1H-Entry/","yadav_surjeet379","https://www.tradingview.com/u/yadav_surjeet379/","23/04/2026","2","0","159","forecasting | Moving Averages | Trend Analysis","200"
"Daily Levels","https://www.tradingview.com/script/TYoemnyH-Daily-Levels/","justinsmokes","https://www.tradingview.com/u/justinsmokes/","23/04/2026","4","0","196","Candlestick analysis | Chart patterns | educational","200"
"Regression Flux Candles [JOAT]","https://www.tradingview.com/script/GGcRxnSo-Regression-Flux-Candles-JOAT/","officialjackofalltrades","https://www.tradingview.com/u/officialjackofalltrades/","23/04/2026","166","0","2742","gates | indicator-free | indicators | multitimeframe | multitimeframeanalysis | pivot | rsifilter | signals | supportandresistancezones | Trend Analysis | volumefilter | Volume","200"
"Liquidation Tracker Pro v7 - Ultimate Portfolio & Risk Dashboard","https://www.tradingview.com/script/Bv9ELHPA-Liquidation-Tracker-Pro-v7-Ultimate-Portfolio-Risk-Dashboard/","Reggie_W","https://www.tradingview.com/u/Reggie_W/","23/04/2026","9","0","224","educational | Portfolio management | statistics","200"
"Adaptive Fibonacci Compass [JOAT]","https://www.tradingview.com/script/vwHvFJGG-Adaptive-Fibonacci-Compass-JOAT/","officialjackofalltrades","https://www.tradingview.com/u/officialjackofalltrades/","22/04/2026","531","0","8061","boschoch | Candlestick analysis | Chart patterns | fibonaccianalysis | Fibonacci Retracement | fibonnacci | indicator-free | indicators | pivotstrategy | pivottrading | swingdetection | Trend Analysis","200"
"1H 21 EMA Multi-Timeframe","https://www.tradingview.com/script/1gujVavy-1H-21-EMA-Multi-Timeframe/","NewbTrader4878","https://www.tradingview.com/u/NewbTrader4878/","22/04/2026","6","0","","","404"
"Advanced Consolidation & Manipulation Detector","https://www.tradingview.com/script/D1rgQFaG-Advanced-Consolidation-Manipulation-Detector/","NotLazyBear","https://www.tradingview.com/u/NotLazyBear/","24/04/2026","343","1","4510","Cycles","200"
"CVR Earnings Window Filter","https://www.tradingview.com/script/xcqIrdkW-CVR-Earnings-Window-Filter/","cristian_vrinceanu","https://www.tradingview.com/u/cristian_vrinceanu/","23/04/2026","0","0","154","Earnings","200"
"Temporal Candle Grid [JOAT]","https://www.tradingview.com/script/gkPVFo8k-Temporal-Candle-Grid-JOAT/","officialjackofalltrades","https://www.tradingview.com/u/officialjackofalltrades/","22/04/2026","32","0","609","Candlestick analysis | Chart patterns | fvg | HTF | htfanalysis | htfbreakout | htfcandles | indicator-free | indicators | multitimeframe | multitimeframeanalysis | openhighlowclose","200"
"Absorption Arrows v2","https://www.tradingview.com/script/k15zh7Dl-Absorption-Arrows-v2/","WaveWalker1","https://www.tradingview.com/u/WaveWalker1/","22/04/2026","19","0","398","Candlestick analysis | Volatility | Volume","200"
"Minicharts Pro+ [Herman]","https://www.tradingview.com/script/IN1XzgJw-Minicharts-Pro-Herman/","helmans13","https://www.tradingview.com/u/helmans13/","22/04/2026","1200","10","9182","Candlestick analysis | herman | HTF | htfcandle | minichart | minicharts | Moving Averages | multi-timeframe | multitimeframe","200"
"Futures Gamma Levels","https://www.tradingview.com/script/6DRDbpqD-Futures-Gamma-Levels/","cato_kjoita","https://www.tradingview.com/u/cato_kjoita/","22/04/2026","12","0","509","Chart patterns | options","200"
"Session Volume Profile by AUMBaumgartner","https://www.tradingview.com/script/niaUzHtv/","AUMBaumgartner","https://www.tradingview.com/u/AUMBaumgartner/","22/04/2026","49","0","1289","Volume Indicator | Volume Profile | Volume","200"
"Market Condition Gauge","https://www.tradingview.com/script/OKTq6It4-Market-Condition-Gauge/","OakleyJM","https://www.tradingview.com/u/OakleyJM/","22/04/2026","25","0","413","Trend Analysis | Volatility | Volume","200"
"#nuncafuetanfacil","https://www.tradingview.com/script/hauApK3B/","jesusantonioguzmanpena","https://www.tradingview.com/u/jesusantonioguzmanpena/","22/04/2026","8","0","","","404"
"Pichardo Ageda Pro","https://www.tradingview.com/script/NMhkfxLs-Pichardo-Ageda-Pro/","Aviatorpreneur","https://www.tradingview.com/u/Aviatorpreneur/","22/04/2026","1","0","","","404"
"Trend Ray Lines - By Josh","https://www.tradingview.com/script/BQEOvU8C-Trend-Ray-Lines-By-Josh/","JoshuaFredric","https://www.tradingview.com/u/JoshuaFredric/","22/04/2026","75","1","","","404"
"MotiveWave Levels","https://www.tradingview.com/script/HuJzvgpv-MotiveWave-Levels/","N3XUS64","https://www.tradingview.com/u/N3XUS64/","22/04/2026","9","0","","","404"
"Airbus Rejection Block","https://www.tradingview.com/script/5Mrd8Mmt-Airbus-Rejection-Block/","Xiznit","https://www.tradingview.com/u/Xiznit/","22/04/2026","29","0","612","concept","200"
"Asia Range / DR / Killzone","https://www.tradingview.com/script/OX2CLUqi-Asia-Range-DR-Killzone/","M4rshall_fx_","https://www.tradingview.com/u/M4rshall_fx_/","23/04/2026","1","0","177","Candlestick analysis | Chart patterns | Pivot points and levels","200"
"si_reversal_trap_live_summary","https://www.tradingview.com/script/4whjqB7T-si-reversal-trap-live-summary/","rovurfmovviy","https://www.tradingview.com/u/rovurfmovviy/","22/04/2026","0","0","172","statistics","200"
"Reliable SuperTrend + VWAP + BOS + MTF | Intraday Pro Indicator","https://www.tradingview.com/script/ZvI98mWW-Reliable-SuperTrend-VWAP-BOS-MTF-Intraday-Pro-Indicator/","sanjeevreddych_27","https://www.tradingview.com/u/sanjeevreddych_27/","22/04/2026","21","1","428","Moving Averages | multitimeframe | Pivot points and levels","200"
"MTF Candle Structure","https://www.tradingview.com/script/tSpdQOnw-MTF-Candle-Structure/","vvaksh","https://www.tradingview.com/u/vvaksh/","22/04/2026","10","0","","","404"
"si_continuation_live_summary_v5","https://www.tradingview.com/script/ePNFZuuZ-si-continuation-live-summary-v5/","rovurfmovviy","https://www.tradingview.com/u/rovurfmovviy/","22/04/2026","0","0","132","statistics","200"
"Pivot_Labels_Output_Utilities","https://www.tradingview.com/script/lfyMaJ5h-Pivot-Labels-Output-Utilities/","MYNAMEISBRANDON","https://www.tradingview.com/u/MYNAMEISBRANDON/","22/04/2026","3","0","383","display | labels | pivotlabels","200"
"Daily Trade Plan Generator [AGPro Series]","https://www.tradingview.com/script/gD4fbEGn-Daily-Trade-Plan-Generator-AGPro-Series/","AGProLabs","https://www.tradingview.com/u/AGProLabs/","22/04/2026","279","2","4173","ATR | daily-bias | daily-plan | daily-range | key-levels | morning-briefing | multi-asset | plans | TRADE-PLAN | Trend Analysis","200"
"Vol Density (Simple)","https://www.tradingview.com/script/H9Szju1R-Vol-Density-Simple/","munger_gcr","https://www.tradingview.com/u/munger_gcr/","22/04/2026","3","0","158","Chart patterns | Trend Analysis | Volume","200"
"SL TP Box 1:2 RR","https://www.tradingview.com/script/YaKwDiKS-SL-TP-Box-1-2-RR/","surender8915","https://www.tradingview.com/u/surender8915/","22/04/2026","12","0","","","404"
"First Presented FVG After 6:30 + 50%","https://www.tradingview.com/script/QnNnfxeS-First-Presented-FVG-After-6-30-50/","devenbartlow2002","https://www.tradingview.com/u/devenbartlow2002/","22/04/2026","10","0","","","404"
"3D EMA","https://www.tradingview.com/script/y5ycp2ed/","Arco_mercury","https://www.tradingview.com/u/Arco_mercury/","22/04/2026","3","0","295","Chart patterns | multitimeframe | Pine utilities","200"
"KD System","https://www.tradingview.com/script/Qh61ElBM/","Karol609","https://www.tradingview.com/u/Karol609/","22/04/2026","432","0","","","404"
"ICT Smart Money Footprint [AGPro Series]","https://www.tradingview.com/script/27ZW7UhT-ICT-Smart-Money-Footprint-AGPro-Series/","AGProLabs","https://www.tradingview.com/u/AGProLabs/","23/04/2026","47","0","1136","Chart patterns | ict | inner-circle-trader | liquidity | liquidity-sweep | market-structure | multi-timeframe | order-block | price-action | smart-money-concepts | Trend Analysis","200"
"8AM ORB Master Strategy","https://www.tradingview.com/script/HOiXNOCL-8AM-ORB-Master-Strategy/","nick2gd","https://www.tradingview.com/u/nick2gd/","23/04/2026","27","0","491","8am | multitimeframe | orb | RP","200"
"Fibonacci Pivot Levels (KenshinC)","https://www.tradingview.com/script/OzSykb4B-Fibonacci-Pivot-Levels-KenshinC/","KenshinC","https://www.tradingview.com/u/KenshinC/","22/04/2026","312","0","5153","Pivot Points","200"
"Midday Petroleum Boom","https://www.tradingview.com/script/VElZAlmS-Midday-Petroleum-Boom/","samisaleh22","https://www.tradingview.com/u/samisaleh22/","22/04/2026","47","1","","","404"
"Camel Reversal Model","https://www.tradingview.com/script/v7sFoFWi-Camel-Reversal-Model/","nigelwoon","https://www.tradingview.com/u/nigelwoon/","22/04/2026","16","0","","","404"
"Luminous Mean Reversion Channels [Pineify]","https://www.tradingview.com/script/37ufcFK9-Luminous-Mean-Reversion-Channels-Pineify/","Pineify","https://www.tradingview.com/u/Pineify/","22/04/2026","481","0","5171","Bands and Channels | channelline | luminoalgo | meanreversion | Parabolic Stop and Reverse (PSAR)","200"
"High Frequency Binary Scalper [1m]","https://www.tradingview.com/script/BLMSAMoB-High-Frequency-Binary-Scalper-1m/","knowledgejoe","https://www.tradingview.com/u/knowledgejoe/","22/04/2026","40","1","","","404"
"The Wickolous","https://www.tradingview.com/script/KycuyifT-The-Wickolous/","lukebg3","https://www.tradingview.com/u/lukebg3/","22/04/2026","12","0","","","404"
"R:R Position Planner","https://www.tradingview.com/script/m0IT1yEj-R-R-Position-Planner/","jhowes13","https://www.tradingview.com/u/jhowes13/","22/04/2026","12","0","","","404"
"GARCH Volumetric Cloud [MarkitTick]","https://www.tradingview.com/script/OhkLGBLz-GARCH-Volumetric-Cloud-MarkitTick/","MarkitTick","https://www.tradingview.com/u/MarkitTick/","22/04/2026","29","0","623","ewma | falsebreakoutfilter | garch | trend | trendanalyse | Trend Analysis | trendfollowing | trendindicator | trendtrading | Volatility | volatilityindicator","200"
"Omni-MTF & Momentum Matrix","https://www.tradingview.com/script/6PEgjnz8/","sselmantr","https://www.tradingview.com/u/sselmantr/","23/04/2026","4","0","","","404"
"MPGP Dashboard ALL Frame (Date and Time) V.3.1","https://www.tradingview.com/script/Qf5dJ9VU-MPGP-Dashboard-ALL-Frame-Date-and-Time-V-3-1/","jarayg","https://www.tradingview.com/u/jarayg/","22/04/2026","11","0","","","404"
"Zach&EMA20|220&Stripe","https://www.tradingview.com/script/QEDp8bFK/","zachzz","https://www.tradingview.com/u/zachzz/","22/04/2026","4","0","","","404"
"FedWatch Companion - ZQ Fed Funds Futures Curve","https://www.tradingview.com/script/xk2VER51-FedWatch-Companion-ZQ-Fed-Funds-Futures-Curve/","RonyGoldmann","https://www.tradingview.com/u/RonyGoldmann/","22/04/2026","3","0","210","forecasting | Fundamental Analysis | statistics","200"
"MTF Price Line SNIPER AUTO","https://www.tradingview.com/script/yzRhMgJr/","Sachse-1980","https://www.tradingview.com/u/Sachse-1980/","22/04/2026","3","0","216","Bill Williams Indicators | Breadth Indicators | Chart patterns","200"
"Auto Trendline Break Quality [AGPro Series]","https://www.tradingview.com/script/gFNh5Apx-Auto-Trendline-Break-Quality-AGPro-Series/","AGProLabs","https://www.tradingview.com/u/AGProLabs/","22/04/2026","295","0","4548","breakout | break-quality | multi-asset | no-repaint | QUALITY-SCORE | retest | Trend Analysis | trend-break | trendline-break","200"
"GOD MODE | Anchi Reesha","https://www.tradingview.com/script/S9iBAAlc-GOD-MODE-Anchi-Reesha/","Reeshat","https://www.tradingview.com/u/Reeshat/","22/04/2026","17","0","327","Moving Averages","200"
"ApexSignalPro SMC [ForexCracked] [Confluence-Scored BOS/OB/FVG]","https://www.tradingview.com/script/VuEAfhpo-ApexSignalPro-SMC-ForexCracked-Confluence-Scored-BOS-OB-FVG/","ForexCracked","https://www.tradingview.com/u/ForexCracked/","22/04/2026","198","1","2566","breakofstructure | Chart patterns | confluence | fairvaluegap | marketstructure | multipletimeframe | multitimeframe | orderblocks | priceaction | smartmoneyconcepts | SMC | Trend Analysis","200"
"Anchi Reesha AR Trading","https://www.tradingview.com/script/e9JrTqF0-Anchi-Reesha-AR-Trading/","Reeshat","https://www.tradingview.com/u/Reeshat/","22/04/2026","2","0","218","Moving Averages","200"
"ARCO 3D EMA","https://www.tradingview.com/script/6y8ZLnNi/","Arco_mercury","https://www.tradingview.com/u/Arco_mercury/","22/04/2026","5","0","443","forecasting | Fundamental Analysis | Pine utilities","200"
"Liquidity Grab Detector [AGPro Series]","https://www.tradingview.com/script/PEEMkx2o-Liquidity-Grab-Detector-AGPro-Series/","AGProLabs","https://www.tradingview.com/u/AGProLabs/","22/04/2026","47","0","974","ict | institutional | liquidity-grab | multi-asset | multi-level-sweep | no-repaint | order-flow | smart-money | stop-hunt | Support and Resistance | Volume","200"
"Buy/Sell Volume Pressure","https://www.tradingview.com/script/nNzxy4yG-Buy-Sell-Volume-Pressure/","Tonsil","https://www.tradingview.com/u/Tonsil/","22/04/2026","6","0","349","multitimeframe | Oscillators | Volume","200"
"SMC: Sweep + BOS + Retest (PRO)","https://www.tradingview.com/script/kGdMD7dV/","fatihkaraosman35","https://www.tradingview.com/u/fatihkaraosman35/","22/04/2026","4","0","256","Candlestick analysis | Pivot points and levels | Trend Analysis","200"
"Market Structure Trend Matrix [BigBeluga]","https://www.tradingview.com/script/EdtttXPC-Market-Structure-Trend-Matrix-BigBeluga/","BigBeluga","https://www.tradingview.com/u/BigBeluga/","22/04/2026","1302","7","14689","Bands and Channels | choch | marketstructure | strategy | takeprofit | takeprofitsignal | trading | tradingsignals | trend | trendanalyisis | Trend Analysis | Volatility","200"
"20-Day High Failure Short","https://www.tradingview.com/script/L1cEpBqG-20-Day-High-Failure-Short/","TradePrinceRamik","https://www.tradingview.com/u/TradePrinceRamik/","22/04/2026","4","0","205","Bands and Channels | Oscillators","200"
"Asian Range Liquidity Map [AGPro Series]","https://www.tradingview.com/script/CfPvjpr9-Asian-Range-Liquidity-Map-AGPro-Series/","AGProLabs","https://www.tradingview.com/u/AGProLabs/","22/04/2026","12","0","465","asian-range | Forex | ict | kill-zone | liquidity | london-open | session-based | smart-money | Support and Resistance | sweep","200"
"Prism Strategy","https://www.tradingview.com/script/LB3VE9t8/","Okeefe06","https://www.tradingview.com/u/Okeefe06/","22/04/2026","154","2","2794","autofibonacci | emaribbon | fibonnacci | Momentum Indicator (MOM) | trailingstop | Trend Analysis | Volatility","200"
"SouthStone FVG Swing Levels","https://www.tradingview.com/script/NZDzEsnJ-SouthStone-FVG-Swing-Levels/","SouthStone_Digital","https://www.tradingview.com/u/SouthStone_Digital/","22/04/2026","10","0","294","Chart patterns | Support and Resistance | Trend Analysis","200"
"Buy/Sell Pressure Meter [AGPro Series]","https://www.tradingview.com/script/ykdiIuhe-Buy-Sell-Pressure-Meter-AGPro-Series/","AGProLabs","https://www.tradingview.com/u/AGProLabs/","22/04/2026","41","2","793","bookmap-light | buy-pressure | imbalance-streak | non-repainting | pressure-meter | pressure-shift | sell-pressure | volume-analysis | VOLUME-FLOW | Volume","200"
"2K Range Filter","https://www.tradingview.com/script/hRLC94sf-2K-Range-Filter/","krahlma","https://www.tradingview.com/u/krahlma/","22/04/2026","6","0","232","Moving Averages | Portfolio management | tradingsignals","200"
"Parabolic Move Detector [AGPro Series]","https://www.tradingview.com/script/GZj0H0Qe-Parabolic-Move-Detector-AGPro-Series/","AGProLabs","https://www.tradingview.com/u/AGProLabs/","22/04/2026","23","0","453","acceleration | ATR | blow-off-top | crypto | exhaustion | Momentum Indicator (MOM) | PACE | parabolic | pump-detection","200"
"August sweep","https://www.tradingview.com/script/sF76QGk5/","avmasa","https://www.tradingview.com/u/avmasa/","22/04/2026","15","0","337","Chart patterns | forecasting | Fractal | sweep","200"
"EMA + Stochastic Strategy with SL/TP","https://www.tradingview.com/script/zzUJff9J-EMA-Stochastic-Strategy-with-SL-TP/","sruthinodatt1991","https://www.tradingview.com/u/sruthinodatt1991/","22/04/2026","0","0","129","Chart patterns","200"
"MA","https://www.tradingview.com/script/SxmpsZd9-MA/","KT_Investing","https://www.tradingview.com/u/KT_Investing/","22/04/2026","1","0","166","concept | Cycles | moving_average | Trend Analysis","200"
"PCR Market Regime Indicator","https://www.tradingview.com/script/VjUtSzUZ-PCR-Market-Regime-Indicator/","Aleksin_Aleksandar","https://www.tradingview.com/u/Aleksin_Aleksandar/","24/04/2026","27","0","506","Volatility | Volume","200"
"JEET PROP SYSTEM FINAL (ALL FIXED)","https://www.tradingview.com/script/AUcT0O63-JEET-PROP-SYSTEM-FINAL-ALL-FIXED/","jeetunse","https://www.tradingview.com/u/jeetunse/","22/04/2026","55","2","711","Chart patterns | Cycles","200"
"Institutional Candle Detector [AGPro Series]","https://www.tradingview.com/script/FalPxUiY-Institutional-Candle-Detector-AGPro-Series/","AGProLabs","https://www.tradingview.com/u/AGProLabs/","22/04/2026","347","0","6344","absorption | ATR | big-candle | institutional | order-flow | price-action | smart-money | SMC | volume-spike | Volume","200"
"AlgoPath Pro [AY]","https://www.tradingview.com/script/QA44VkKh/","MATISAY","https://www.tradingview.com/u/MATISAY/","22/04/2026","566","1","5559","Trend Analysis | Volatility | Volume","200"
"Reversal SMC/ICT Edition","https://www.tradingview.com/script/4b1KWety-Reversal-SMC-ICT-Edition/","Jeswin7709","https://www.tradingview.com/u/Jeswin7709/","22/04/2026","23","0","529","Bands and Channels | Breadth Indicators | Chart patterns","200"
"Relative Strength Index BB Signals","https://www.tradingview.com/script/uqsR6mFn-Relative-Strength-Index-BB-Signals/","Alichemus_","https://www.tradingview.com/u/Alichemus_/","22/04/2026","4","0","178","Bands and Channels","200"
"DAX Flow [AM]","https://www.tradingview.com/script/QcaGoqJD-DAX-Flow-AM/","Frankie65","https://www.tradingview.com/u/Frankie65/","22/04/2026","5","0","182","Advance/Decline Ratio | Arms Index (TRIN) | Breadth Indicators","200"
"Market Structure Break BOS Classifier","https://www.tradingview.com/script/HZaETXqr-Market-Structure-Break-BOS-Classifier/","Jeswin7709","https://www.tradingview.com/u/Jeswin7709/","22/04/2026","16","0","463","Chart patterns | Moving Averages | statistics","200"
"Intraday Levels Auto","https://www.tradingview.com/script/N0Bio0yI-Intraday-Levels-Auto/","justinsmokes","https://www.tradingview.com/u/justinsmokes/","22/04/2026","2","0","141","Candlestick analysis | Chart patterns | Cycles","200"
"ORB testing - Jivin","https://www.tradingview.com/script/OxVj2Pxx-ORB-testing-Jivin/","cyintize","https://www.tradingview.com/u/cyintize/","22/04/2026","13","0","479","forecasting","200"
"Round Number Magnet Map [AGPro Series]","https://www.tradingview.com/script/fPuNv4g1-Round-Number-Magnet-Map-AGPro-Series/","AGProLabs","https://www.tradingview.com/u/AGProLabs/","22/04/2026","31","0","641","crypto-forex-stocks | institutional-levels | liquidity-zones | magnet-levels | price-action | psychological-levels | reaction-grading | round-numbers | Support and Resistance | support-resistance","200"
"Engulfing Candles with Filters","https://www.tradingview.com/script/m0oLlYQ1-Engulfing-Candles-with-Filters/","Wenwendaddy","https://www.tradingview.com/u/Wenwendaddy/","22/04/2026","4","0","227","Candlestick analysis","200"
"Sniper Scalping Bot 15M (NQ/ES/Gold)","https://www.tradingview.com/script/isp5rkkS-Sniper-Scalping-Bot-15M-NQ-ES-Gold/","boogsmackin","https://www.tradingview.com/u/boogsmackin/","22/04/2026","16","0","655","Candlestick analysis | Chart patterns | Cycles","200"
"si_squeeze_live_summary","https://www.tradingview.com/script/kw5Iv7aV-si-squeeze-live-summary/","rovurfmovviy","https://www.tradingview.com/u/rovurfmovviy/","22/04/2026","0","0","112","techindicator","200"
"Danil - BTC Risk Metric","https://www.tradingview.com/script/0o9QiI2H-Danil-BTC-Risk-Metric/","danilen1","https://www.tradingview.com/u/danilen1/","22/04/2026","2","0","202","Bands and Channels | Chart patterns | Moving Averages","200"
"Multi-Symbol Momentum Screener","https://www.tradingview.com/script/ewELfUj0-Multi-Symbol-Momentum-Screener/","ShigemiQuant","https://www.tradingview.com/u/ShigemiQuant/","22/04/2026","9","0","293","Trend Analysis","200"
"HOLDCHILL","https://www.tradingview.com/script/G0Brb8wl/","NuevaRumasa","https://www.tradingview.com/u/NuevaRumasa/","22/04/2026","118","2","1163","Bands and Channels","200"
"MPGP Dashboard ALL Frame (V3 Final Fixed)","https://www.tradingview.com/script/fWPYX70y-MPGP-Dashboard-ALL-Frame-V3-Final-Fixed/","jarayg","https://www.tradingview.com/u/jarayg/","22/04/2026","5","0","","","404"
"Liquidity Void Mapper [forexobroker]","https://www.tradingview.com/script/mLjuOHhC-Liquidity-Void-Mapper-forexobroker/","forexobroker","https://www.tradingview.com/u/forexobroker/","22/04/2026","23","0","476","Chart patterns | Trend Analysis | Volume","200"
"Harmonic Ratio Scanner [forexobroker]","https://www.tradingview.com/script/e9urGRku-Harmonic-Ratio-Scanner-forexobroker/","forexobroker","https://www.tradingview.com/u/forexobroker/","22/04/2026","7","0","310","Chart patterns | Pivot points and levels | Trend Analysis","200"
"High/Low Daily,Weekly, monthly. NY-Asia-Ldn","https://www.tradingview.com/script/6nGDHdg5/","sugogou","https://www.tradingview.com/u/sugogou/","22/04/2026","6","0","306","Pivot points and levels","200"
"Bollinger Candles","https://www.tradingview.com/script/EvqqVnJi/","cyberfalcon","https://www.tradingview.com/u/cyberfalcon/","22/04/2026","19","0","282","Bands and Channels | Moving Averages | Volatility","200"
"Gap Hunter Pro [forexobroker]","https://www.tradingview.com/script/KcolabFG-Gap-Hunter-Pro-forexobroker/","forexobroker","https://www.tradingview.com/u/forexobroker/","22/04/2026","13","0","369","Chart patterns | Trend Analysis | Volatility","200"
"Key Levels Pro [AGPro Series]","https://www.tradingview.com/script/Yuzjn6EW-Key-Levels-Pro-AGPro-Series/","AGProLabs","https://www.tradingview.com/u/AGProLabs/","22/04/2026","204","0","3271","daily-high-low | institutional | key-levels | monthly-levels | multi-asset | PDH | PDL | session-levels | Support and Resistance | weekly-levels","200"
"ATR Percentage[jackieee]","https://www.tradingview.com/script/3lQor5X8-ATR-Percentage-jackieee/","jackieeeeeeeee","https://www.tradingview.com/u/jackieeeeeeeee/","22/04/2026","5","0","262","Average True Range (ATR) | Bollinger Bands (BB) | Volatility","200"
"4-Dot Dashboard - Labeled Style","https://www.tradingview.com/script/jYx8201x-4-Dot-Dashboard-Labeled-Style/","Trading_Andrea","https://www.tradingview.com/u/Trading_Andrea/","22/04/2026","2","0","209","Oscillators | Trend Analysis","200"
"Supertrend + EMA Rejection Strategy","https://www.tradingview.com/script/7SbOqmpn-Supertrend-EMA-Rejection-Strategy/","Smart_traderGroup","https://www.tradingview.com/u/Smart_traderGroup/","22/04/2026","91","1","1724","Trend Analysis | Wave Analysis","200"
"SMC OB","https://www.tradingview.com/script/LirgZOhj/","a51055105","https://www.tradingview.com/u/a51055105/","22/04/2026","9","0","470","Bands and Channels","200"
"Stan Weinstein's Stag Analysis","https://www.tradingview.com/script/jSeMUbq8-Stan-Weinstein-s-Stag-Analysis/","moodyankit","https://www.tradingview.com/u/moodyankit/","22/04/2026","45","0","677","Moving Averages | Trend Analysis | Volume","200"
"MNQ Overnight Volume + VWAP Cross Time Study (19:00-05:00 CT)","https://www.tradingview.com/script/XD44tIgN-MNQ-Overnight-Volume-VWAP-Cross-Time-Study-19-00-05-00-CT/","thunder6all","https://www.tradingview.com/u/thunder6all/","22/04/2026","0","0","163","Bands and Channels | Candlestick analysis | Chart patterns","200"
"Xer0's Dual Engine Ladder Allocator","https://www.tradingview.com/script/QWqsxYRy-Xer0-s-Dual-Engine-Ladder-Allocator/","Xer0","https://www.tradingview.com/u/Xer0/","22/04/2026","2","0","214","allocation | drawdown | educational | leverage | long-term | portfolio | Portfolio management | rebalancing | risk-management","200"
"HTF Candle Profile & Dealing Range","https://www.tradingview.com/script/obFj0Aij-HTF-Candle-Profile-Dealing-Range/","nevelstrades","https://www.tradingview.com/u/nevelstrades/","22/04/2026","25","0","471","Candlestick analysis | GXT | mmxm | multitimeframe | profiles | PROFILING | ttrades","200"
"Shawn's Indicator","https://www.tradingview.com/script/RZYlfGC2-Shawn-s-Indicator/","alexmateo1991","https://www.tradingview.com/u/alexmateo1991/","22/04/2026","4","0","233","Breadth Indicators | concept | Volume","200"
"BollMA","https://www.tradingview.com/script/v1ADhmuy-BollMA/","WhiteRice00","https://www.tradingview.com/u/WhiteRice00/","22/04/2026","1","0","127","Bands and Channels | Candlestick analysis | Chart patterns","200"
"MNQ VWAP Time Window Backtest","https://www.tradingview.com/script/bLA2mCZE-MNQ-VWAP-Time-Window-Backtest/","thunder6all","https://www.tradingview.com/u/thunder6all/","22/04/2026","2","0","162","Candlestick analysis | Chart patterns","200"
"Sniper Bot PRO","https://www.tradingview.com/script/ZXuUjuMM-Sniper-Bot-PRO/","boogsmackin","https://www.tradingview.com/u/boogsmackin/","22/04/2026","22","0","391","Candlestick analysis | Chart patterns | Cycles","200"
"VWAP Retest Trend Indicator - MES Version","https://www.tradingview.com/script/XnIYJOCh-VWAP-Retest-Trend-Indicator-MES-Version/","sgordon006","https://www.tradingview.com/u/sgordon006/","22/04/2026","9","0","291","Volume Weighted Average Price (VWAP)","200"
"BB + RSI | 1:2 Rentable en 4 horas","https://www.tradingview.com/script/hSG5Az26-BB-RSI-1-2-Rentable-en-4-horas/","Quickscope_trader","https://www.tradingview.com/u/Quickscope_trader/","22/04/2026","17","0","593","Bill Williams Indicators | Breadth Indicators | Candlestick analysis","200"
"BB + RSI | 1:2 Rentable en 4 horas","https://www.tradingview.com/script/3e6VE1ZG-BB-RSI-1-2-Rentable-en-4-horas/","Quickscope_trader","https://www.tradingview.com/u/Quickscope_trader/","22/04/2026","11","0","360","Bill Williams Indicators | Candlestick analysis | Chart patterns","200"
"VRoC 2-Bar Alert NQ","https://www.tradingview.com/script/xQzGhbsr-VRoC-2-Bar-Alert-NQ/","ArmbrustCapital","https://www.tradingview.com/u/ArmbrustCapital/","22/04/2026","5","0","210","Advance/Decline Volume Line | twiggsmoneyflow","200"
"ontagion & Shock System (CSS) - Systemic Risk Tracker","https://www.tradingview.com/script/FaqXFDHA-ontagion-Shock-System-CSS-Systemic-Risk-Tracker/","taeyeongakong","https://www.tradingview.com/u/taeyeongakong/","22/04/2026","5","0","228","contagion | dataanalysis | marketbreadth | oscillaltor | Oscillators | quantitative | riskmangement | statistics | Volatility","200"
"Shadows & Engulfing Patterns","https://www.tradingview.com/script/nlmYbrsB/","Evelyn_Cheng","https://www.tradingview.com/u/Evelyn_Cheng/","22/04/2026","4","0","282","Breadth Indicators | Candlestick analysis | Chart patterns","200"
"Kinetic Hull Matrix [JOAT]","https://www.tradingview.com/script/TZ9ajgbJ-Kinetic-Hull-Matrix-JOAT/","officialjackofalltrades","https://www.tradingview.com/u/officialjackofalltrades/","22/04/2026","22","0","540","Adaptive Moving Average (AMA) | ADX | ATR | Candlestick analysis | hullmovingaverage | indicator-free | indicators | Moving Averages | retest | supportandresistancezones | Trend Analysis | VOLUMEBREAKOUT","200"
"2min 13-48-200 EMA + Levels","https://www.tradingview.com/script/CAiARcXM-2min-13-48-200-EMA-Levels/","neiru37","https://www.tradingview.com/u/neiru37/","22/04/2026","5","0","246","Exponential Moving Average (EMA)","200"
"UT Bot Options Seller (5-Min Spike Protected)","https://www.tradingview.com/script/UFgPI6rd-UT-Bot-Options-Seller-5-Min-Spike-Protected/","gowdaprabhu4","https://www.tradingview.com/u/gowdaprabhu4/","22/04/2026","3","0","502","options | Pine utilities | Trend Analysis","200"
"Universal Pair v2.1 - Sniper Filtered","https://www.tradingview.com/script/BnxWgoU7-Universal-Pair-v2-1-Sniper-Filtered/","Briang790","https://www.tradingview.com/u/Briang790/","22/04/2026","1","0","184","Candlestick analysis | Chart patterns | options","200"
"Volumen con Media 2.5x","https://www.tradingview.com/script/dqgKzzgE/","AGUSTIN-PAREDES_07","https://www.tradingview.com/u/AGUSTIN-PAREDES_07/","22/04/2026","2","0","182","Candlestick analysis | Chart patterns | Cycles","200"
"volumen 2.5 y media movil","https://www.tradingview.com/script/1lJMUtwd/","AGUSTIN-PAREDES_07","https://www.tradingview.com/u/AGUSTIN-PAREDES_07/","22/04/2026","1","0","171","Candlestick analysis | Chart patterns | Cycles","200"
"sesiones (T/L/NY) utc-3","https://www.tradingview.com/script/4tpzMyOo/","AGUSTIN-PAREDES_07","https://www.tradingview.com/u/AGUSTIN-PAREDES_07/","22/04/2026","0","0","340","Candlestick analysis | Chart patterns | Fractal","200"
"Vortex Volume Spectrum [JOAT]","https://www.tradingview.com/script/2eONeXhp-Vortex-Volume-Spectrum-JOAT/","officialjackofalltrades","https://www.tradingview.com/u/officialjackofalltrades/","22/04/2026","22","0","471","Chart patterns | distribution | iindicator | indicators | livetrading | POC | Trend Analysis | valuearea | volumedeltaprofile | volumes | volumespreadanalysis | Volume","200"
"Swing High/Low Lines (Break Stop)","https://www.tradingview.com/script/tKJABtmE-Swing-High-Low-Lines-Break-Stop/","FullPotato","https://www.tradingview.com/u/FullPotato/","22/04/2026","14","1","487","Chart patterns | Pivot points and levels","200"
"Little Charts Pro [MMT]","https://www.tradingview.com/script/vJtDm77R-Little-Charts-Pro-MMT/","isthattyler","https://www.tradingview.com/u/isthattyler/","22/04/2026","644","5","5048","Candlestick analysis | CBC | educational | fvg | isthattyler | MMT | OB | Pine utilities","200"
"Island EMA/VWAP Cross","https://www.tradingview.com/script/XoT46w0V-Island-EMA-VWAP-Cross/","SergioAdams85","https://www.tradingview.com/u/SergioAdams85/","22/04/2026","1","0","175","multitimeframe","200"
"PivotStructureOutline_Utilities","https://www.tradingview.com/script/vcDLGXxS-PivotStructureOutline-Utilities/","MYNAMEISBRANDON","https://www.tradingview.com/u/MYNAMEISBRANDON/","25/04/2026","1","0","301","display | outline | pivot | structure","200"
"Cycles MA Stack (13/21/55/200) Auto Changes Color","https://www.tradingview.com/script/8mcH4tL1-Cycles-MA-Stack-13-21-55-200-Auto-Changes-Color/","Imported_Dingo","https://www.tradingview.com/u/Imported_Dingo/","21/04/2026","0","0","101","Chart patterns | Cycles | moving_average","200"
"XAUUSD Zone Sniper v1","https://www.tradingview.com/script/70dnQZ1K/","Marghe_fx","https://www.tradingview.com/u/Marghe_fx/","21/04/2026","6","0","287","Breadth Indicators | Candlestick analysis | Chart patterns","200"
"Phantom Structure Engine [JOAT]","https://www.tradingview.com/script/YDqPZcAd-Phantom-Structure-Engine-JOAT/","officialjackofalltrades","https://www.tradingview.com/u/officialjackofalltrades/","21/04/2026","42","0","792","Chart patterns | choch-bos-strategy | fvg | indicator-free | indicators | levels | liquiditysweep | orderblockdetector | Pivot points and levels | smcconcepts | swingstructure | Trend Analysis","200"
"Institutional Dealer Exposure","https://www.tradingview.com/script/CSnHVh0p-Institutional-Dealer-Exposure/","ZenOutMan","https://www.tradingview.com/u/ZenOutMan/","21/04/2026","29","0","617","Support and Resistance | Trend Analysis | Volume","200"
"Fib Level on PP(v1)","https://www.tradingview.com/script/7BjsZU0q-Fib-Level-on-PP-v1/","ClayY1110","https://www.tradingview.com/u/ClayY1110/","21/04/2026","3","0","189","Support and Resistance","200"
"BB Mean Reversion Long + SL","https://www.tradingview.com/script/z1xM8YnZ/","a4nti","https://www.tradingview.com/u/a4nti/","21/04/2026","9","0","500","Bands and Channels | Cycles | Moving Averages","200"
"TCI Key Institutional Levels v2.0","https://www.tradingview.com/script/rh5Gpi3k-TCI-Key-Institutional-Levels-v2-0/","The_Stock_Yogi","https://www.tradingview.com/u/The_Stock_Yogi/","21/04/2026","13","0","419","Support and Resistance","200"
"ICT 6:50-7:10 Macro + Target Liquidity","https://www.tradingview.com/script/awv73Vuo-ICT-6-50-7-10-Macro-Target-Liquidity/","devenbartlow2002","https://www.tradingview.com/u/devenbartlow2002/","21/04/2026","3","0","","","404"
"Clusters VP Liquidity Sweep Gold [LuxAlgo](Kaizenhodlr)","https://www.tradingview.com/script/sh0Ca2y4-Clusters-VP-Liquidity-Sweep-Gold-LuxAlgo-Kaizenhodlr/","kaizenhodlr","https://www.tradingview.com/u/kaizenhodlr/","22/04/2026","16","0","","","404"
"lala moner sha","https://www.tradingview.com/script/lgqbH6zf-lala-moner-sha/","rabiullah_hashimi40","https://www.tradingview.com/u/rabiullah_hashimi40/","21/04/2026","40","0","570","Bands and Channels","200"
"Drawdown% and Span [WynTrader]","https://www.tradingview.com/script/iOMxPaij-Drawdown-and-Span-WynTrader/","Wyn-Trader","https://www.tradingview.com/u/Wyn-Trader/","21/04/2026","109","0","2285","Bands and Channels | Breadth Indicators | Cycles | drawdown","200"
"EMA Cloud","https://www.tradingview.com/script/fI4jp9L6-EMA-Cloud/","yemilgr","https://www.tradingview.com/u/yemilgr/","21/04/2026","2","0","217","Bands and Channels | Exponential Moving Average (EMA)","200"
"Titan Signature: EMA + PMH/PML Breakout","https://www.tradingview.com/script/dxQsegNs-Titan-Signature-EMA-PMH-PML-Breakout/","wesg1992","https://www.tradingview.com/u/wesg1992/","21/04/2026","12","0","306","Chart patterns | Fundamental Analysis | options","200"
"Prism","https://www.tradingview.com/script/8r7CMSgu/","Okeefe06","https://www.tradingview.com/u/Okeefe06/","22/04/2026","3","1","197","fibonnacci | forecasting | gmma | Moving Averages | Trend Analysis | trendpattern","200"
"Compression Vector [JOAT]","https://www.tradingview.com/script/xCwgVeXo-Compression-Vector-JOAT/","officialjackofalltrades","https://www.tradingview.com/u/officialjackofalltrades/","21/04/2026","19","0","427","adaptivestochastic | ATR | breakouttrading | Chart patterns | compressionpattern | Harmonic Patterns | indicator-free | indicators | signals | tpslindicator | Trend Analysis | zones","200"
"Pine3D: A Native 3D Graphical Rendering Engine","https://www.tradingview.com/script/I2K4hIdP-Pine3D-A-Native-3D-Graphical-Rendering-Engine/","Alien_Algorithms","https://www.tradingview.com/u/Alien_Algorithms/","22/04/2026","15","4","4207","3d | 3dengine | display | graphics | Market Geometry | MATH | rendering | scatter | surface | trail","200"
"ICT 3rd Lower High SELL - Final","https://www.tradingview.com/script/9viSuVDP-ICT-3rd-Lower-High-SELL-Final/","devenbartlow2002","https://www.tradingview.com/u/devenbartlow2002/","21/04/2026","7","0","","","404"
"Trend Tracker Trade Planner [Nick789]","https://www.tradingview.com/script/RkvygYjb-Trend-Tracker-Trade-Planner-Nick789/","NICK789","https://www.tradingview.com/u/NICK789/","23/04/2026","235","0","3123","Trend Analysis | trendtracking | trendtrading","200"
"RSI Trend Dashboard + SMMA Channel Overlay","https://www.tradingview.com/script/MuHUGJ8q-RSI-Trend-Dashboard-SMMA-Channel-Overlay/","MYNAMEISBRANDON","https://www.tradingview.com/u/MYNAMEISBRANDON/","21/04/2026","43","0","756","crossovers | dashboard | highertimeframe | HTF | movingaveragecrossover | priceacction | Relative Strength Index (RSI) | rsioverbought | rsioversold | Smoothed Moving Average (SMMA) | Trend Analysis","200"
"ICT 8AM Buy Reminder Clean","https://www.tradingview.com/script/5fTPNsWm-ICT-8AM-Buy-Reminder-Clean/","devenbartlow2002","https://www.tradingview.com/u/devenbartlow2002/","21/04/2026","9","0","","","404"
"Liquidity Surge Forecast with Markov Chains [TechnicalZen]","https://www.tradingview.com/script/eENyk5t5-Liquidity-Surge-Forecast-with-Markov-Chains-TechnicalZen/","TechnicalZen","https://www.tradingview.com/u/TechnicalZen/","22/04/2026","23","5","751","3d | confluence | forecasting | markovchain | ml | moneyflows | sentiment | Trend Analysis","200"
"P Trend","https://www.tradingview.com/script/EyBXf8Lu-P-Trend/","Pradiproy06","https://www.tradingview.com/u/Pradiproy06/","22/04/2026","30","0","390","alertsignals | intraday | sentiment | session | trend | Trend Analysis","200"
"4H Sweep + 15M Reversal Alert","https://www.tradingview.com/script/y2IEHIib-4H-Sweep-15M-Reversal-Alert/","strades55","https://www.tradingview.com/u/strades55/","21/04/2026","6","0","247","Chart patterns","200"
"L1 ZLEMA Bands on TRAMA (MTF Non-Repainting)","https://www.tradingview.com/script/uzVvHiQN-L1-ZLEMA-Bands-on-TRAMA-MTF-Non-Repainting/","ClayY1110","https://www.tradingview.com/u/ClayY1110/","21/04/2026","1","0","168","Moving Averages","200"
"MATRIX FOLLOW LINE TERMINAL","https://www.tradingview.com/script/3y6wOV0d/","goktugozi26","https://www.tradingview.com/u/goktugozi26/","21/04/2026","17","0","318","Trend Analysis","200"
"Marubozu Tap Analysis","https://www.tradingview.com/script/JWNK0Aw0-Marubozu-Tap-Analysis/","leifl","https://www.tradingview.com/u/leifl/","21/04/2026","5","0","265","Candlestick analysis | statistics","200"
"Adaptive Volume-Delta Score (VDS) | Order-Flow & Divergence","https://www.tradingview.com/script/oGESdwR2/","arnipoer","https://www.tradingview.com/u/arnipoer/","23/04/2026","23","3","932","divergences | intrabar | multitimeframe | orderflow | Oscillators | scalping | swingtrading | VOLUME-DELTA | Volume","200"
"MahirTrade ICT Killzones","https://www.tradingview.com/script/iytN66cG-MahirTrade-ICT-Killzones/","mahirtrade","https://www.tradingview.com/u/mahirtrade/","21/04/2026","92","0","","","404"
"L2L Zone Builder Pro by EAStudioAI","https://www.tradingview.com/script/1OZ10NLt-L2L-Zone-Builder-Pro-by-EAStudioAI/","Narerit","https://www.tradingview.com/u/Narerit/","21/04/2026","12","0","403","ict | keylevel | keyzones | SMC | Support and Resistance | supportandresitance","200"
"10 Time Zones By Rolingas","https://www.tradingview.com/script/5v2EUFk7-10-Time-Zones-By-Rolingas/","Rolingas","https://www.tradingview.com/u/Rolingas/","21/04/2026","8","0","221","Cycles","200"
"TURKI","https://www.tradingview.com/script/OUuc0HwO/","Turki-20","https://www.tradingview.com/u/Turki-20/","21/04/2026","11","0","282","Bands and Channels | Candlestick analysis | Chart patterns","200"
"Auto Swings (1H=2, 5m=6)","https://www.tradingview.com/script/LBEbPjxK-auto-swings-1h-2-5m-6/","TradePro1000","https://www.tradingview.com/u/TradePro1000/","21/04/2026","39","0","447","Candlestick analysis","200"
"Matrix Supply Demand Zones [Institutional Edition]","https://www.tradingview.com/script/J1kUtWIm/","goktugozi26","https://www.tradingview.com/u/goktugozi26/","21/04/2026","41","0","678","Price Volume Trend (PVT) | Support and Resistance","200"
"Auto Support Resistance Channels","https://www.tradingview.com/script/zhlHqJnW-Auto-Support-Resistance-Channels/","JuniorQTrader","https://www.tradingview.com/u/JuniorQTrader/","21/04/2026","5","0","283","Bands and Channels | Pivot points and levels","200"
"MahirTrade: ICT Bias, FVG, Weekly Levels, [Analysis Assistant]","https://www.tradingview.com/script/t6HxMuYo-MahirTrade-ICT-Bias-FVG-Weekly-Levels-Analysis-Assistant/","mahirtrade","https://www.tradingview.com/u/mahirtrade/","21/04/2026","125","0","","","404"
"Matrix Market Structure [Institutional Edition]","https://www.tradingview.com/script/8DISahMz/","goktugozi26","https://www.tradingview.com/u/goktugozi26/","21/04/2026","9","0","361","Momentum Indicator (MOM) | Support and Resistance | Trend Analysis","200"
"RSI Ultimate Terminal [Institutional Edition]","https://www.tradingview.com/script/rvnbAzVP/","goktugozi26","https://www.tradingview.com/u/goktugozi26/","21/04/2026","12","0","360","Momentum Indicator (MOM) | Relative Strength Index (RSI) | Trend Analysis","200"
"Volume Terminal [Institutional Edition]","https://www.tradingview.com/script/XxTq8cmk/","goktugozi26","https://www.tradingview.com/u/goktugozi26/","21/04/2026","10","0","329","Momentum Indicator (MOM) | Trend Analysis | Volatility","200"
"Reversal strategy for the Forex market MH","https://www.tradingview.com/script/ifVC0yWs/","marko_meuser1","https://www.tradingview.com/u/marko_meuser1/","21/04/2026","3","0","303","Breadth Indicators","200"
"KPK_IV","https://www.tradingview.com/script/AwBh4st4-KPK-IV/","premsuccess435","https://www.tradingview.com/u/premsuccess435/","21/04/2026","8","0","230","Bands and Channels | Candlestick analysis | Chart patterns","200"
"Matrix 9-13 Exhaustion [Institutional Edition]","https://www.tradingview.com/script/FoIFmLzc/","goktugozi26","https://www.tradingview.com/u/goktugozi26/","21/04/2026","15","0","465","Price Volume Trend (PVT) | Trend Analysis","200"
"Matrix Order Blocks [Institutional Edition]","https://www.tradingview.com/script/yHQxfqwL/","goktugozi26","https://www.tradingview.com/u/goktugozi26/","21/04/2026","16","0","442","Detrended Price Oscillator (DPO) | Support and Resistance","200"
"Volume Imbalance Tap Probability v1.1","https://www.tradingview.com/script/e2LSPt5h-Volume-Imbalance-Tap-Probability-v1-1/","leifl","https://www.tradingview.com/u/leifl/","22/04/2026","11","2","404","Candlestick analysis | statistics","200"
"GFX Model","https://www.tradingview.com/script/qtnXOIE8-GFX-Model/","GeraldHildebrand","https://www.tradingview.com/u/GeraldHildebrand/","21/04/2026","3","0","229","statistics | Volatility | Volume","200"
"Gamma Levels (Manual Input) update","https://www.tradingview.com/script/R3scF9k9-Gamma-Levels-Manual-Input-update/","tombartus","https://www.tradingview.com/u/tombartus/","21/04/2026","6","0","256","Pivot points and levels | Trend Analysis | Volume","200"
"Giant Engulfing Candle Detector (Background Only)","https://www.tradingview.com/script/avKlv1A9-Giant-Engulfing-Candle-Detector-Background-Only/","ApexTrades3","https://www.tradingview.com/u/ApexTrades3/","21/04/2026","0","0","155","Candlestick analysis","200"
"Future & Historical Period Lines (D/W/M/3M/Y)","https://www.tradingview.com/script/XynIVine-Future-Historical-Period-Lines-D-W-M-3M-Y/","ichimatter","https://www.tradingview.com/u/ichimatter/","21/04/2026","1","0","135","multitimeframe","200"
"Alert when price stay one side of EMA for 15 bars","https://www.tradingview.com/script/cfcDpnem/","lazabanma","https://www.tradingview.com/u/lazabanma/","21/04/2026","2","0","215","Moving Averages | Trend Analysis","200"
"J.TRADER - Professional Sniper V.04","https://www.tradingview.com/script/glTghGSo/","Trader_j_official","https://www.tradingview.com/u/Trader_j_official/","21/04/2026","162","0","2023","goldstrategy | jtrader | smartmoney | SMC | Trend Analysis | XAUUSD","200"
"OPENFLOW AUTOMATION","https://www.tradingview.com/script/CGyKXoGS-OPENFLOW-AUTOMATION/","CashFelz","https://www.tradingview.com/u/CashFelz/","21/04/2026","1","0","166","Bands and Channels | Candlestick analysis | Chart patterns","200"
"BTC Live Dashboard Plain English","https://www.tradingview.com/script/OpjIGypE-BTC-Live-Dashboard-Plain-English/","CryptoTradingZone","https://www.tradingview.com/u/CryptoTradingZone/","21/04/2026","9","0","214","Accumulation / Distribution Line (ADL) | forecasting | statistics","200"
"Volume Climax Detector [AGPro Series]","https://www.tradingview.com/script/bV5x4Wxe-Volume-Climax-Detector-AGPro-Series/","AGProLabs","https://www.tradingview.com/u/AGProLabs/","21/04/2026","724","2","8465","climax | institutional | reversal | smart-money | volume-analysis | volume-spread-analysis | Volume | VSA | wyckoff | z-score","200"
"Moochie Vision [Architect Edition]","https://www.tradingview.com/script/okp57B0u-Moochie-Vision-Architect-Edition/","j_harris_66","https://www.tradingview.com/u/j_harris_66/","21/04/2026","1","0","119","Volatility | Volume","200"
"Pritesh Liquidity PRO","https://www.tradingview.com/script/3Nke584T-Pritesh-Liquidity-PRO/","Pritesh_Maheshwari00","https://www.tradingview.com/u/Pritesh_Maheshwari00/","21/04/2026","3","0","142","Breadth Indicators | Chart patterns | educational","200"
"Conflux Engine | Anonycryptous","https://www.tradingview.com/script/KJnJLJkk-Conflux-Engine-Anonycryptous/","Anonycryptous","https://www.tradingview.com/u/Anonycryptous/","21/04/2026","33","0","710","ATR | Average Directional Index (ADX) | Average True Range (ATR) | confluence | hullmovingaverage | On Balance Volume (OBV) | scoringsystem | supertrend | Trend Analysis | vwmas | williamspercentr","200"
"GFX Model","https://www.tradingview.com/script/1cuf5bpK-GFX-Model/","GeraldHildebrand","https://www.tradingview.com/u/GeraldHildebrand/","21/04/2026","3","0","200","statistics | Trend Analysis | Volume","200"
"ATR Daily Time Frame Display Box","https://www.tradingview.com/script/7pyA67mS-ATR-Daily-Time-Frame-Display-Box/","Trdr_John","https://www.tradingview.com/u/Trdr_John/","21/04/2026","0","0","147","forecasting | Pine utilities | sentiment","200"
"STOCHASTIC RSI v2.3 HYBRID ULTIMATE","https://www.tradingview.com/script/bdbproVT/","yurt42625","https://www.tradingview.com/u/yurt42625/","21/04/2026","801","9","5596","Bands and Channels | Oscillators | Pine utilities","200"
"Previous Week Liquidity Sweep","https://www.tradingview.com/script/7ZQwyNBu-Previous-Week-Liquidity-Sweep/","khoalx18","https://www.tradingview.com/u/khoalx18/","22/04/2026","7","0","254","Candlestick analysis | reclaim | sweepliquidity","200"
"Tether Printer","https://www.tradingview.com/script/N3e9XAEU-Tether-Printer/","ralis24","https://www.tradingview.com/u/ralis24/","21/04/2026","21","0","319","concept | Fundamental Analysis | sentiment","200"
"VWAP Mensuel Auto-Ancre (3 Deviations)","https://www.tradingview.com/script/2d3prWhv/","ben_haeckler","https://www.tradingview.com/u/ben_haeckler/","21/04/2026","3","0","185","Volume Weighted Average Price (VWAP)","200"
"VWAP Mensuel Auto-Ancre (3 Deviations)","https://www.tradingview.com/script/n8cEUHJH/","ben_haeckler","https://www.tradingview.com/u/ben_haeckler/","21/04/2026","6","0","275","Bands and Channels | Volume Weighted Average Price (VWAP)","200"
"ORB Indicator Lite","https://www.tradingview.com/script/yOyWhsno-ORB-Indicator-Lite/","JfaustV2","https://www.tradingview.com/u/JfaustV2/","21/04/2026","25","0","","","404"
"6 EMA 20 EMA Crossover Alert","https://www.tradingview.com/script/28m5iTr7-6-EMA-20-EMA-Crossover-Alert/","meanyface229","https://www.tradingview.com/u/meanyface229/","21/04/2026","4","0","205","Chart patterns | emacrossover | Moving Averages | pullback | Trend Analysis | trendtrading","200"
"1234up","https://www.tradingview.com/script/jRZmnOqV-1234up/","Bread4DaBreed","https://www.tradingview.com/u/Bread4DaBreed/","21/04/2026","1","0","165","Bands and Channels | Candlestick analysis | Chart patterns","200"
"PGS - Pareto-Gaussian Skew [Zofesu]","https://www.tradingview.com/script/Km7Vzjzz-PGS-Pareto-Gaussian-Skew-Zofesu/","Zofesu","https://www.tradingview.com/u/Zofesu/","21/04/2026","15","0","293","Forex | gaussian | institutional | pareto | sentiment | Trend Analysis | trendlineanalysis | Volatility | zofesu","200"
"PNF2325-Bot-V3-FIXED-Without-Volume-Guard-DMP","https://www.tradingview.com/script/FxWmfZk2-PNF2325-Bot-V3-FIXED-Without-Volume-Guard-DMP/","dmpratap","https://www.tradingview.com/u/dmpratap/","21/04/2026","7","0","285","Pine utilities | Trend Analysis","200"
"DMP-PnFBot-Ghost-V3-Update","https://www.tradingview.com/script/a1irREKG-DMP-PnFBot-Ghost-V3-Update/","dmpratap","https://www.tradingview.com/u/dmpratap/","21/04/2026","34","0","383","Pine utilities | Trend Analysis","200"
"Volume Profile + LVN","https://www.tradingview.com/script/yhGyDKDr-Volume-Profile-LVN/","CraftyPicks","https://www.tradingview.com/u/CraftyPicks/","21/04/2026","76","0","1097","Volume Profile","200"
"Artemis Volatility Bands PRO","https://www.tradingview.com/script/LgKH3YNn-Artemis-Volatility-Bands-PRO/","a_jabbaroff","https://www.tradingview.com/u/a_jabbaroff/","21/04/2026","14","0","552","Bands and Channels | overbought | oversold | reversal | ribbon | signal | signals | Volatility | volatilty | vwapbands | Wave Analysis | waves","200"
"Adaptive Confluence Engine [CLEVER]","https://www.tradingview.com/script/LVyDgmEM-Adaptive-Confluence-Engine-CLEVER/","TheCleverTraders","https://www.tradingview.com/u/TheCleverTraders/","21/04/2026","47","0","658","Moving Averages | multitimeframe | Pivot points and levels","200"
"Adaptive HalfTrend+ [MAB]","https://www.tradingview.com/script/2EnhFBYZ-Adaptive-HalfTrend-MAB/","MarketAlgoBot","https://www.tradingview.com/u/MarketAlgoBot/","21/04/2026","15","0","402","halftrend | MAB | marketalgobot | Trend Analysis | trendfollowing","200"
"Fair Value Gap Auto-Fill Tracker [DefinedEdge]","https://www.tradingview.com/script/SQmcMLGI-Fair-Value-Gap-Auto-Fill-Tracker-DefinedEdge/","DefinedEdge","https://www.tradingview.com/u/DefinedEdge/","21/04/2026","42","0","831","Candlestick analysis | Chart patterns | fairvaluegap | Fractal | fvg | ict | imbalance | smartmoney | volumes","200"
"Adaptive Ichimoku+ [MAB]","https://www.tradingview.com/script/os8vAic8-Adaptive-Ichimoku-MAB/","MarketAlgoBot","https://www.tradingview.com/u/MarketAlgoBot/","21/04/2026","6","0","272","Ichimoku Cloud | MAB | marketalgobot | trend | Trend Analysis","200"
"ATH Base Cloud Indicator","https://www.tradingview.com/script/kD8KS7az/","TraderCloud_135","https://www.tradingview.com/u/TraderCloud_135/","23/04/2026","10","1","336","Moving Averages | multitimeframe | Trend Analysis","200"
"Adaptive Stochastic+ [MAB]","https://www.tradingview.com/script/Ctj5jRxH-Adaptive-Stochastic-MAB/","MarketAlgoBot","https://www.tradingview.com/u/MarketAlgoBot/","21/04/2026","16","0","355","MAB | marketalgobot | Stochastic Oscillator | stochasticoscillator","200"
"CRT - AMD Sessions","https://www.tradingview.com/script/RdAGqYIn/","Jo_Dumesnil","https://www.tradingview.com/u/Jo_Dumesnil/","21/04/2026","33","0","755","Chart patterns | Cycles | forecasting","200"
"QuantumPips Flow Bias","https://www.tradingview.com/script/JdTcoQFj-QuantumPips-Flow-Bias/","QuantumPipsio","https://www.tradingview.com/u/QuantumPipsio/","21/04/2026","16","0","316","forecasting | sentiment | Volume","200"
"VWAP CCI Reversal  Scalp Edition","https://www.tradingview.com/script/OIv5BdZ7/","Ohyashima","https://www.tradingview.com/u/Ohyashima/","21/04/2026","102","0","1856","Oscillators | regressions | Volatility","200"
"Premium Flow MACD","https://www.tradingview.com/script/a9HbC3dK-Premium-Flow-MACD/","carlo9852093","https://www.tradingview.com/u/carlo9852093/","21/04/2026","19","0","381","Moving Average Convergence / Divergence (MACD)","200"
"Smart Bullish Reversal PRO v1","https://www.tradingview.com/script/yX8KJJ7o-Smart-Bullish-Reversal-PRO-v1/","sameh45326","https://www.tradingview.com/u/sameh45326/","21/04/2026","3","0","205","Bands and Channels | Bill Williams Indicators | Breadth Indicators","200"
"News Zones mit Alarmen","https://www.tradingview.com/script/X8YcsEdj/","frag_sari","https://www.tradingview.com/u/frag_sari/","21/04/2026","8","0","257","educational | NEWS | newsbackground | Volatility","200"
"Bull Bear Market Ribbon","https://www.tradingview.com/script/iGfzI5QL-Bull-Bear-Market-Ribbon/","jamalih54","https://www.tradingview.com/u/jamalih54/","23/04/2026","7","0","271","Bands and Channels | Cycles","200"
"Apex Price Patterns & Candlestick Engine [Pineify]","https://www.tradingview.com/script/RnnnrF9P-Apex-Price-Patterns-Candlestick-Engine-Pineify/","Pineify","https://www.tradingview.com/u/Pineify/","21/04/2026","14","0","339","Candlestick analysis | candlestickpattern | candlestickspatterns | freesignals | Market Facilitation Index | marketmechanics","200"
"IB Bias Scorer Extended","https://www.tradingview.com/script/wXv15oUr-IB-Bias-Scorer-Extended/","sleepingrobot","https://www.tradingview.com/u/sleepingrobot/","21/04/2026","0","0","184","Chart patterns","200"
"Volatility Regime Cycle [AGPro Series]","https://www.tradingview.com/script/LOfpVelX-Volatility-Regime-Cycle-AGPro-Series/","AGProLabs","https://www.tradingview.com/u/AGProLabs/","21/04/2026","13","0","370","ATR | bollinger-bands | climax | contraction | cycle | Cycles | keltner-channel | regime | squeeze | Volatility","200"
"BOJ Yen Intervention Overlay","https://www.tradingview.com/script/r2QXCUTv-BOJ-Yen-Intervention-Overlay/","Brisvegaxe","https://www.tradingview.com/u/Brisvegaxe/","21/04/2026","1","0","164","educational | forecasting | Fractal","200"
"Midnight Reset VWAP","https://www.tradingview.com/script/q8NdvPz7-Midnight-Reset-VWAP/","cdurkin24","https://www.tradingview.com/u/cdurkin24/","21/04/2026","0","0","193","Volume Profile | Volume | Volume Weighted Average Price (VWAP)","200"
"Macro TWAP","https://www.tradingview.com/script/l47C4lHO-Macro-TWAP/","Gauder84","https://www.tradingview.com/u/Gauder84/","21/04/2026","4","0","177","Cycles | multitimeframe | Trend Analysis","200"
"Polynomial Regression Channels","https://www.tradingview.com/script/ApVQU5Yn-Polynomial-Regression-Channels/","JonasSchueller","https://www.tradingview.com/u/JonasSchueller/","21/04/2026","10","0","309","Bands and Channels","200"
"Saturation Peak Detection [PhenLabs]","https://www.tradingview.com/script/VyK1gb4k-Saturation-Peak-Detection-PhenLabs/","PhenLabs","https://www.tradingview.com/u/PhenLabs/","21/04/2026","301","0","3364","Bands and Channels | multitimeframe | SMC | supportandresistancezones | Volume","200"
"GFX Multi Timeframe Dashboard","https://www.tradingview.com/script/Sb9VwzT9-GFX-Multi-Timeframe-Dashboard/","GeraldHildebrand","https://www.tradingview.com/u/GeraldHildebrand/","21/04/2026","6","0","204","multitimeframe | Trend Analysis | Volume","200"
"Frankeasycrypto","https://www.tradingview.com/script/fNL63clQ-Frankeasycrypto/","frankbchain","https://www.tradingview.com/u/frankbchain/","21/04/2026","5","0","216","Bands and Channels | Cycles","200"
"BTC ETH Risk Wave  RSI MFI SMC MA line","https://www.tradingview.com/script/JyZbGZGR-BTC-ETH-Risk-Wave-RSI-MFI-SMC-MA-line/","carriosol92","https://www.tradingview.com/u/carriosol92/","21/04/2026","4","0","204","Cycles","200"
"CandelaCharts - Dealing Range","https://www.tradingview.com/script/uJyRtjva-CandelaCharts-Dealing-Range/","CandelaCharts","https://www.tradingview.com/u/CandelaCharts/","21/04/2026","130","0","1725","dealingrange | educational | ict","200"
"NQ.TRADES V4.6 (Clean + ICT Sessions)","https://www.tradingview.com/script/Z0AEW9O7-NQ-TRADES-V4-6-Clean-ICT-Sessions/","jasonnova23","https://www.tradingview.com/u/jasonnova23/","21/04/2026","38","0","479","Candlestick analysis","200"
"3-Day Session High/Low Sweeps","https://www.tradingview.com/script/o5VJFxZC-3-Day-Session-High-Low-Sweeps/","jakelester17","https://www.tradingview.com/u/jakelester17/","21/04/2026","3","0","174","Chart patterns","200"
"Trend ZigZag Strategy by LANZ","https://www.tradingview.com/script/7XkGKdmw/","rau_u_lanz","https://www.tradingview.com/u/rau_u_lanz/","21/04/2026","21","0","446","multitimeframe | Pivot points and levels | Trend Analysis","200"
"EMA + SMA Combo","https://www.tradingview.com/script/s3zZRkTf-EMA-SMA-Combo/","crisco9090","https://www.tradingview.com/u/crisco9090/","21/04/2026","5","0","157","Moving Averages | Trend Analysis","200"
"IRONBULL FX AI MARKET STRUCTURE","https://www.tradingview.com/script/neiSn9Dl-IRONBULL-FX-AI-MARKET-STRUCTURE/","Mr_IB2025","https://www.tradingview.com/u/Mr_IB2025/","21/04/2026","31","0","521","Candlestick analysis | Chart patterns | Cycles | fx | ironbull","200"
"Last pivot high","https://www.tradingview.com/script/aaaKWCu6-Last-pivot-high/","bruzer86","https://www.tradingview.com/u/bruzer86/","21/04/2026","2","0","182","Pivot Points","200"
"PriceAction","https://www.tradingview.com/script/bjCLL4tQ-PriceAction/","jhong2290","https://www.tradingview.com/u/jhong2290/","21/04/2026","0","0","171","bar_types | colors | display","200"
"HH Indicator - ASX Property","https://www.tradingview.com/script/QdYPnCgX-HH-Indicator-ASX-Property/","bruzer86","https://www.tradingview.com/u/bruzer86/","21/04/2026","5","0","185","Pivot Points","200"
"HH Indicator - ASX Info Tech","https://www.tradingview.com/script/Axif8kLf-HH-Indicator-ASX-Info-Tech/","bruzer86","https://www.tradingview.com/u/bruzer86/","21/04/2026","3","0","158","Pivot Points","200"
"HH Indicator - ASX Financials","https://www.tradingview.com/script/WMPCT9aB-HH-Indicator-ASX-Financials/","bruzer86","https://www.tradingview.com/u/bruzer86/","21/04/2026","3","0","139","Pivot Points","200"
"HH Indicator - ASX Consumer Discretionary","https://www.tradingview.com/script/xzJBL0bL-HH-Indicator-ASX-Consumer-Discretionary/","bruzer86","https://www.tradingview.com/u/bruzer86/","21/04/2026","3","0","127","Pivot Points","200"
"HH Indicator - ASX Staples, Utilities, Communications","https://www.tradingview.com/script/BJHH0Pq2-HH-Indicator-ASX-Staples-Utilities-Communications/","bruzer86","https://www.tradingview.com/u/bruzer86/","21/04/2026","3","0","131","Pivot Points","200"
"SMC Supply and Demand Zones [Dots3Red]","https://www.tradingview.com/script/2BqL9Yxd-SMC-Supply-and-Demand-Zones-Dots3Red/","Dots3Red","https://www.tradingview.com/u/Dots3Red/","21/04/2026","78","0","1273","Chart patterns | daytrading | sentiment | smartmoneyconcept | supplyandemandzones | Support and Resistance","200"
"HH Indicator - ASX Healthcare","https://www.tradingview.com/script/kyuym62E-HH-Indicator-ASX-Healthcare/","bruzer86","https://www.tradingview.com/u/bruzer86/","21/04/2026","3","0","116","Pivot Points","200"
"HH Indicator - ASX Energy","https://www.tradingview.com/script/K0dbHxxo-HH-Indicator-ASX-Energy/","bruzer86","https://www.tradingview.com/u/bruzer86/","21/04/2026","3","0","123","Pivot Points","200"
"Wyckoff Accumulation Phase Map [AGPro Series]","https://www.tradingview.com/script/cJ65zYuc-Wyckoff-Accumulation-Phase-Map-AGPro-Series/","AGProLabs","https://www.tradingview.com/u/AGProLabs/","21/04/2026","33","0","569","accumulation-phase | change-of-character | choch | market-structure | phase-analysis | selling-climax | spring | Trend Analysis | wyckoff | wyckoff-accumulation","200"
"Options Signal Monitor - RSI/MACD/VIX","https://www.tradingview.com/script/q3a6nNij-Options-Signal-Monitor-RSI-MACD-VIX/","RishiBriyana","https://www.tradingview.com/u/RishiBriyana/","21/04/2026","2","0","146","Chart patterns","200"
"HH Indicator - ASX Materials","https://www.tradingview.com/script/BX9WP9uO-HH-Indicator-ASX-Materials/","bruzer86","https://www.tradingview.com/u/bruzer86/","21/04/2026","3","0","151","Pivot points and levels","200"
"Order Blocks (ICT Concept)","https://www.tradingview.com/script/cbR58WGh-Order-Blocks-ICT-Concept/","jestinvjames","https://www.tradingview.com/u/jestinvjames/","21/04/2026","37","0","578","Candlestick analysis | Chart patterns | Trend Analysis","200"
"Dynamic OTE by AKG","https://www.tradingview.com/script/FxFEIfLc-Dynamic-OTE-by-AKG/","Akg27th","https://www.tradingview.com/u/Akg27th/","25/04/2026","27","0","559","educational | forecasting | Pivot points and levels","200"
"TQHQ Script","https://www.tradingview.com/script/IDP4kwJM-TQHQ-Script/","rayku2000","https://www.tradingview.com/u/rayku2000/","21/04/2026","7","0","253","Chart patterns | forecasting | Fundamental Analysis","200"
"Wyckoff Distribution Phase Map [AGPro Series]","https://www.tradingview.com/script/oq2aQ0AS-Wyckoff-Distribution-Phase-Map-AGPro-Series/","AGProLabs","https://www.tradingview.com/u/AGProLabs/","21/04/2026","45","0","917","buying-climax | Chart patterns | choch | distribution | market-structure | phase-analysis | smart-money | Supply and Demand | Trend Analysis | wyckoff | wyckoff-method","200"
"EMA + SMA Combo","https://www.tradingview.com/script/Od76Mk9m-EMA-SMA-Combo/","crisco9090","https://www.tradingview.com/u/crisco9090/","21/04/2026","0","0","119","Moving Averages | Trend Analysis","200"
"Estrategia A v2.9 - Partial TP + BE + NY10-15","https://www.tradingview.com/script/i3UQMQ63/","marianoc1885","https://www.tradingview.com/u/marianoc1885/","21/04/2026","2","1","242","multitimeframe | Oscillators","200"
"Estrategia A v2.9 - Partial TP + BE + NY10-15","https://www.tradingview.com/script/3PQgB5Re/","marianoc1885","https://www.tradingview.com/u/marianoc1885/","21/04/2026","1","0","214","Moving Averages | multitimeframe | Oscillators","200"
"up/down VolumeRatio","https://www.tradingview.com/script/dapl76nq-up-down-VolumeRatio/","ShiHaoLi","https://www.tradingview.com/u/ShiHaoLi/","21/04/2026","2","0","220","Volume Indicator | Volume","200"
"Stoch RSI Background + MTF Cross Signals","https://www.tradingview.com/script/snskOthu-Stoch-RSI-Background-MTF-Cross-Signals/","grazzeee","https://www.tradingview.com/u/grazzeee/","21/04/2026","5","0","","","404"
"CNPS7 - 3SMA Cross","https://www.tradingview.com/script/2LoYZG4M-CNPS7-3SMA-Cross/","Khanhtq26","https://www.tradingview.com/u/Khanhtq26/","21/04/2026","3","0","350","Chart patterns | educational | Moving Averages","200"
"VWAP Cross Flow Engine [AGPro Series]","https://www.tradingview.com/script/446Fe3Nk-VWAP-Cross-Flow-Engine-AGPro-Series/","AGProLabs","https://www.tradingview.com/u/AGProLabs/","21/04/2026","33","0","904","intraday | mean-reversion | scalping | volume-analysis | Volume | volume-weighted-average-price | vwap-bands | vwap-crossover","200"
"NASDAQ Flow Profile PRO CLEAN MTF + LTF","https://www.tradingview.com/script/tLStsiYT/","Sachse-1980","https://www.tradingview.com/u/Sachse-1980/","23/04/2026","0","0","153","Bands and Channels | Bill Williams Indicators | Breadth Indicators","200"
"Prasanna Trend lines","https://www.tradingview.com/script/azduEKeT-Prasanna-Trend-lines/","maramlikhitha355","https://www.tradingview.com/u/maramlikhitha355/","21/04/2026","8","0","199","Trend Analysis","200"
"TraxisLab  Reversal Engine","https://www.tradingview.com/script/jdJYu5ce/","TraxisLab","https://www.tradingview.com/u/TraxisLab/","21/04/2026","8","0","299","Trend Analysis | Volatility | Volume","200"
"GMSTR Destek / Direnc Alarmi","https://www.tradingview.com/script/lHm1sSrz-GMSTR-Destek-Direnc-Alarmi/","kinetokor","https://www.tradingview.com/u/kinetokor/","21/04/2026","61","0","761","Chart patterns","200"
"Vestrix.ai Signal LRS/ATR","https://www.tradingview.com/script/UngKZpPM-Vestrix-ai-Signal-LRS-ATR/","xriswart","https://www.tradingview.com/u/xriswart/","21/04/2026","3","0","330","Cycles | Oscillators | Volatility","200"
"RSI by New Normal Skill","https://www.tradingview.com/script/73256ESm-RSI-by-New-Normal-Skill/","newnormalskill","https://www.tradingview.com/u/newnormalskill/","21/04/2026","6","0","240","Chart patterns | indicators | Relative Strength Index (RSI) | rsi_divergence | rsidivergence","200"
"EMA Rainbow by NNS V5","https://www.tradingview.com/script/wh9U4m5S-EMA-Rainbow-by-NNS-V5/","newnormalskill","https://www.tradingview.com/u/newnormalskill/","21/04/2026","6","0","214","Candlestick analysis | Chart patterns | Exponential Moving Average (EMA) | emassignal | indicators","200"
"DJIA Top-7 vs YM","https://www.tradingview.com/script/fm6jifse/","gnorek","https://www.tradingview.com/u/gnorek/","21/04/2026","2","0","149","concept | Pine utilities","200"
"NQ vs Top10","https://www.tradingview.com/script/lCd0YKt0/","gnorek","https://www.tradingview.com/u/gnorek/","21/04/2026","1","0","147","concept | Pine utilities","200"
"DJIA Top-7 vs YM","https://www.tradingview.com/script/4jsHtozj/","gnorek","https://www.tradingview.com/u/gnorek/","21/04/2026","0","0","132","concept | Pine utilities","200"
"Market Extension Meter (Fixed Stable)","https://www.tradingview.com/script/ORDWJU2V/","philip_collette","https://www.tradingview.com/u/philip_collette/","21/04/2026","0","0","112","Moving Averages | Trend Analysis","200"
"SMC: IFVG + OTE + Std Dev","https://www.tradingview.com/script/60vI1nWw-SMC-IFVG-OTE-Std-Dev/","maximiliantung","https://www.tradingview.com/u/maximiliantung/","21/04/2026","11","0","396","Candlestick analysis | Chart patterns | Cycles","200"
"SMC: IFVG + OTE + Std Dev","https://www.tradingview.com/script/cKdUJ9or-SMC-IFVG-OTE-Std-Dev/","maximiliantung","https://www.tradingview.com/u/maximiliantung/","21/04/2026","4","0","297","Bands and Channels | Candlestick analysis | Chart patterns","200"
"Ram-ban Support & Resistance System [% Adaptive for Stocks]","https://www.tradingview.com/script/C0I2BDTq-Ram-ban-Support-Resistance-System-Adaptive-for-Stocks/","Abhiatrey","https://www.tradingview.com/u/Abhiatrey/","21/04/2026","353","3","4665","educational | forecasting | Support and Resistance","200"
"Overbought & Oversold Zones - MTF Signals","https://www.tradingview.com/script/ejgrCxEj-Overbought-Oversold-Zones-MTF-Signals/","MQLSoftware","https://www.tradingview.com/u/MQLSoftware/","21/04/2026","433","8","5552","Momentum Indicator (MOM) | Oscillators | overbought | oversold | reversal | Trend Analysis | zones","200"
"Reversal & COG","https://www.tradingview.com/script/e77tdOME-Reversal-COG/","Anupama","https://www.tradingview.com/u/Anupama/","21/04/2026","2","0","301","Cycles","200"
"Market Extension Meter (Fixed Stable)","https://www.tradingview.com/script/yCekFYwM/","philip_collette","https://www.tradingview.com/u/philip_collette/","21/04/2026","0","0","158","Cycles | Moving Averages | Wave Analysis","200"
"CNPS6 -BB/ADX","https://www.tradingview.com/script/MGF6uCxc-CNPS6-BB-ADX/","Khanhtq26","https://www.tradingview.com/u/Khanhtq26/","21/04/2026","1","0","259","Bands and Channels | educational | Fractal","200"
"Break-Retest Quality [AGPro Series]","https://www.tradingview.com/script/fdUvmBI6-Break-Retest-Quality-AGPro-Series/","AGProLabs","https://www.tradingview.com/u/AGProLabs/","21/04/2026","26","0","576","atr-based | BOS | break-of-structure | Chart patterns | pivot-break | price-action | QUALITY-SCORE | retest | SMC | structure-analysis | Trend Analysis","200"
"TEAM HAI DANG LAO CAI","https://www.tradingview.com/script/869t8TOZ-TEAM-HAI-DANG-LAO-CAI/","nguyenvanfpg","https://www.tradingview.com/u/nguyenvanfpg/","21/04/2026","15","0","","","404"
"TD9 reversal","https://www.tradingview.com/script/6HK3JLYf/","Choliszt","https://www.tradingview.com/u/Choliszt/","21/04/2026","38","0","797","Candlestick analysis","200"
"Strategy template V1","https://www.tradingview.com/script/FgwG87Gx-Strategy-template-V1/","rubenter","https://www.tradingview.com/u/rubenter/","21/04/2026","2","0","253","Chart patterns | Moving Averages | Trend Analysis","200"
"Engulfing Signal Berry Right","https://www.tradingview.com/script/HPkPcvT8-Engulfing-Signal-Berry-Right/","berryright2","https://www.tradingview.com/u/berryright2/","21/04/2026","12","0","177","Candlestick analysis","200"
"KARTHIK TENKASI EMA9 + RSI50 First Break Strategy (Long Only)","https://www.tradingview.com/script/V1frjvgM-KARTHIK-TENKASI-EMA9-RSI50-First-Break-Strategy-Long-Only/","Karthik3545","https://www.tradingview.com/u/Karthik3545/","21/04/2026","4","0","284","Exponential Moving Average (EMA) | karthik | longonly | Moving Averages | Oscillators","200"
"MNQ NY Open Boxes (9:29 Anchor)","https://www.tradingview.com/script/ZxBl1FkY-MNQ-NY-Open-Boxes-9-29-Anchor/","AlyeTrades","https://www.tradingview.com/u/AlyeTrades/","21/04/2026","0","0","102","Chart patterns","200"
"Settlement Cycle VWAP Ladder [TechnicalZen]","https://www.tradingview.com/script/4rE9ivYD-Settlement-Cycle-VWAP-Ladder-TechnicalZen/","TechnicalZen","https://www.tradingview.com/u/TechnicalZen/","21/04/2026","8","0","383","derivatives | expiry | futures | multitimeframe | options | optioons | settlement | statistics","200"
"NQ/MNQ CT Scalper [BACKTEST]","https://www.tradingview.com/script/1kEKmbb9-NQ-MNQ-CT-Scalper-BACKTEST/","Crispigino","https://www.tradingview.com/u/Crispigino/","21/04/2026","11","0","522","Candlestick analysis | Chart patterns | forecasting","200"
"NQ/MNQ Super Scalper [BACKTEST]","https://www.tradingview.com/script/6ve1ax1D-NQ-MNQ-Super-Scalper-BACKTEST/","Crispigino","https://www.tradingview.com/u/Crispigino/","21/04/2026","705","6","12854","Candlestick analysis | Chart patterns | forecasting","200"
"Initial Balance (IB) - Hitz2kk","https://www.tradingview.com/script/oxOljAbN-Initial-Balance-IB-Hitz2kk/","hitz2kk","https://www.tradingview.com/u/hitz2kk/","21/04/2026","5","0","140","Candlestick analysis | Chart patterns | Cycles","200"
"ICT Time Divider (Daily & Weekly)","https://www.tradingview.com/script/po5rilJC/","hctungmao","https://www.tradingview.com/u/hctungmao/","21/04/2026","1","0","189","Candlestick analysis | Cycles","200"
"Trend Quality [AGPro Series]","https://www.tradingview.com/script/XNmESgul-Trend-Quality-AGPro-Series/","AGProLabs","https://www.tradingview.com/u/AGProLabs/","21/04/2026","10","0","398","adx-efficiency | BREAKOUT-QUALITY | chop-filter | multi-timeframe | QUALITY-WINDOW | regime-detection | SCORE-VELOCITY | Trend Analysis | trend-lifecycle | trend-quality","200"
"ICT Time Divider (Daily & Weekly)","https://www.tradingview.com/script/z6MhWeye/","hctungmao","https://www.tradingview.com/u/hctungmao/","21/04/2026","1","0","162","Candlestick analysis | Cycles","200"
"Daily & Weekly Divider","https://www.tradingview.com/script/SdCKyC5l/","hctungmao","https://www.tradingview.com/u/hctungmao/","21/04/2026","2","0","143","Candlestick analysis","200"
"Positional Trading Indicator","https://www.tradingview.com/script/n3vQEPlZ-Positional-Trading-Indicator/","gautam_tradingipad","https://www.tradingview.com/u/gautam_tradingipad/","21/04/2026","6","0","209","Chart patterns | educational | Pivot points and levels","200"
"Fractal Breakout Scanner [forexobroker]","https://www.tradingview.com/script/fjccK9Cf-Fractal-Breakout-Scanner-forexobroker/","forexobroker","https://www.tradingview.com/u/forexobroker/","21/04/2026","19","0","405","Chart patterns | Pivot points and levels | Trend Analysis","200"
"Exhaustion Volume Spike [forexobroker]","https://www.tradingview.com/script/TWc9WOlC-Exhaustion-Volume-Spike-forexobroker/","forexobroker","https://www.tradingview.com/u/forexobroker/","21/04/2026","48","0","713","educational | Trend Analysis | Volume","200"
"Dynamic Fibonacci Auto [forexobroker]","https://www.tradingview.com/script/DlpkjmUh-Dynamic-Fibonacci-Auto-forexobroker/","forexobroker","https://www.tradingview.com/u/forexobroker/","21/04/2026","31","0","465","educational | Pivot points and levels | Trend Analysis","200"
"CirisAshley S&D Pro | ORB + Flow","https://www.tradingview.com/script/f7mGP7e4-CirisAshley-S-D-Pro-ORB-Flow/","CirisAshley","https://www.tradingview.com/u/CirisAshley/","25/04/2026","18","0","348","Candlestick analysis | Chart patterns | Cycles","200"
"Pro 1H Camarilla Intraday (Signals + Alerts) by koteswararao","https://www.tradingview.com/script/EA2NWdBy-Pro-1H-Camarilla-Intraday-Signals-Alerts-by-koteswararao/","wc9jrvzpkk","https://www.tradingview.com/u/wc9jrvzpkk/","21/04/2026","6","0","231","Chart patterns | multitimeframe | Pivot points and levels","200"
"C.A Scalper","https://www.tradingview.com/script/KxhlcYgi-C-A-Scalper/","CirisAshley","https://www.tradingview.com/u/CirisAshley/","21/04/2026","8","0","220","Candlestick analysis | Chart patterns | Cycles","200"
"Regime Transition Intelligence [AGPro Series]","https://www.tradingview.com/script/TxkeLxQ1-Regime-Transition-Intelligence-AGPro-Series/","AGProLabs","https://www.tradingview.com/u/AGProLabs/","21/04/2026","23","0","480","dwell-time | flip-probability | market-regime | regime-analysis | regime-fatigue | statistical-analysis | statistics | survival-analysis | transition-probability | Trend Analysis | trend-chop","200"
"GAP AND ETH HL","https://www.tradingview.com/script/tXpTHgbw/","Ess594","https://www.tradingview.com/u/Ess594/","21/04/2026","4","0","152","Candlestick analysis","200"
"Tight After Big Move","https://www.tradingview.com/script/f2UP0NmD-Tight-After-Big-Move/","croregan","https://www.tradingview.com/u/croregan/","21/04/2026","2","0","146","Chart patterns | Trend Analysis | Volatility","200"
"MTF Trend Dashboard (PJ)","https://www.tradingview.com/script/gs5w8dVC-MTF-Trend-Dashboard-PJ/","pharl","https://www.tradingview.com/u/pharl/","21/04/2026","1","0","156","multitimeframe | Trend Analysis","200"
"KK Channel","https://www.tradingview.com/script/PRSXVvrY-KK-Channel/","Kellycg15","https://www.tradingview.com/u/Kellycg15/","21/04/2026","14","0","235","Moving Averages","200"
"P/E Evaluation Snapshot","https://www.tradingview.com/script/azdydiAh/","DNSE","https://www.tradingview.com/u/DNSE/","21/04/2026","2","0","180","Cycles | Fundamental Analysis | Trend Analysis","200"
"Swap Engine - Pair Rotation (Z-Score) [AGPro Series]","https://www.tradingview.com/script/CZBZw27L-Swap-Engine-Pair-Rotation-Z-Score-AGPro-Series/","AGProLabs","https://www.tradingview.com/u/AGProLabs/","21/04/2026","11","0","326","crypto-rotation | INTEGRITY-GATE | mean-reversion | Oscillators | pair-rotation | ratio-analysis | spread-trading | statistical-arbitrage | statistics | tiered-exposure | z-score","200"
"Stockbee + EMA Scanner","https://www.tradingview.com/script/V6lswE7O-Stockbee-EMA-Scanner/","normanalwyn","https://www.tradingview.com/u/normanalwyn/","21/04/2026","1","0","184","Exponential Moving Average (EMA) | Moving Averages","200"
"Auto Trendlines MTF - Break/Retest [AGPro Series]","https://www.tradingview.com/script/4WebUTIR-Auto-Trendlines-MTF-Break-Retest-AGPro-Series/","AGProLabs","https://www.tradingview.com/u/AGProLabs/","21/04/2026","545","1","6872","auto-trendlines | break-retest | log-scale | market-structure | multi-timeframe | pivot-points | price-action | Support and Resistance | support-resistance | Trend Analysis","200"
"FVG and iFVG Finder (MTF)","https://www.tradingview.com/script/xccGnMfi-FVG-and-iFVG-Finder-MTF/","bittahgeniusrecords","https://www.tradingview.com/u/bittahgeniusrecords/","21/04/2026","0","0","286","Chart patterns","200"
"DNSE Quick P/B Evaluation Indicator","https://www.tradingview.com/script/H8oBxphR/","DNSE","https://www.tradingview.com/u/DNSE/","21/04/2026","8","5","371","Fundamental Analysis | Portfolio management | Value","200"
"Vegas+ EMA+ BOLL","https://www.tradingview.com/script/Gk6owUPV/","brucema","https://www.tradingview.com/u/brucema/","21/04/2026","0","0","147","Bands and Channels","200"
"Sovereign - Adaptive Sniper Final","https://www.tradingview.com/script/GJ3G86xV-Sovereign-Adaptive-Sniper-Final/","Coltonhammock123","https://www.tradingview.com/u/Coltonhammock123/","21/04/2026","1","0","152","Candlestick analysis | Chart patterns","200"
"Wave 3 Sniper System","https://www.tradingview.com/script/md9mlDyz-Wave-3-Sniper-System/","lovepizza","https://www.tradingview.com/u/lovepizza/","21/04/2026","31","0","890","AI | forecasting | Gold | Moving Averages | sniper | Wave Analysis | wavetheory | XAUUSD","200"
"APOZ - Market Dashboard","https://www.tradingview.com/script/D1ne6pJ4-APOZ-Market-Dashboard/","kale_stately","https://www.tradingview.com/u/kale_stately/","21/04/2026","0","0","151","Fundamental Analysis","200"
"ATR Stop Panel","https://www.tradingview.com/script/yKJAcCMU-ATR-Stop-Panel/","strades55","https://www.tradingview.com/u/strades55/","21/04/2026","0","0","141","Candlestick analysis | risk | riskmanagemnt","200"
"Pivot Channel Map [AGPro Series]","https://www.tradingview.com/script/k6b3vcXK-Pivot-Channel-Map-AGPro-Series/","AGProLabs","https://www.tradingview.com/u/AGProLabs/","21/04/2026","52","0","849","break-and-retest | channel-breakout | dynamic-channels | market-structure | parallel-channel | pivot-channels | structural-analysis | support-resistance | trend-analysis | Trend Analysis","200"
"Smart Flag Clean 5/12 EMA + Chop Filter","https://www.tradingview.com/script/6WVve3Eu-Smart-Flag-Clean-5-12-EMA-Chop-Filter/","ajroland67","https://www.tradingview.com/u/ajroland67/","21/04/2026","3","0","229","Exponential Moving Average (EMA) | Simple Moving Average (SMA)","200"
"Liquidity Execution Radar v2.1","https://www.tradingview.com/script/D8YZb3Pg-Liquidity-Execution-Radar-v2-1/","Tk317567","https://www.tradingview.com/u/Tk317567/","21/04/2026","7","0","245","Chart patterns | Cycles | Fundamental Analysis","200"
"Volatility-Adjusted Position Sizer [Futures]","https://www.tradingview.com/script/JckoMBeD-Volatility-Adjusted-Position-Sizer-Futures/","strades55","https://www.tradingview.com/u/strades55/","21/04/2026","1","0","144","Chart patterns","200"
"Previous 4H High/Low Levels + Sweep Alert","https://www.tradingview.com/script/8b2oMpPr-Previous-4H-High-Low-Levels-Sweep-Alert/","strades55","https://www.tradingview.com/u/strades55/","21/04/2026","8","0","209","Chart patterns","200"
"Market Psychology Radar PRO Final","https://www.tradingview.com/script/bjzxqb4G-Market-Psychology-Radar-PRO-Final/","Tk317567","https://www.tradingview.com/u/Tk317567/","21/04/2026","3","0","189","Candlestick analysis | Chart patterns | Cycles","200"
"PJT TAZ Core v2.2 [Dashboard]","https://www.tradingview.com/script/psKJW1Wj-PJT-TAZ-Core-v2-2-Dashboard/","arcahaie2020","https://www.tradingview.com/u/arcahaie2020/","21/04/2026","5","0","221","Moving Averages | sentiment | Trend Analysis","200"
"Ross Hook Pattern","https://www.tradingview.com/script/CtEVc7eT-Ross-Hook-Pattern/","rauser","https://www.tradingview.com/u/rauser/","21/04/2026","9","0","251","Chart patterns","200"
"Esteban Mago SwingRevEnvolvente v3","https://www.tradingview.com/script/meLgS3ZJ/","estebannicosia","https://www.tradingview.com/u/estebannicosia/","21/04/2026","30","0","403","Candlestick analysis","200"
"DTS","https://www.tradingview.com/script/RVAtyxBj-DTS/","dylon123abc","https://www.tradingview.com/u/dylon123abc/","21/04/2026","7","0","259","Candlestick analysis | Chart patterns | Cycles","200"
"PJT  Position  Risk Calculator v2.0 [Auto Signal + R]","https://www.tradingview.com/script/Ytq0492H-PJT-Position-Risk-Calculator-v2-0-Auto-Signal-R/","arcahaie2020","https://www.tradingview.com/u/arcahaie2020/","21/04/2026","4","0","181","educational","200"
"Session High/Low Sweeps","https://www.tradingview.com/script/BndA5htn-Session-High-Low-Sweeps/","jakelester17","https://www.tradingview.com/u/jakelester17/","21/04/2026","4","0","164","Candlestick analysis","200"
"TQQQ Dual Entry","https://www.tradingview.com/script/n9apx0pf/","huangchaoqi123","https://www.tradingview.com/u/huangchaoqi123/","21/04/2026","1","0","150","Candlestick analysis","200"
"Market Environment (External Market Source)","https://www.tradingview.com/script/Ug7lAZ4L/","huangchaoqi123","https://www.tradingview.com/u/huangchaoqi123/","21/04/2026","2","0","137","Cycles","200"
"EMA1021","https://www.tradingview.com/script/kl3Zxp6f/","huangchaoqi123","https://www.tradingview.com/u/huangchaoqi123/","21/04/2026","0","0","143","Candlestick analysis","200"
"Trendline Breakout - [NotLazyBear]","https://www.tradingview.com/script/W1Irvvgr-Trendline-Breakout-NotLazyBear/","NotLazyBear","https://www.tradingview.com/u/NotLazyBear/","21/04/2026","230","0","2808","Candlestick analysis | Support and Resistance | Trend Analysis","200"
"Forex , Commodities and Futures","https://www.tradingview.com/script/7qvzlqqP-Forex-Commodities-and-Futures/","sumanshah","https://www.tradingview.com/u/sumanshah/","21/04/2026","1","0","172","Candlestick analysis | Chart patterns | Commodities | Cycles | Forex | futurestrading","200"
"PJT  Position  Risk Calculator v2.0 [Auto Signal + R]","https://www.tradingview.com/script/RULp5vDf-PJT-Position-Risk-Calculator-v2-0-Auto-Signal-R/","arcahaie2020","https://www.tradingview.com/u/arcahaie2020/","21/04/2026","1","0","137","educational","200"
"Session High/Low + Sweep Markers (NY, London, Asia)","https://www.tradingview.com/script/F7nNUkep-Session-High-Low-Sweep-Markers-NY-London-Asia/","jakelester17","https://www.tradingview.com/u/jakelester17/","21/04/2026","3","0","145","Chart patterns","200"
"Sovereign Trend Strategy [JOAT]","https://www.tradingview.com/script/DGHCEcnB-Sovereign-Trend-Strategy-JOAT/","officialjackofalltrades","https://www.tradingview.com/u/officialjackofalltrades/","21/04/2026","79","0","1694","bandsandchanels | Chart patterns | filters | indicator-free | indicators | longshortcompetition | moving_average | Moving Averages | smema | strategy | Trade Management | Trend Analysis","200"
"Trend Signals","https://www.tradingview.com/script/MB8aiOj0-Trend-Signals/","Luisbofill","https://www.tradingview.com/u/Luisbofill/","21/04/2026","19","0","288","Candlestick analysis | Chart patterns | Volume","200"
"RSI REVERSAL DIVERGENCE[jackieee]","https://www.tradingview.com/script/yZE6hUbC-RSI-REVERSAL-DIVERGENCE-jackieee/","jackieeeeeeeee","https://www.tradingview.com/u/jackieeeeeeeee/","21/04/2026","10","0","295","Bollinger Bands (BB) | Relative Strength Index (RSI)","200"
"EMA/MA[jackieeee]","https://www.tradingview.com/script/7g5t5jbp-EMA-MA-jackieeee/","jackieeeeeeeee","https://www.tradingview.com/u/jackieeeeeeeee/","21/04/2026","2","0","171","Exponential Moving Average (EMA) | Trend Analysis","200"
"Volume Profile [jackieee]","https://www.tradingview.com/script/jjubDjdZ-Volume-Profile-jackieee/","jackieeeeeeeee","https://www.tradingview.com/u/jackieeeeeeeee/","23/04/2026","28","0","519","Volume Indicator | volumedelta | Volume Profile","200"
"Fair Value Gap[jackieee]","https://www.tradingview.com/script/0jAg7SQk-Fair-Value-Gap-jackieee/","jackieeeeeeeee","https://www.tradingview.com/u/jackieeeeeeeee/","21/04/2026","5","0","223","Candlestick analysis | Chart patterns | Price Volume Trend (PVT)","200"
"RSI+BB BANDS[jackieee]","https://www.tradingview.com/script/mOIHHxy5-RSI-BB-BANDS-jackieee/","jackieeeeeeeee","https://www.tradingview.com/u/jackieeeeeeeee/","21/04/2026","3","0","242","Bollinger Bands (BB) | Relative Strength Index (RSI)","200"
"TC Levels Apr21","https://www.tradingview.com/script/CnxSVsje-TC-Levels-Apr21/","johnnyj82190","https://www.tradingview.com/u/johnnyj82190/","21/04/2026","1","0","126","Candlestick analysis | Chart patterns | Cycles","200"
"Volumen RT","https://www.tradingview.com/script/9zWL6Zdj-Volumen-RT/","microsystem_int","https://www.tradingview.com/u/microsystem_int/","21/04/2026","5","0","","","404"
"Teeje9 Opening Range To End Of Day","https://www.tradingview.com/script/Zu13GHzh-Teeje9-Opening-Range-To-End-Of-Day/","Teeje9","https://www.tradingview.com/u/Teeje9/","21/04/2026","2","0","129","Chart patterns | Cycles","200"
"SREE Complex Entry","https://www.tradingview.com/script/y4l1EOYs-SREE-Complex-Entry/","sreeoptions2017","https://www.tradingview.com/u/sreeoptions2017/","21/04/2026","2","0","185","Chart patterns","200"
"EMA Super Cloud - 4 Medias","https://www.tradingview.com/script/gJIgLn4d/","marioplaya","https://www.tradingview.com/u/marioplaya/","21/04/2026","31","0","403","Bands and Channels | Moving Averages | Oscillators","200"
"EMA Magic","https://www.tradingview.com/script/jaT36IvI-EMA-Magic/","ItsJust_Kess","https://www.tradingview.com/u/ItsJust_Kess/","21/04/2026","2","0","178","Chart patterns","200"
"Irvine Momentum","https://www.tradingview.com/script/qmvY3luY-Irvine-Momentum/","irvinegeorge06","https://www.tradingview.com/u/irvinegeorge06/","20/04/2026","16","0","511","Candlestick analysis | Chart patterns","200"
"Darvas_Turtle_Screener_V1","https://www.tradingview.com/script/Fy5dKqvn/","herhuzband","https://www.tradingview.com/u/herhuzband/","20/04/2026","3","0","224","Candlestick analysis","200"
"MTF Trend Consensus","https://www.tradingview.com/script/JjBLWXJg-MTF-Trend-Consensus/","ShigemiQuant","https://www.tradingview.com/u/ShigemiQuant/","20/04/2026","9","0","259","Trend Analysis","200"
"Liquidity Surge Forecast with Win Rate [TechnicalZen]","https://www.tradingview.com/script/XAZuffwP-Liquidity-Surge-Forecast-with-Win-Rate-TechnicalZen/","TechnicalZen","https://www.tradingview.com/u/TechnicalZen/","20/04/2026","105","6","2266","3d | confluence | forecasting | scalping | sentiment | smart | Trend Analysis","200"
"Daily Bias | Flux Charts","https://www.tradingview.com/script/vkv6Wjqp-Daily-Bias-Flux-Charts/","fluxchart","https://www.tradingview.com/u/fluxchart/","20/04/2026","316","1","3550","Candlestick analysis | dailybias | dashboard | fluxcharts | marketstructure | Pivot points and levels | sessions | Trend Analysis","200"
"Follow-Through Day (FTD) Detector","https://www.tradingview.com/script/EWklMEDv-Follow-Through-Day-FTD-Detector/","democritus458","https://www.tradingview.com/u/democritus458/","20/04/2026","1","0","208","Chart patterns | educational | statistics","200"
"PDH/PDL + PWH/PWL + ICT Bias New2026","https://www.tradingview.com/script/kk2mbKYb/","adelinhickman269","https://www.tradingview.com/u/adelinhickman269/","20/04/2026","16","0","371","Candlestick analysis | Chart patterns | Cycles","200"
"Torque Momentum Oscillator [JOAT]","https://www.tradingview.com/script/t6JwjbJn-Torque-Momentum-Oscillator-JOAT/","officialjackofalltrades","https://www.tradingview.com/u/officialjackofalltrades/","20/04/2026","78","0","1218","barspattern | Candlestick analysis | candlestickpattern | Centered Oscillators | chartpatterntrading | histogram | indicator-free | indicators | moving_average | Moving Averages | oscillaltor | stochasticoscillator","200"
"SMC Toolkit","https://www.tradingview.com/script/qtgdPGnV-SMC-Toolkit/","wspitsjeffrey","https://www.tradingview.com/u/wspitsjeffrey/","20/04/2026","25","0","566","Candlestick analysis | Chart patterns | Cycles","200"
"SMC Toolkit SSL BSL FVG/IFVG","https://www.tradingview.com/script/UDG5YFlD-SMC-Toolkit-SSL-BSL-FVG-IFVG/","wspitsjeffrey","https://www.tradingview.com/u/wspitsjeffrey/","20/04/2026","11","0","518","Candlestick analysis | Chart patterns | concept","200"
"Unemployment Shock (UNRATE FIXED)","https://www.tradingview.com/script/yH1Jd9Xq/","philip_collette","https://www.tradingview.com/u/philip_collette/","20/04/2026","5","0","165","Cycles | sentiment | statistics","200"
"44 EMA & VWAP","https://www.tradingview.com/script/Hm10YbQb-44-EMA-VWAP/","ashrhnea","https://www.tradingview.com/u/ashrhnea/","20/04/2026","6","0","258","Moving Averages","200"
"Polished","https://www.tradingview.com/script/Md9KDR3V-Polished/","darellmatt","https://www.tradingview.com/u/darellmatt/","20/04/2026","10","0","236","Chart patterns | Pivot points and levels | Trend Analysis","200"
"CREA Composite MA v3","https://www.tradingview.com/script/GHKgvbii-CREA-Composite-MA-v3/","ionutz666bzz","https://www.tradingview.com/u/ionutz666bzz/","20/04/2026","8","0","262","Awesome Oscillator (AO) | Exponential Moving Average (EMA) | Oscillators","200"
"Solstice Fibonacci Engine [JOAT]","https://www.tradingview.com/script/riok8JxE-Solstice-Fibonacci-Engine-JOAT/","officialjackofalltrades","https://www.tradingview.com/u/officialjackofalltrades/","20/04/2026","92","0","1052","Chart patterns | Fibonacci Retracement | fibonnacci | indicator-free | indicators | statistics | swingtrading | targetzone | tradingview | Trend Analysis | trendireversal | zone","200"
"ART + ORB Suggestions","https://www.tradingview.com/script/2HhOaZlu-ART-ORB-Suggestions/","darellmatt","https://www.tradingview.com/u/darellmatt/","20/04/2026","1","0","163","educational | Pine utilities | Trend Analysis","200"
"CREA Composite MA v2","https://www.tradingview.com/script/YYRyEYpm-CREA-Composite-MA-v2/","ionutz666bzz","https://www.tradingview.com/u/ionutz666bzz/","20/04/2026","2","0","170","Accelerator Oscillator (AC) | Awesome Oscillator (AO) | Centered Oscillators","200"
"Position Sizer Pro","https://www.tradingview.com/script/lZJ52Utz-Position-Sizer-Pro/","asifha1976","https://www.tradingview.com/u/asifha1976/","20/04/2026","4","0","202","Candlestick analysis | Chart patterns | Cycles | position_size_calculator","200"
"Checklist Djones Group","https://www.tradingview.com/script/yNclNyQT/","kmchtrading","https://www.tradingview.com/u/kmchtrading/","20/04/2026","33","0","474","Cycles | forecasting | statistics","200"
"Bollinger Bands 4 Settings","https://www.tradingview.com/script/gMreO3Mq-Bollinger-Bands-4-Settings/","rauser","https://www.tradingview.com/u/rauser/","20/04/2026","0","0","135","Bands and Channels","200"
"Confluence Trend Signals","https://www.tradingview.com/script/1ROUM2Yo-Confluence-Trend-Signals/","ky_yule1010","https://www.tradingview.com/u/ky_yule1010/","20/04/2026","37","0","655","Bands and Channels | Pivot points and levels | Trend Analysis","200"
"Simple Sentiment Indicator","https://www.tradingview.com/script/MHmKWj5V-Simple-Sentiment-Indicator/","rauser","https://www.tradingview.com/u/rauser/","20/04/2026","10","0","268","Moving Averages","200"
"Daily levels indexen Ilse","https://www.tradingview.com/script/c5mIW6Rj-Daily-levels-indexen-Ilse/","Ilse_Filippo","https://www.tradingview.com/u/Ilse_Filippo/","20/04/2026","4","0","199","Candlestick analysis | Chart patterns | Cycles","200"
"Heiken Ashi Trend Line","https://www.tradingview.com/script/zcU7mVMG-Heiken-Ashi-Trend-Line/","Passport_Trading","https://www.tradingview.com/u/Passport_Trading/","20/04/2026","7","0","206","Candlestick analysis | sentiment | Trend Analysis","200"
"VIX Clean Dashboard (London & NY ) (LACERDA","https://www.tradingview.com/script/xnEzmkhg-VIX-Clean-Dashboard-London-NY-LACERDA/","v_coutrim_l","https://www.tradingview.com/u/v_coutrim_l/","20/04/2026","3","0","181","Bill Williams Indicators | Candlestick analysis | Chart patterns","200"
"Sessions AND killzones","https://www.tradingview.com/script/VQHGiw3l/","Le_ssantos","https://www.tradingview.com/u/Le_ssantos/","20/04/2026","2","0","203","Candlestick analysis | Chart patterns","200"
"Intra-Bar Activity Index (IAI) [Adaptive Volume & Volatility]","https://www.tradingview.com/script/OjktEsmn/","arnipoer","https://www.tradingview.com/u/arnipoer/","20/04/2026","6","1","347","activityindex | institutional | multipletimeframe | orderflow | Oscillators | percentrank | Volatility | Volume","200"
"Forex H/L Levels","https://www.tradingview.com/script/UTJKTVi8-Forex-H-L-Levels/","hamc94","https://www.tradingview.com/u/hamc94/","20/04/2026","2","0","201","educational | forecasting | Pine utilities","200"
"Svopex Sessions","https://www.tradingview.com/script/sOirTSFt-Svopex-Sessions/","svopex","https://www.tradingview.com/u/svopex/","20/04/2026","10","0","283","Cycles | Forex | intraday | session | sessions | trading","200"
"Stoch RSI Background Signals - RSI Cross State","https://www.tradingview.com/script/AAS2PPYi-Stoch-RSI-Background-Signals-RSI-Cross-State/","grazzeee","https://www.tradingview.com/u/grazzeee/","20/04/2026","1","0","","","404"
"Pivot Points High Low (HH/HL/LH/LL) [DH]","https://www.tradingview.com/script/4RRvAgEZ/","mustang2807","https://www.tradingview.com/u/mustang2807/","20/04/2026","5","0","366","Candlestick analysis | Pivot points and levels | Trend Analysis","200"
"Session Sonar [OneShotAlgo]","https://www.tradingview.com/script/Q7nAMw0T-Session-Sonar-OneShotAlgo/","oneshotalgo","https://www.tradingview.com/u/oneshotalgo/","20/04/2026","145","0","2410","Volatility","200"
"Coffee Box HL","https://www.tradingview.com/script/rHOzYn3W/","hlanfranco","https://www.tradingview.com/u/hlanfranco/","20/04/2026","6","1","204","amplitude | Bands and Channels | Breadth Indicators | coffeebox | range","200"
"Pivot Vwap confluence entry system","https://www.tradingview.com/script/pJlHYjCK-Pivot-Vwap-confluence-entry-system/","Runnemeade","https://www.tradingview.com/u/Runnemeade/","20/04/2026","29","0","721","Chart patterns","200"
"Dynamic Ranges","https://www.tradingview.com/script/6kE27UnV-Dynamic-Ranges/","IamVOS","https://www.tradingview.com/u/IamVOS/","20/04/2026","30","0","404","Chart patterns | concept | Cycles","200"
"Vertical Line Timeline","https://www.tradingview.com/script/faYkwVCR-Vertical-Line-Timeline/","Gerrol","https://www.tradingview.com/u/Gerrol/","20/04/2026","0","0","160","Candlestick analysis | Chart patterns | multitimeframe","200"
"Aaryan EPS/ Sales","https://www.tradingview.com/script/k0D6FrPm-Aaryan-EPS-Sales/","aaryan_saluja_derby","https://www.tradingview.com/u/aaryan_saluja_derby/","20/04/2026","2","0","165","forecasting | Fundamental Analysis | statistics","200"
"Institutional 7-Point Checklist","https://www.tradingview.com/script/kjEr6l5b-Institutional-7-Point-Checklist/","t2smake","https://www.tradingview.com/u/t2smake/","20/04/2026","9","0","327","futurestrading | ictconcepts | Moving Averages | NASDAQ 100 E-MINI FUTURES | Pivot points and levels | Trend Analysis","200"
"AirForce FX - BTC Infinite Golden_1.2","https://www.tradingview.com/script/NlJ1aKTN/","asta_yaunita","https://www.tradingview.com/u/asta_yaunita/","20/04/2026","5","0","208","Candlestick analysis | Chart patterns | Cycles","200"
"Systematic Force Envelopes","https://www.tradingview.com/script/iefD24V5-Systematic-Force-Envelopes/","zoki121","https://www.tradingview.com/u/zoki121/","20/04/2026","82","0","965","Bands and Channels","200"
"Lorentzian Probability Detector [ChartPrime]","https://www.tradingview.com/script/BeXc1ogR-Lorentzian-Probability-Detector-ChartPrime/","ChartPrime","https://www.tradingview.com/u/ChartPrime/","20/04/2026","1260","4","","","404"
"2026 Numerology 7 Dates - Full Year Projection","https://www.tradingview.com/script/MSccKgMs-2026-Numerology-7-Dates-Full-Year-Projection/","Margo_Amala","https://www.tradingview.com/u/Margo_Amala/","20/04/2026","11","0","234","Chart patterns | Cycles","200"
"Nifty 10-Candle ORB v4 (Alternating Trades)","https://www.tradingview.com/script/Iw8elpH5-Nifty-10-Candle-ORB-v4-Alternating-Trades/","Anupama","https://www.tradingview.com/u/Anupama/","20/04/2026","6","0","294","Bands and Channels","200"
"MTF Right now [Zofesu]","https://www.tradingview.com/script/gMbYL1bw-MTF-Right-now-Zofesu/","Zofesu","https://www.tradingview.com/u/Zofesu/","20/04/2026","6","0","296","alertsignals | dashboard | delta | marketstructure | multitimeframe | orderflow | Trend Analysis | Volume | zofesu","200"
"Pivot VWAP Strategy","https://www.tradingview.com/script/UtsDI4uZ-Pivot-VWAP-Strategy/","Runnemeade","https://www.tradingview.com/u/Runnemeade/","20/04/2026","4","0","306","Chart patterns","200"
"Nifty 10-Candle ORB v4 (Alternating Trades)","https://www.tradingview.com/script/vQjYETM7-Nifty-10-Candle-ORB-v4-Alternating-Trades/","Anupama","https://www.tradingview.com/u/Anupama/","20/04/2026","3","1","281","Bands and Channels | orbstrategy","200"
"Retro Sniper","https://www.tradingview.com/script/LzPd03SR-Retro-Sniper/","aleggi007","https://www.tradingview.com/u/aleggi007/","20/04/2026","3","0","","","404"
"Smart Capitulation & Exuberance - KAPIL GOYAL","https://www.tradingview.com/script/BNe8P0Jt-Smart-Capitulation-Exuberance-KAPIL-GOYAL/","GoyalKapil354","https://www.tradingview.com/u/GoyalKapil354/","20/04/2026","7","0","302","Cycles | Relative Strength Index (RSI)","200"
"Trade Calculator","https://www.tradingview.com/script/hRfbAVse-Trade-Calculator/","grazzeee","https://www.tradingview.com/u/grazzeee/","20/04/2026","13","0","","","404"
"Compression Pressure Map [AGPro Series]","https://www.tradingview.com/script/EJWdWvDp-Compression-Pressure-Map-AGPro-Series/","AGProLabs","https://www.tradingview.com/u/AGProLabs/","20/04/2026","30","0","497","breakout | compression | consolidation | market-structure | pivot-levels | pressure-zone | reversal | Support and Resistance | support-resistance | Trend Analysis | volatility-compression","200"
"Delta Volume Structure [CLEVER]","https://www.tradingview.com/script/y6O7aKR2-Delta-Volume-Structure-CLEVER/","TheCleverTraders","https://www.tradingview.com/u/TheCleverTraders/","20/04/2026","419","0","5389","Pivot points and levels | statistics | Trend Analysis","200"
"Trade Calculator","https://www.tradingview.com/script/YDWE9Msh-Trade-Calculator/","grazzeee","https://www.tradingview.com/u/grazzeee/","20/04/2026","8","0","","","404"
"ORBITAL ORB Indicator","https://www.tradingview.com/script/AQlHHy7Q-ORBITAL-ORB-Indicator/","brettcarlsonltd","https://www.tradingview.com/u/brettcarlsonltd/","20/04/2026","8","0","252","Bands and Channels | Chart patterns | educational","200"
"Level Survival Map [AGPro Series]","https://www.tradingview.com/script/lKXjHExQ-Level-Survival-Map-AGPro-Series/","AGProLabs","https://www.tradingview.com/u/AGProLabs/","20/04/2026","26","0","520","adaptive-levels | atr-zones | DYNAMIC-SR | key-levels | level-strength | SMART-MAP | structural-analysis | Support and Resistance | support-resistance | survival-score | Trend Analysis","200"
"Session Reaction Map [AGPro Series]","https://www.tradingview.com/script/V6nxAoiL-Session-Reaction-Map-AGPro-Series/","AGProLabs","https://www.tradingview.com/u/AGProLabs/","20/04/2026","13","0","396","asia-london-newyork | daily-open | intraday-levels | previous-day-high-low | reference-band | session-reaction | smart-money-concepts | Support and Resistance | weekly-open","200"
"nichoxbt's NUPL ratio","https://www.tradingview.com/script/Usgyuefq-nichoxbt-s-NUPL-ratio/","cryptontrades","https://www.tradingview.com/u/cryptontrades/","20/04/2026","22","0","288","multitimeframe | Pivot points and levels | Trend Analysis","200"
"Aura Pivot S/R Matrix [Pineify]","https://www.tradingview.com/script/IiE7vJT5-Aura-Pivot-S-R-Matrix-Pineify/","Pineify","https://www.tradingview.com/u/Pineify/","20/04/2026","157","0","2074","breakouttrading | pivot | Pivot Points | resistance_level | resistence | Support and Resistance | supportbreakout","200"
"Failed Break Quality [AGPro Series]","https://www.tradingview.com/script/zW3Ss9eR-Failed-Break-Quality-AGPro-Series/","AGProLabs","https://www.tradingview.com/u/AGProLabs/","20/04/2026","37","2","579","bear-trap | bull-trap | failed-breakout | price-action | QUALITY-SCORE | reclaim | reversal | support-resistance | trap-detection | Trend Analysis","200"
"Reaction Efficiency Meter [AGPro Series]","https://www.tradingview.com/script/O6lDEn3S-Reaction-Efficiency-Meter-AGPro-Series/","AGProLabs","https://www.tradingview.com/u/AGProLabs/","20/04/2026","23","0","509","atr-based | confluence-analysis | level-testing | observation-lens | pivot-levels | quality-meter | reaction-efficiency | reaction-score | Support and Resistance | support-resistance","200"
"Percentile Stretch Bands [AGPro Series]","https://www.tradingview.com/script/KLPt3Hrt-Percentile-Stretch-Bands-AGPro-Series/","AGProLabs","https://www.tradingview.com/u/AGProLabs/","20/04/2026","22","0","537","anchored-vwap | Bands and Channels | empirical-distribution | mean-reversion | overbought-oversold | overextension | percentile-bands | stretch-zones | Volatility | volatility-envelope | vwap-deviation","200"
"Temporal Volume Profile 3D [LuxAlgo]","https://www.tradingview.com/script/5WlzalhD-Temporal-Volume-Profile-3D-LuxAlgo/","LuxAlgo","https://www.tradingview.com/u/LuxAlgo/","20/04/2026","421","7","6339","3d | liquidity | luxalgo | temporal | timebased | Volume Profile | volumeprofileanalysis","200"
"Dynamic Trend Pivots [BOSWaves]","https://www.tradingview.com/script/r96J5mhx-Dynamic-Trend-Pivots-BOSWaves/","BOSWaves","https://www.tradingview.com/u/BOSWaves/","20/04/2026","1966","0","21737","adaptive | bands | boswaves | trend | Trend Analysis | trendfollowing","200"
"Mei - Sessions","https://www.tradingview.com/script/CM59I2BM-Mei-Sessions/","toantran_mei","https://www.tradingview.com/u/toantran_mei/","20/04/2026","5","0","218","Bands and Channels","200"
"SREE Candle STrength ($1.2+)","https://www.tradingview.com/script/OxqEsXoq-SREE-Candle-STrength-1-2/","sreeoptions2017","https://www.tradingview.com/u/sreeoptions2017/","21/04/2026","10","0","224","Candlestick analysis","200"
"Session VWAP Reaction Engine [AGPro Series]","https://www.tradingview.com/script/7EJmiT4S-Session-VWAP-Reaction-Engine-AGPro-Series/","AGProLabs","https://www.tradingview.com/u/AGProLabs/","20/04/2026","14","0","415","intraday | new-york-session | reaction-zones | session-open | session-vwap | Volume | volume-weighted | vwap-bounce | vwap-reclaim | vwap-reject","200"
"Mei - Bubbles","https://www.tradingview.com/script/Eb8wSDOH-Mei-Bubbles/","toantran_mei","https://www.tradingview.com/u/toantran_mei/","20/04/2026","2","0","208","Bands and Channels","200"
"Reference Price Operating Map [AGPro Series]","https://www.tradingview.com/script/NUhNgsIH-Reference-Price-Operating-Map-AGPro-Series/","AGProLabs","https://www.tradingview.com/u/AGProLabs/","20/04/2026","13","0","335","confluence | daily-open | market-structure | monthly-open | previous-close | reference-levels | session-bias | Support and Resistance | support-resistance | weekly-open","200"
"Watermark","https://www.tradingview.com/script/fbPDuIZq-Watermark/","tresenior4","https://www.tradingview.com/u/tresenior4/","20/04/2026","0","0","135","Bands and Channels | multitimeframe | Pine utilities","200"
"DOUBLE MACD[jackieee]","https://www.tradingview.com/script/VEoX8uQ3-DOUBLE-MACD-jackieee/","jackieeeeeeeee","https://www.tradingview.com/u/jackieeeeeeeee/","20/04/2026","5","0","280","Moving Average Convergence / Divergence (MACD) | Trend Analysis","200"
"Ultimate Scalping Tool 2.0 [BullByte]","https://www.tradingview.com/script/kPWyXkFM-Ultimate-Scalping-Tool-2-0-BullByte/","BullByte","https://www.tradingview.com/u/BullByte/","20/04/2026","1065","4","14799","Momentum Indicator (MOM) | Momentum Oscillators | scalp | scalper | scalping | scalpingtool | scalptrading | supportandresitance | Trend Analysis","200"
"ALEX LOW (SG) - EMA 5/20 Long Signal","https://www.tradingview.com/script/6xHVyOYg-ALEX-LOW-SG-EMA-5-20-Long-Signal/","alexlwh17","https://www.tradingview.com/u/alexlwh17/","20/04/2026","6","0","215","Exponential Moving Average (EMA) | Moving Averages | Trend Analysis","200"
"Trade Calculator","https://www.tradingview.com/script/VqdkkXgs-Trade-Calculator/","grazzeee","https://www.tradingview.com/u/grazzeee/","20/04/2026","2","0","","","404"
"Value Migration Bands [AGPro Series]","https://www.tradingview.com/script/nc8zpwkj-Value-Migration-Bands-AGPro-Series/","AGProLabs","https://www.tradingview.com/u/AGProLabs/","20/04/2026","11","0","343","accepted-value | atr-slope | market-regime | percentile-bands | reclaim-lost | regime-detection | rising-falling-value | Trend Analysis | value-migration | volatility-normalized","200"
"DOW + FVG CE Tracker by NHK","https://www.tradingview.com/script/8n4wTnSN-DOW-FVG-CE-Tracker-by-NHK/","lnhglo1","https://www.tradingview.com/u/lnhglo1/","20/04/2026","2","0","214","Trend Analysis","200"
"Leader NASDAQ (Shape Matcher & MTF Bias) (LACERDA)","https://www.tradingview.com/script/tVgzb9hU-Leader-NASDAQ-Shape-Matcher-MTF-Bias-LACERDA/","v_coutrim_l","https://www.tradingview.com/u/v_coutrim_l/","20/04/2026","12","0","235","Bill Williams Indicators | Breadth Indicators | Candlestick analysis","200"
"Maestro Scalper XauUsd","https://www.tradingview.com/script/i4AIzjoE-maestro-scalper-xauusd/","billionaire0707","https://www.tradingview.com/u/billionaire0707/","20/04/2026","96","1","","","404"
"Repricing Belt Engine [AGPro Series]","https://www.tradingview.com/script/Vnh2OeMh-Repricing-Belt-Engine-AGPro-Series/","AGProLabs","https://www.tradingview.com/u/AGProLabs/","20/04/2026","11","0","391","atr-zones | displacement-impulse | institutional-footprint | price-action | repricing-belt | revisit-lifecycle | smart-money-concepts | supply-demand-zones | Trend Analysis | volatility-bands","200"
"Leader NASDAQ (Shape Matcher) NY,ASIA,London","https://www.tradingview.com/script/eYQCgYRC-Leader-NASDAQ-Shape-Matcher-NY-ASIA-London/","v_coutrim_l","https://www.tradingview.com/u/v_coutrim_l/","20/04/2026","6","0","209","Bands and Channels | Breadth Indicators | Candlestick analysis","200"
"SMA & EMA [FIBO]","https://www.tradingview.com/script/s2dSJe0v/","Okeefe06","https://www.tradingview.com/u/Okeefe06/","20/04/2026","5","0","242","Exponential Moving Average (EMA) | Simple Moving Average (SMA)","200"
"1%K.Chom CCI DIvergence","https://www.tradingview.com/script/Dklbvy2X/","AntmanForex","https://www.tradingview.com/u/AntmanForex/","20/04/2026","9","0","","","404"
"Price Void Atlas [AGPro Series]","https://www.tradingview.com/script/o5IOncgB-Price-Void-Atlas-AGPro-Series/","AGProLabs","https://www.tradingview.com/u/AGProLabs/","20/04/2026","59","0","841","atr-normalized | imbalance-zone | liquidity-void | low-interaction | price-action | price-void | support-resistance | time-weighted | Trend Analysis | void-atlas | Volatility","200"
"MTF Matrix Strategy","https://www.tradingview.com/script/FQVb4qo4/","Okeefe06","https://www.tradingview.com/u/Okeefe06/","20/04/2026","6","0","441","algotrading | candlestickpattern | mtfanalysis | multitimeframe | priceaction | Trend Analysis","200"
"Fixed Range Control Box [AGPro Series]","https://www.tradingview.com/script/sdh6Puw6-Fixed-Range-Control-Box-AGPro-Series/","AGProLabs","https://www.tradingview.com/u/AGProLabs/","20/04/2026","32","0","563","breakout | Chart patterns | consolidation | control-box | fixed-range | pivot | range-trading | state-machine | Trend Analysis | volume-weighted","200"
"Cross-Timeframe Value Overlay [AGPro Series]","https://www.tradingview.com/script/oqSgASWh-Cross-Timeframe-Value-Overlay-AGPro-Series/","AGProLabs","https://www.tradingview.com/u/AGProLabs/","20/04/2026","8","0","290","atr-bands | confluence | higher-timeframe | mtf-analysis | multi-timeframe | overlap | value-area | Volatility | volatility-bands","200"
"EMA + MACD + RSI Confluence Signal","https://www.tradingview.com/script/e8ABY7TP-EMA-MACD-RSI-Confluence-Signal/","pawehu","https://www.tradingview.com/u/pawehu/","20/04/2026","1058","0","13148","Exponential Moving Average (EMA) | Moving Average Convergence / Divergence (MACD) | Relative Strength Index (RSI)","200"
"Equilibrium Momentum Shift + Divegence [BigBeluga]","https://www.tradingview.com/script/467SFOco-Equilibrium-Momentum-Shift-Divegence-BigBeluga/","BigBeluga","https://www.tradingview.com/u/BigBeluga/","20/04/2026","1044","10","11485","bigbeluga | Centered Oscillators | Divergence | divergencetrading | momentumanalysis | momentumdivergence | momentumindicator | Momentum Oscillators | momentumshift | Moving Averages | trendanalyse | Trend Analysis","200"
"Market Pressure Route [AGPro Series]","https://www.tradingview.com/script/Mh8Xbsmj-Market-Pressure-Route-AGPro-Series/","AGProLabs","https://www.tradingview.com/u/AGProLabs/","20/04/2026","9","0","308","classification | continuity | directional | FLOW | microstructure | pressure | route | Trend Analysis | Volatility | Volume","200"
"Volatility Shape Classifier [AGPro Series]","https://www.tradingview.com/script/qK4BNkBx-Volatility-Shape-Classifier-AGPro-Series/","AGProLabs","https://www.tradingview.com/u/AGProLabs/","20/04/2026","3","0","225","ATR | chop-filter | context-indicator | expansion-contraction | market-regime | shape-classifier | Trend Analysis | trend-filter | Volatility | volatility-regime","200"
"AGNI MOMENTUM - Ultimate Swing Strategy","https://www.tradingview.com/script/yp4CqVVY-AGNI-MOMENTUM-Ultimate-Swing-Strategy/","The_Stock_Yogi","https://www.tradingview.com/u/The_Stock_Yogi/","20/04/2026","9","0","436","Average True Range (ATR) | Stochastic RSI (STOCH RSI) | Volume Weighted Average Price (VWAP)","200"
"RSI Confluence Matrix","https://www.tradingview.com/script/QPJQJtea-RSI-Confluence-Matrix/","A3rl","https://www.tradingview.com/u/A3rl/","20/04/2026","11","0","327","Bands and Channels | Centered Oscillators | Chart patterns | Cryptocurrency | Forex | Indices","200"
"Amavasya Friday + Ekadashi Tuesday","https://www.tradingview.com/script/bSrtr0y6-Amavasya-Friday-Ekadashi-Tuesday/","riteshparakkal","https://www.tradingview.com/u/riteshparakkal/","20/04/2026","9","1","244","forecasting","200"
"Dynamic Acceptance Channel [AGPro Series]","https://www.tradingview.com/script/xcaUPEsO-Dynamic-Acceptance-Channel-AGPro-Series/","AGProLabs","https://www.tradingview.com/u/AGProLabs/","20/04/2026","7","0","355","acceptance-channel | adaptive-channel | atr-regime | compression-expansion | dynamic-range | mean-reversion | percentile-channel | return-distribution | Volatility | volatility-squeeze","200"
"Delivery Regime Map [AGPro Series]","https://www.tradingview.com/script/7xR1GB9N-Delivery-Regime-Map-AGPro-Series/","AGProLabs","https://www.tradingview.com/u/AGProLabs/","20/04/2026","5","0","360","adaptive-indicator | ATR | directional-movement | market-regime | market-structure | price-action | regime-detection | Trend Analysis | trend-classification | volatility-regime","200"
"Adaptive Risk Regime Strategy","https://www.tradingview.com/script/KjIJTzGP-Adaptive-Risk-Regime-Strategy/","AIScripts","https://www.tradingview.com/u/AIScripts/","20/04/2026","36","0","680","adaptiverisk | ATR | pinescriptv6 | riskmangement | riskreward | strategy | Trend Analysis | Volatility | volatilty","200"
"Mean Reversion Corridors [AGPro Series]","https://www.tradingview.com/script/Yv2hFW4X-Mean-Reversion-Corridors-AGPro-Series/","AGProLabs","https://www.tradingview.com/u/AGProLabs/","20/04/2026","22","0","562","atr-stdev-blend | corridor-exhaustion | deviation-zones | failure-continuation | mean-reversion | reversion-confirmation | Trend Analysis | trend-filter | Volatility | volatility-bands | vwma-center","200"
"V-Shape IFVGs [louis]","https://www.tradingview.com/script/JACBuOEf-V-Shape-IFVGs-louis/","louisq69","https://www.tradingview.com/u/louisq69/","20/04/2026","38","0","632","Candlestick analysis | Chart patterns | fvg | ict | ifvg | reversal","200"
"Luke's liquidity sweep mechanical model","https://www.tradingview.com/script/SX646uPP-Luke-s-liquidity-sweep-mechanical-model/","Lukeunding","https://www.tradingview.com/u/Lukeunding/","20/04/2026","347","0","4055","Fractal | Pivot points and levels | Volume","200"
"CyberFX Sessions Clock","https://www.tradingview.com/script/rzLsNhk7-CyberFX-Sessions-Clock/","cyberFX2019","https://www.tradingview.com/u/cyberFX2019/","20/04/2026","3","0","139","Fundamental Analysis","200"
"Trend Stability Ribbon [AGPro Series]","https://www.tradingview.com/script/wO7lCGZC-Trend-Stability-Ribbon-AGPro-Series/","AGProLabs","https://www.tradingview.com/u/AGProLabs/","20/04/2026","3","0","359","atr-adaptive | kaufman-ratio | noise-filter | path-efficiency | regime-classifier | ribbon-overlay | signal-context | Trend Analysis | trend-quality | trend-stability","200"
"Directional Continuation Cloud","https://www.tradingview.com/script/AxchksFN-Directional-Continuation-Cloud/","theprofitreframe","https://www.tradingview.com/u/theprofitreframe/","20/04/2026","1","0","148","Exponential Moving Average (EMA) | Trend Analysis","200"
"Macro Regime Engine (DXY/VIX/Rates/Liquidity)","https://www.tradingview.com/script/QUTVZ0pF/","philip_collette","https://www.tradingview.com/u/philip_collette/","20/04/2026","2","0","171","Fundamental Analysis | sentiment | Volatility","200"
"Volume Shelf Reaction Map [AGPro Series]","https://www.tradingview.com/script/tnbX7RBK-Volume-Shelf-Reaction-Map-AGPro-Series/","AGProLabs","https://www.tradingview.com/u/AGProLabs/","20/04/2026","15","0","488","liquidity | market-structure | order-flow | price-action | reaction-zones | Support and Resistance | support-resistance | trading-levels | volume-analysis | volume-profile","200"
"Rejection Block Quality [AGPro Series]","https://www.tradingview.com/script/cMl0yHxI-Rejection-Block-Quality-AGPro-Series/","AGProLabs","https://www.tradingview.com/u/AGProLabs/","20/04/2026","747","4","9340","ict-concepts | liquidity-sweep | market-structure | order-flow | price-action | rejection-block | smart-money-concepts | support-and-resistance | Support and Resistance | wick-analysis","200"
"GB Stock Info","https://www.tradingview.com/script/rjp2conT-GB-Stock-Info/","GEEBEE28","https://www.tradingview.com/u/GEEBEE28/","20/04/2026","1","0","158","Fundamental Analysis | industry | sector_analysis | sectors | statistics | Stocks","200"
"GBStockDB","https://www.tradingview.com/script/sLtXYCyl-GBStockDB/","GEEBEE28","https://www.tradingview.com/u/GEEBEE28/","20/04/2026","0","0","161","display | statistics","200"
"CODEX MTF H1 BBMA","https://www.tradingview.com/script/JdeNlgHZ-CODEX-MTF-H1-BBMA/","padencodex","https://www.tradingview.com/u/padencodex/","20/04/2026","1","0","222","Bands and Channels | bbma | Exponential Moving Average (EMA) | moving_average | Moving Averages | multitimeframeanalysis","200"
"Sessions [SMT]","https://www.tradingview.com/script/wVYI4eD1-Sessions-SMT/","smartmoney7715","https://www.tradingview.com/u/smartmoney7715/","20/04/2026","3","0","214","Bands and Channels | Cycles | multitimeframe","200"
"Turtle Soup Reversal Map [AGPro Series]","https://www.tradingview.com/script/jxwPmNiq-Turtle-Soup-Reversal-Map-AGPro-Series/","AGProLabs","https://www.tradingview.com/u/AGProLabs/","20/04/2026","54","0","974","20-bar-extreme | Chart patterns | counter-trend | failed-breakout | false-breakout | liquidity-sweep | mean-reversion | raschke | reversal-pattern | Trend Analysis | turtle-soup","200"
"Power Fib Scanner","https://www.tradingview.com/script/KmoPbpBY-Power-Fib-Scanner/","vdancel283","https://www.tradingview.com/u/vdancel283/","20/04/2026","16","0","","","404"
"FWBS - Breakouts","https://www.tradingview.com/script/fQDBCxrk-FWBS-Breakouts/","trippyrandme","https://www.tradingview.com/u/trippyrandme/","20/04/2026","3","0","155","Chart patterns","200"
"Clean ZigZag Fib Confirmation","https://www.tradingview.com/script/TfPGi7R8-Clean-ZigZag-Fib-Confirmation/","vdancel283","https://www.tradingview.com/u/vdancel283/","20/04/2026","23","0","","","404"
"BTC Correlation","https://www.tradingview.com/script/HXDxUGiA-btc-correlation/","bboydaler","https://www.tradingview.com/u/bboydaler/","20/04/2026","4","0","177","Candlestick analysis | statistics | Trend Analysis","200"
"Yivgeny Decision Score v3","https://www.tradingview.com/script/1VYfEZzH-Yivgeny-Decision-Score-v3/","Yivgeny","https://www.tradingview.com/u/Yivgeny/","20/04/2026","2","0","153","Candlestick analysis | Moving Averages | Trend Analysis","200"
"Liquidity Void Navigator [AGPro Series]","https://www.tradingview.com/script/239d5bYe-Liquidity-Void-Navigator-AGPro-Series/","AGProLabs","https://www.tradingview.com/u/AGProLabs/","20/04/2026","25","0","686","ict-concepts | institutional-levels | liquidity-void | magnet-zones | mean-reversion | order-flow | price-displacement | smart-money-concepts | Volume Indicator | volume-efficiency | Volume","200"
"Moving Average Exponential","https://www.tradingview.com/script/qBzyuysT-Moving-Average-Exponential/","Thiagord","https://www.tradingview.com/u/Thiagord/","20/04/2026","2","0","","","404"
"All-in-One: ADR% + MA Suite + OH/OL + DWM HL","https://www.tradingview.com/script/5jVHHmtH-All-in-One-ADR-MA-Suite-OH-OL-DWM-HL/","Hodger500","https://www.tradingview.com/u/Hodger500/","20/04/2026","1","0","137","Moving Averages","200"
"AI Predictive Flow (Zeiierman)","https://www.tradingview.com/script/qaaxkW1P-AI-Predictive-Flow-Zeiierman/","Zeiierman","https://www.tradingview.com/u/Zeiierman/","20/04/2026","515","3","15450","aiindicator | aioscillator | aistrategy | Momentum Indicator (MOM) | Momentum Oscillators | Oscillators | patternrecognition | predictivealgorithms | Relative Strength Index (RSI)","200"
"Scalping Volatility Detector FIXED","https://www.tradingview.com/script/d46oQrJb/","philip_collette","https://www.tradingview.com/u/philip_collette/","20/04/2026","1","0","121","Volatility","200"
"DAX Breadth [AM]","https://www.tradingview.com/script/tIADsVYz-DAX-Breadth-AM/","Frankie65","https://www.tradingview.com/u/Frankie65/","20/04/2026","3","0","201","breadth | breadthindicators | Breadth Indicators | DAX Index | dax40 | german40","200"
"Latest Swing High / Low","https://www.tradingview.com/script/inHu365K/","philip_collette","https://www.tradingview.com/u/philip_collette/","20/04/2026","2","0","138","Chart patterns","200"
"JohnnyM - Scanner Bot","https://www.tradingview.com/script/lc66fKdo/","hoang_nguyenminh","https://www.tradingview.com/u/hoang_nguyenminh/","20/04/2026","1","0","129","Bands and Channels | Candlestick analysis | Chart patterns","200"
"Advanced Regime Detector (MTF Pro)","https://www.tradingview.com/script/9FZi9cms/","philip_collette","https://www.tradingview.com/u/philip_collette/","20/04/2026","3","0","171","Moving Averages | sentiment | Volatility","200"
"DEMA 50 + MACD Color","https://www.tradingview.com/script/UYeD0big/","philip_collette","https://www.tradingview.com/u/philip_collette/","20/04/2026","3","0","147","Double Exponential Moving Average (DEMA)","200"
"SOSITE HUY PENDOSI","https://www.tradingview.com/script/OgDRThaI-sosite-huy-pendosi/","DecimusForex","https://www.tradingview.com/u/DecimusForex/","20/04/2026","134","5","1833","Bands and Channels | Breadth Indicators","200"
"Nifty 10-Candle ORB v4 (Alternating Trades)","https://www.tradingview.com/script/cMy2aLGD-Nifty-10-Candle-ORB-v4-Alternating-Trades/","Anupama","https://www.tradingview.com/u/Anupama/","20/04/2026","5","0","286","Bands and Channels","200"
"Moving Average Ribbon 8","https://www.tradingview.com/script/G40cqTXu-Moving-Average-Ribbon-8/","delux9285","https://www.tradingview.com/u/delux9285/","20/04/2026","0","0","179","Bands and Channels | moving | movingavarage | moving_average | Moving Averages | movingaveragecrossover | movingaveragepriceaction | moving_averages | moving-averages-system | Volume","200"
"Power of Three (AMD) Map [AGPro Series]","https://www.tradingview.com/script/ct19Gmwe-Power-of-Three-AMD-Map-AGPro-Series/","AGProLabs","https://www.tradingview.com/u/AGProLabs/","20/04/2026","193","0","3480","AMD-MAP | ict | liquidity-sweep | manipulation | market-structure | power-of-three | price-action | session-analysis | smart-money-concepts | Trend Analysis","200"
"Bull/Bear Trend Ribbon | 6-Layer Smooth Trend Tracking System","https://www.tradingview.com/script/fZJpjhvZ/","william_wq","https://www.tradingview.com/u/william_wq/","20/04/2026","3","0","267","Bands and Channels | Candlestick analysis | Chart patterns | moving-average-ribbon | trend-analysis","200"
"AirForce FX - Gold Infinite Golden-1.2","https://www.tradingview.com/script/QNLxMQpV/","asta_yaunita","https://www.tradingview.com/u/asta_yaunita/","20/04/2026","10","0","374","Portfolio management | Trend Analysis | Wave Analysis","200"
"rsi celestial / infernal ( sergio castillon ) 2","https://www.tradingview.com/script/2NYrxOb1/","mrgreen209","https://www.tradingview.com/u/mrgreen209/","20/04/2026","0","0","148","Cycles","200"
"Metis Entry Approval Engine v3","https://www.tradingview.com/script/8gc3QhZ9-Metis-Entry-Approval-Engine-v3/","Metis_Investment_Strategies","https://www.tradingview.com/u/Metis_Investment_Strategies/","21/04/2026","4","0","181","Oscillators | Portfolio management | Trend Analysis","200"
"AirForce FX - Golden1.2","https://www.tradingview.com/script/roQkGlmD/","asta_yaunita","https://www.tradingview.com/u/asta_yaunita/","20/04/2026","7","0","308","Candlestick analysis | Chart patterns | Cycles","200"
"Monster Box Final Boss Scanner v13","https://www.tradingview.com/script/qss3oN7y-Monster-Box-Final-Boss-Scanner-v13/","kademanlohner","https://www.tradingview.com/u/kademanlohner/","20/04/2026","7","0","231","educational | forecasting | Fundamental Analysis","200"
"Schumann Spectrum Dynamic RSI","https://www.tradingview.com/script/F3MZYp7Q-Schumann-Spectrum-Dynamic-RSI/","NotLazyBear","https://www.tradingview.com/u/NotLazyBear/","20/04/2026","8","0","310","Centered Oscillators | Cycles | Oscillators","200"
"RSI celestial/infernal  ( sergio castillon )","https://www.tradingview.com/script/Dllv03bk/","mrgreen209","https://www.tradingview.com/u/mrgreen209/","20/04/2026","0","0","131","Cycles","200"
"ICT Break of structure","https://www.tradingview.com/script/N70zUKNa-ICT-Break-of-structure/","kang13649","https://www.tradingview.com/u/kang13649/","20/04/2026","15","0","428","Chart patterns | Cycles","200"
"ICT Break of Structures","https://www.tradingview.com/script/YO5Q3PS6-ICT-Break-of-Structures/","kang13649","https://www.tradingview.com/u/kang13649/","20/04/2026","5","0","289","Candlestick analysis | Chart patterns","200"
"Stable Main Force System v6","https://www.tradingview.com/script/7rQKeCN2-Stable-Main-Force-System-v6/","heelee699","https://www.tradingview.com/u/heelee699/","20/04/2026","3","0","326","Bands and Channels | testing","200"
"4H + 1H Opens (Independent Control)","https://www.tradingview.com/script/OEbKlhn4-4H-1H-Opens-Independent-Control/","pranavkumarpal22","https://www.tradingview.com/u/pranavkumarpal22/","20/04/2026","18","0","329","Candlestick analysis","200"
"Automatic VWAPs & NY Session Dashboard","https://www.tradingview.com/script/hdFOYQzS-Automatic-VWAPs-NY-Session-Dashboard/","Jherian","https://www.tradingview.com/u/Jherian/","20/04/2026","2","0","192","Chart patterns | Moving Averages | Volume","200"
"TASC 2026.05 The AutoTune Filter","https://www.tradingview.com/script/GqKlw3yv-TASC-2026-05-The-AutoTune-Filter/","PineCodersTASC","https://www.tradingview.com/u/PineCodersTASC/","22/04/2026","93","3","13757","educational | ehlers | tasc","200"
"Wheel Sniper","https://www.tradingview.com/script/MpOTDxMj-Wheel-Sniper/","bennyb1022","https://www.tradingview.com/u/bennyb1022/","20/04/2026","1","2","287","Bands and Channels | forecasting | options","200"
"Key Levels [H/L + Opens]","https://www.tradingview.com/script/Q7bk7Eks-Key-Levels-H-L-Opens/","carvictor0101","https://www.tradingview.com/u/carvictor0101/","20/04/2026","16","0","383","Candlestick analysis | Chart patterns | Cycles","200"
"AN Trades","https://www.tradingview.com/script/3FZqkzF9-AN-Trades/","thevogel678","https://www.tradingview.com/u/thevogel678/","25/04/2026","18","0","310","Breadth Indicators","200"
"Insider Trades","https://www.tradingview.com/script/TsqcPyPn-Insider-Trades/","vinayohara","https://www.tradingview.com/u/vinayohara/","19/04/2026","2","0","244","Volume","200"
"Key Levels + MTF Trend + RSI","https://www.tradingview.com/script/infdA9IJ-Key-Levels-MTF-Trend-RSI/","monilspatel13","https://www.tradingview.com/u/monilspatel13/","20/04/2026","29","0","373","Candlestick analysis | Chart patterns | Cycles","200"
"Multiple MA Lines with Distance (KenshinC)","https://www.tradingview.com/script/tozwucrt-Multiple-MA-Lines-with-Distance-KenshinC/","KenshinC","https://www.tradingview.com/u/KenshinC/","20/04/2026","3","0","191","Moving Averages","200"
"Strata Volume Contour [JOAT]","https://www.tradingview.com/script/WmJpKlSS-Strata-Volume-Contour-JOAT/","officialjackofalltrades","https://www.tradingview.com/u/officialjackofalltrades/","20/04/2026","43","0","681","histogram | indicator-free | indicators | multitimeframeanalysis | Oscillators | Pivot points and levels | POC | vahval | volumes | volumespreadanalysis | Volume","200"
"GapWatch Unfilled Gaps","https://www.tradingview.com/script/p0cR5lFE-GapWatch-Unfilled-Gaps/","vuppulavkreddy","https://www.tradingview.com/u/vuppulavkreddy/","20/04/2026","10","0","229","Support and Resistance","200"
"Session Divider with Daily/Weekly Labels","https://www.tradingview.com/script/UwnO5jlk/","myhide78","https://www.tradingview.com/u/myhide78/","19/04/2026","4","0","204","Bands and Channels | Chart patterns | Cycles","200"
"Metis Speculative Entry Engine v1","https://www.tradingview.com/script/ENU5w88Q-Metis-Speculative-Entry-Engine-v1/","Metis_Investment_Strategies","https://www.tradingview.com/u/Metis_Investment_Strategies/","19/04/2026","1","0","144","Oscillators | Portfolio management | Trend Analysis","200"
"Liquidity Zones - Swing Highs & Lows","https://www.tradingview.com/script/2XEqUhv9/","santicar96","https://www.tradingview.com/u/santicar96/","19/04/2026","627","1","8933","Candlestick analysis","200"
"Gold HFT - Hybrid MT5 Final","https://www.tradingview.com/script/5UrAuvx9-Gold-HFT-Hybrid-MT5-Final/","amivora19","https://www.tradingview.com/u/amivora19/","19/04/2026","11","0","452","Moving Averages","200"
"Koda Full System","https://www.tradingview.com/script/tU5f5YHW-Koda-Full-System/","TonoMiakoda","https://www.tradingview.com/u/TonoMiakoda/","19/04/2026","3","0","197","educational | forecasting | Trend Analysis","200"
"Velox Structure Ribbon [JOAT]","https://www.tradingview.com/script/2WwCDeIv-Velox-Structure-Ribbon-JOAT/","officialjackofalltrades","https://www.tradingview.com/u/officialjackofalltrades/","19/04/2026","24","0","503","bandsandchanels | Bands and Channels | Chart patterns | chartpatterntrading | indicator-free | indicators | ribbon | rsi_divergence | strengthtrading | Trend Analysis | volatilitybands | vwapbands","200"
"ProTrader Specific version of the toodegrees indicator","https://www.tradingview.com/script/vrKEhtHB-ProTrader-Specific-version-of-the-toodegrees-indicator/","nielswillemars","https://www.tradingview.com/u/nielswillemars/","19/04/2026","5","0","338","Fundamental Analysis | Pine utilities | Portfolio management","200"
"ORB Arrow with Advanced Filters","https://www.tradingview.com/script/brotbU0P-ORB-Arrow-with-Advanced-Filters/","ilfauno","https://www.tradingview.com/u/ilfauno/","19/04/2026","1","0","161","Chart patterns | Cycles","200"
"Prism Intelligence SPX  GEX Confluence and Sniper Entry System","https://www.tradingview.com/script/pntn3ivw-Prism-Intelligence-SPX-GEX-Confluence-and-Sniper-Entry-System/","tschmidt1998","https://www.tradingview.com/u/tschmidt1998/","19/04/2026","20","0","460","options | sentiment | Volume","200"
"Order Blocks + Fib MTF [Modified]","https://www.tradingview.com/script/KkrTEuc9/","ShadowTraderScalp","https://www.tradingview.com/u/ShadowTraderScalp/","19/04/2026","20","0","393","Cycles | Harmonic Patterns | Pivot points and levels","200"
"Silver Bullet Window Map [AGPro Series]","https://www.tradingview.com/script/1Xj7Nm5M-Silver-Bullet-Window-Map-AGPro-Series/","AGProLabs","https://www.tradingview.com/u/AGProLabs/","19/04/2026","13","0","576","FAIR-VALUE-GAP | ict-concepts | intraday-trading | kill-zone | scalping | session-analysis | silver-bullet | smart-money-concepts | time-based-analysis | Trend Analysis","200"
"Hydra EMA Fusion V1","https://www.tradingview.com/script/mFkMYsGD/","ShadowTraderScalp","https://www.tradingview.com/u/ShadowTraderScalp/","19/04/2026","1","0","178","Cycles | Fractal | Moving Averages","200"
"AN Trades","https://www.tradingview.com/script/GyRgo658-AN-Trades/","thevogel678","https://www.tradingview.com/u/thevogel678/","19/04/2026","1","0","161","Breadth Indicators","200"
"APOZ - Market Dashboard","https://www.tradingview.com/script/pH1jMjHQ-APOZ-Market-Dashboard/","kale_stately","https://www.tradingview.com/u/kale_stately/","19/04/2026","0","0","141","Fundamental Analysis","200"
"Multirange","https://www.tradingview.com/script/FF3lJ0Mq-Multirange/","EMp5_","https://www.tradingview.com/u/EMp5_/","19/04/2026","9","0","228","Bands and Channels | Chart patterns | Cycles","200"
"ORB Prop Firm Execution Model (Fully Anchored)","https://www.tradingview.com/script/gunsGQdC-ORB-Prop-Firm-Execution-Model-Fully-Anchored/","ilfauno","https://www.tradingview.com/u/ilfauno/","19/04/2026","1","0","120","Candlestick analysis | Chart patterns | Cycles","200"
"APOZ - VWAP Suite","https://www.tradingview.com/script/YhZblrNr-APOZ-VWAP-Suite/","kale_stately","https://www.tradingview.com/u/kale_stately/","19/04/2026","2","0","172","Volume","200"
"Stock vs SPY Relative Comparison Shaded","https://www.tradingview.com/script/EP8kYuh0-Stock-vs-SPY-Relative-Comparison-Shaded/","xTradeLogicx","https://www.tradingview.com/u/xTradeLogicx/","19/04/2026","2","0","150","Chart patterns | educational | Fundamental Analysis","200"
"Setup Quality Scorecard [AGPro Series]","https://www.tradingview.com/script/VLxfdJfT-Setup-Quality-Scorecard-AGPro-Series/","AGProLabs","https://www.tradingview.com/u/AGProLabs/","19/04/2026","426","0","5623","confluence-scorer | divergence-detection | entry-filter | htf-alignment | multi-factor | quality-gauge | setup-quality | tier-ranking | Trend Analysis | volume-context","200"
"Composite Regime Oscillator v6 - Clean Confirmed Reversal","https://www.tradingview.com/script/MTUM6ecT-Composite-Regime-Oscillator-v6-Clean-Confirmed-Reversal/","theprofitreframe","https://www.tradingview.com/u/theprofitreframe/","19/04/2026","10","0","239","forecasting | leaps | oscillaltor | Oscillators | reversalpoint | trend | Trend Analysis","200"
"ORB Prop Firm Execution Model (Fully Anchored)","https://www.tradingview.com/script/MAPkatnR-ORB-Prop-Firm-Execution-Model-Fully-Anchored/","ilfauno","https://www.tradingview.com/u/ilfauno/","19/04/2026","0","0","98","Candlestick analysis | Chart patterns | Trend Analysis","200"
"horario 8:36","https://www.tradingview.com/script/VY6SnXJQ/","EduVillano","https://www.tradingview.com/u/EduVillano/","19/04/2026","2","0","216","Bands and Channels | Chart patterns | Cycles","200"
"ORB Prop Firm Execution Model (Fully Anchored)","https://www.tradingview.com/script/VRcfgfLp-ORB-Prop-Firm-Execution-Model-Fully-Anchored/","ilfauno","https://www.tradingview.com/u/ilfauno/","19/04/2026","1","0","100","Candlestick analysis | Chart patterns | Trend Analysis","200"
"ORB Prop Firm Execution Model (Anchored)","https://www.tradingview.com/script/eid1alXI-ORB-Prop-Firm-Execution-Model-Anchored/","ilfauno","https://www.tradingview.com/u/ilfauno/","19/04/2026","0","0","92","Candlestick analysis | Chart patterns | Trend Analysis","200"
"ORB Hardened Pro + AVWAP (No Box Version)","https://www.tradingview.com/script/fEoearHw-ORB-Hardened-Pro-AVWAP-No-Box-Version/","ilfauno","https://www.tradingview.com/u/ilfauno/","19/04/2026","2","0","113","Candlestick analysis | Chart patterns | Trend Analysis","200"
"Trend Quality Indicator - TQI | TR","https://www.tradingview.com/script/wWgA0nGW-Trend-Quality-Indicator-TQI-TR/","Tiagorocha1989","https://www.tradingview.com/u/Tiagorocha1989/","19/04/2026","10","0","391","Oscillators | Trend Analysis","200"
"ORB Sniper Pro (AVWAP + Filters)","https://www.tradingview.com/script/O9WEEDNT-ORB-Sniper-Pro-AVWAP-Filters/","ilfauno","https://www.tradingview.com/u/ilfauno/","19/04/2026","4","0","204","Candlestick analysis | Chart patterns | Fundamental Analysis","200"
"Ask Dr. Alex AI","https://www.tradingview.com/script/HuWtsbpr-Ask-Dr-Alex-AI/","DrLexWilson","https://www.tradingview.com/u/DrLexWilson/","02/05/2026","484","10","4502","AI | analysis | assistant | Candlestick Analysis | patterns | price | sentiment | support | trend | Trend Analysis","200"
"Order Blocks + Ultimate Volume Tracker + EMA [Rehankhanani]","https://www.tradingview.com/script/WqEzSBoB-Order-Blocks-Ultimate-Volume-Tracker-EMA-Rehankhanani/","rehankhanani","https://www.tradingview.com/u/rehankhanani/","01/05/2026","299","1","2846","Bands and Channels | Breadth Indicators | breakout | buysellsignal | confirmation | orderblocks | volumecluster | voulme","200"
"Price Action Internal Structure + lookbackDays","https://www.tradingview.com/script/833T6z9D-Price-Action-Internal-Structure-lookbackDays/","chaitanya_darapureddy","https://www.tradingview.com/u/chaitanya_darapureddy/","02/05/2026","8","3","241","Chart patterns","200"
"BOTMAN","https://www.tradingview.com/script/g83eTYOC-BOTMAN/","SPXHERO1","https://www.tradingview.com/u/SPXHERO1/","02/05/2026","198","0","1576","educational | forecasting | options","200"
"Daily High/Low probability zones","https://www.tradingview.com/script/eLZlBxhi-Daily-High-Low-probability-zones/","lucymatos","https://www.tradingview.com/u/lucymatos/","01/05/2026","322","0","2524","dailyhighlow | probabilities | statistics","200"
"Asymmetric Volatility Trend Line [QuantAlgo]","https://www.tradingview.com/script/IZMG4B5Y-Asymmetric-Volatility-Trend-Line-QuantAlgo/","QuantAlgo","https://www.tradingview.com/u/QuantAlgo/","02/05/2026","156","0","1245","BTCUSD | indicators | pinescript | Pine utilities | quantalgo | scalping | signals | Standard Deviation | Trend Analysis | XAUUSD","200"
"Uptrick: Adaptive Momentum Bands","https://www.tradingview.com/script/fj98QZe8-Uptrick-Adaptive-Momentum-Bands/","Uptrick","https://www.tradingview.com/u/Uptrick/","02/05/2026","129","0","789","adaptive | band | buysellsignal | Moving Averages | simple | Trend Analysis | uptrick | Volatility","200"
"Structural Range Oscillator","https://www.tradingview.com/script/m6Zekmc6/","Uncle_the_shooter","https://www.tradingview.com/u/Uncle_the_shooter/","01/05/2026","190","1","1585","Bands and Channels | Oscillators | Pivot points and levels","200"
"Fibonacci Projection + Volume & Delta Profile","https://www.tradingview.com/script/MGDzAHYf/","marioplaya","https://www.tradingview.com/u/marioplaya/","01/05/2026","63","1","505","Fractal | regressions | Volume","200"
"Auto Fib Retracement & Extensions exact copy of SNIPER Close","https://www.tradingview.com/script/SbKZYQS6-Auto-Fib-Retracement-Extensions-exact-copy-of-SNIPER-Close/","autocrp","https://www.tradingview.com/u/autocrp/","02/05/2026","70","1","587","Growth | Support and Resistance | Wave Analysis","200"
"SWING ATR Based V2 - Weekly + Daily","https://www.tradingview.com/script/c4FT63qQ/","maximesuty3","https://www.tradingview.com/u/maximesuty3/","01/05/2026","127","0","1420","Breadth Indicators | Chart patterns | Trend Analysis","200"
"Elite Trend & Momentum Signals [CLEVER]","https://www.tradingview.com/script/0fRtFq1S-Elite-Trend-Momentum-Signals-CLEVER/","TheCleverTraders","https://www.tradingview.com/u/TheCleverTraders/","02/05/2026","57","0","452","multitimeframe | Trend Analysis | Volume","200"
"H4 Swing ATR Delta Zones","https://www.tradingview.com/script/crhwSftg-H4-Swing-ATR-Delta-Zones/","Tonsil","https://www.tradingview.com/u/Tonsil/","01/05/2026","116","0","959","multitimeframe | Support and Resistance | Volume","200"
"AI Trading Console PRO (BuySell with Complete Dash)","https://www.tradingview.com/script/3P3QA6NS-AI-Trading-Console-PRO-BuySell-with-Complete-Dash/","demantprasad","https://www.tradingview.com/u/demantprasad/","02/05/2026","29","2","395","aisignals | aistocks | buyopportunity | buysellsignal | sentiment | statistics | Trend Analysis","200"
"Price Action Coach + Trend Projection","https://www.tradingview.com/script/oka57npg-Price-Action-Coach-Trend-Projection/","concordefire20","https://www.tradingview.com/u/concordefire20/","01/05/2026","27","1","471","Candlestick analysis | Chart patterns | Cycles","200"
"Market Regime Classifier [EXCAVO]","https://www.tradingview.com/script/sQIv0hKZ-Market-Regime-Classifier-EXCAVO/","EXCAVO","https://www.tradingview.com/u/EXCAVO/","01/05/2026","51","2","592","market-analysis | Oscillators | probability | regime | trend","200"
"Black Tie Fibonacci OTE MTF","https://www.tradingview.com/script/VPpY3bRK-Black-Tie-Fibonacci-OTE-MTF/","BlackTieCrypto","https://www.tradingview.com/u/BlackTieCrypto/","01/05/2026","57","0","493","Cycles | OTE | retracement | Trend Analysis","200"
"Keltner Channels Long Term| Astral Vision","https://www.tradingview.com/script/un5pcVym/","AstralVision","https://www.tradingview.com/u/AstralVision/","01/05/2026","56","0","560","Cycles | Keltner Channels (KC) | Pivot points and levels","200"
"Volatility Percentile [EXCAVO]","https://www.tradingview.com/script/PGeQlzAW-Volatility-Percentile-EXCAVO/","EXCAVO","https://www.tradingview.com/u/EXCAVO/","02/05/2026","17","1","200","ATR | filter | percentile | percentrank | regime | Volatility","200"
"Bitcoin Realized Price Bands | Astral Vision","https://www.tradingview.com/script/xEkXSTad/","AstralVision","https://www.tradingview.com/u/AstralVision/","02/05/2026","18","1","218","Bands and Channels | Cycles | Pivot points and levels","200"
"Cody Zig Zag","https://www.tradingview.com/script/6KOJFNjF-Cody-Zig-Zag/","tonewayclothing","https://www.tradingview.com/u/tonewayclothing/","02/05/2026","45","0","626","Chart patterns | Fractal | goldprediction | Harmonic Patterns | swingtrading | trading | Zigzag | zigzagpattern","200"
"Order Block Zone Study + Confirmation","https://www.tradingview.com/script/Ax8x8QCF-Order-Block-Zone-Study-Confirmation/","ReconHK","https://www.tradingview.com/u/ReconHK/","02/05/2026","36","0","306","Candlestick analysis | Exponential Moving Average (EMA) | Support and Resistance","200"
"ATR Trend Stop","https://www.tradingview.com/script/iYWGsaIL/","AlexCallOption","https://www.tradingview.com/u/AlexCallOption/","02/05/2026","17","1","194","Volatility","200"
"Buy/Sell Perfect Signal","https://www.tradingview.com/script/rq0gSggB-Buy-Sell-Perfect-Signal/","NitinMalhotraa","https://www.tradingview.com/u/NitinMalhotraa/","02/05/2026","31","0","231","Bands and Channels | buysell | buysellindicators | buysellsignal | Candlestick analysis | Chart patterns | indicators","200"
"Buy & Sell Confluence Toolkit @MaxMaserati 3.0","https://www.tradingview.com/script/9231CCRS-Buy-Sell-Confluence-Toolkit-MaxMaserati-3-0/","MaxMaserati","https://www.tradingview.com/u/MaxMaserati/","01/05/2026","77","0","669","Candlestick analysis | Oscillators | Volume","200"
"Volume Trap Reversal Planner [AGPro Series]","https://www.tradingview.com/script/fQYwq7dv-Volume-Trap-Reversal-Planner-AGPro-Series/","AGProLabs","https://www.tradingview.com/u/AGProLabs/","01/05/2026","29","0","365","failed-breakdown | failed-breakout | relative-volume | reversal-planner | RISK-EDGE | trap-reversal | volume-spike | Volume | VOLUME-TRAP | wick-sweep","200"
"UT Bot PRO v4 (Correct VWAP Filter by Shekar)","https://www.tradingview.com/script/YHFo44J8-UT-Bot-PRO-v4-Correct-VWAP-Filter-by-Shekar/","Shekar8716","https://www.tradingview.com/u/Shekar8716/","01/05/2026","62","0","726","heikin-ashi | options | Pine utilities | utbot | Volume","200"
"Trendline Retest Planner [AGPro Series]","https://www.tradingview.com/script/TgTykyDF-Trendline-Retest-Planner-AGPro-Series/","AGProLabs","https://www.tradingview.com/u/AGProLabs/","01/05/2026","27","0","287","price-action | price-action-analysis | retest | setup-quality | target-path | trade-planner | trading-planner | Trend Analysis | trendlineanalysis","200"
"Bitcoin Halving Time Projections | Astral Vision","https://www.tradingview.com/script/ajlydW9P/","AstralVision","https://www.tradingview.com/u/AstralVision/","02/05/2026","25","0","195","Cycles | Fractal | Pivot points and levels","200"
"Nexus Sentiment & Risk Matrix [Pineify]","https://www.tradingview.com/script/RbhXCF0u-Nexus-Sentiment-Risk-Matrix-Pineify/","Pineify","https://www.tradingview.com/u/Pineify/","01/05/2026","30","0","269","Market Facilitation Index | marketprofile | risk | sentiment | sentimentalanalysis","200"
"Fib 1-2-3-4 Vol/Delta/Proj","https://www.tradingview.com/script/DGg7sSti-Fib-1-2-3-4-Vol-Delta-Proj/","attiquekhan23","https://www.tradingview.com/u/attiquekhan23/","01/05/2026","37","0","351","Price Volume Trend (PVT) | volumedelta | Volume Weighted Average Price (VWAP)","200"
"RSI Swing Structure Indicator (HH, LH, HL, LL + Alerts)","https://www.tradingview.com/script/jCRe2N1W-RSI-Swing-Structure-Indicator-HH-LH-HL-LL-Alerts/","ergunoz","https://www.tradingview.com/u/ergunoz/","02/05/2026","28","0","191","Candlestick analysis | Pivot points and levels | regressions","200"
"boss tikole MTF Power Dashboard - Size & Toggle 9503888883 pune","https://www.tradingview.com/script/jtxpaxwU-boss-tikole-MTF-Power-Dashboard-Size-Toggle-9503888883-pune/","TIKOLE14","https://www.tradingview.com/u/TIKOLE14/","01/05/2026","17","0","321","sentiment | Trend Analysis | Volume","200"
"RSI MTF Dashboard + RSI/ATR-Based Volatility Zones","https://www.tradingview.com/script/0kTlSUAd-RSI-MTF-Dashboard-RSI-ATR-Based-Volatility-Zones/","MYNAMEISBRANDON","https://www.tradingview.com/u/MYNAMEISBRANDON/","01/05/2026","23","0","258","Chart patterns | dashboard | highertimeframe | HTF | multitimeframeanalysis | relativestrength | Relative Strength Index (RSI) | sma | table | trend | Trend Analysis | volatilityzones","200"
"Swing Markers + Trendlines","https://www.tradingview.com/script/c71reA4X-Swing-Markers-Trendlines/","vijayanand65","https://www.tradingview.com/u/vijayanand65/","01/05/2026","15","0","132","Trend Analysis","200"
"Black Tie ORB MTF","https://www.tradingview.com/script/Gfvop8CP-Black-Tie-ORB-MTF/","BlackTieCrypto","https://www.tradingview.com/u/BlackTieCrypto/","01/05/2026","15","0","203","breakout | openingrange | orb | Support and Resistance | Trend Analysis","200"
"Daily Swing Probability Ladder with Provisional Reversal","https://www.tradingview.com/script/KrP9sXk3-Daily-Swing-Probability-Ladder-with-Provisional-Reversal/","PCG_Investments","https://www.tradingview.com/u/PCG_Investments/","01/05/2026","20","0","281","forecasting | Pivot points and levels | Trend Analysis","200"
"RSI PERFECT Flip Dots","https://www.tradingview.com/script/XR6SfjIw-RSI-PERFECT-Flip-Dots/","debanshuchanda6","https://www.tradingview.com/u/debanshuchanda6/","01/05/2026","23","0","279","Bill Williams Indicators | Breadth Indicators | Candlestick analysis","200"
"Wolf Scalper v1.7","https://www.tradingview.com/script/rXf14ZM5-Wolf-Scalper-v1-7/","Wolfbrah","https://www.tradingview.com/u/Wolfbrah/","30/04/2026","91","1","851","Candlestick analysis","200"
"MA-90-300","https://www.tradingview.com/script/StmAorgO/","MasayanFX","https://www.tradingview.com/u/MasayanFX/","01/05/2026","21","0","251","Moving Averages | Trend Analysis","200"
"MasayanMA","https://www.tradingview.com/script/zum9fs5r/","MasayanFX","https://www.tradingview.com/u/MasayanFX/","01/05/2026","17","0","211","Moving Averages | Trend Analysis","200"
"XAUUSD Stop Run Reversal [MatsukazeAlgo]","https://www.tradingview.com/script/onnGRm0L-XAUUSD-Stop-Run-Reversal-MatsukazeAlgo/","MatsukazeAlgo","https://www.tradingview.com/u/MatsukazeAlgo/","02/05/2026","13","0","250","breakout | Candlestick analysis | Gold | liquidity | Pivot points and levels | reversal | session | smartmoney | SMC | stoprun | Trend Analysis | XAUUSD","200"
"Auto Trendlines [Support & Resistance]","https://www.tradingview.com/script/MJDwF3qT-Auto-Trendlines-Support-Resistance/","vijayanand65","https://www.tradingview.com/u/vijayanand65/","01/05/2026","13","0","189","Trend Analysis","200"
"AutoFibLevels - Horizontal Only","https://www.tradingview.com/script/UdHgXXrD-AutoFibLevels-Horizontal-Only/","CryptaNamix","https://www.tradingview.com/u/CryptaNamix/","01/05/2026","12","0","119","Bands and Channels | forecasting","200"
"Crypto Non-Causality Suite [Alpha Council]","https://www.tradingview.com/script/cuNsBi6k-Crypto-Non-Causality-Suite-Alpha-Council/","mjrodriguezorlich69","https://www.tradingview.com/u/mjrodriguezorlich69/","02/05/2026","9","0","192","educational | Pivot points and levels | regressions","200"
"Black Tie Murrey Math MTF","https://www.tradingview.com/script/UBfcsmij-Black-Tie-Murrey-Math-MTF/","BlackTieCrypto","https://www.tradingview.com/u/BlackTieCrypto/","01/05/2026","14","0","172","murrey | octaves | supportandresistace | Support and Resistance | Trend Analysis","200"
"Liquidity Trap Zones [EmpArchitect]","https://www.tradingview.com/script/wOcm4MvF-Liquidity-Trap-Zones-EmpArchitect/","EmpArchitect","https://www.tradingview.com/u/EmpArchitect/","02/05/2026","12","0","189","Support and Resistance | Trend Analysis","200"
"Reversal Signals","https://www.tradingview.com/script/TyRMzDZf-Reversal-Signals/","harishjoy","https://www.tradingview.com/u/harishjoy/","02/05/2026","11","0","128","Bands and Channels | Candlestick analysis | Chart patterns","200"
"Zero Lag Scalping by Tomgun","https://www.tradingview.com/script/iR8qsvQE/","Topguntrader7","https://www.tradingview.com/u/Topguntrader7/","02/05/2026","13","0","131","Bands and Channels | Cycles","200"
"PJ : Custom Horizontal Grid","https://www.tradingview.com/script/PEI4hDwg-PJ-Custom-Horizontal-Grid/","PathbokeJuntawong","https://www.tradingview.com/u/PathbokeJuntawong/","01/05/2026","19","0","249","Bands and Channels | Chart patterns | educational","200"
"Volume Surge Oscillator","https://www.tradingview.com/script/PH45duxb-Volume-Surge-Oscillator/","CapitalGains28","https://www.tradingview.com/u/CapitalGains28/","02/05/2026","12","0","135","Moving Averages | Oscillators | volatilty | Volume","200"
"Yield Curve Monitor","https://www.tradingview.com/script/tTCUmRA2/","SmartMoneyHour-GMB-Quant","https://www.tradingview.com/u/SmartMoneyHour-GMB-Quant/","01/05/2026","9","0","199","2s10s | Chart patterns | dennisschwer | fed | quant | sentiment | smartmoney | spread | Trend Analysis | yield | yieldcurve | zinsen","200"
"ATR Stop Loss Labels (Long / Short)","https://www.tradingview.com/script/1YUnjF5i-ATR-Stop-Loss-Labels-Long-Short/","ergunoz","https://www.tradingview.com/u/ergunoz/","02/05/2026","10","0","116","forecasting | sentiment | Trend Analysis","200"
"MFB - Maximization Prophet","https://www.tradingview.com/script/nehUIDuH-MFB-Maximization-Prophet/","Peacethruprocess","https://www.tradingview.com/u/Peacethruprocess/","02/05/2026","11","0","95","educational","200"
"CPR - By Suthan Trade's","https://www.tradingview.com/script/L2USr0EH-CPR-By-Suthan-Trade-s/","SuthanTraders","https://www.tradingview.com/u/SuthanTraders/","01/05/2026","24","0","254","forecasting | options | Pivot points and levels","200"
"ATR Step Trailing Stop Positioning Tool","https://www.tradingview.com/script/jC7LhZxE-ATR-Step-Trailing-Stop-Positioning-Tool/","TheAlphaGroup","https://www.tradingview.com/u/TheAlphaGroup/","01/05/2026","17","0","254","ATR | Bands and Channels | overlay | priceaction | stoploss | Trade Management | trailingstop | Trend Analysis | trendfollowing | Volatility","200"
"All-in-One Indicator for Traders","https://www.tradingview.com/script/yCRdrLYj-All-in-One-Indicator-for-Traders/","alexxunya","https://www.tradingview.com/u/alexxunya/","02/05/2026","10","0","130","Trend Analysis","200"
"Cody Zig Zag","https://www.tradingview.com/script/4NLj4jBy-Cody-Zig-Zag/","tonewayclothing","https://www.tradingview.com/u/tonewayclothing/","01/05/2026","9","0","220","Bands and Channels | Chart patterns | Harmonic Patterns | patterntrading | propfirm | trading | Zigzag | zigzagpattern","200"
"Take Profit & Stop Loss Levels","https://www.tradingview.com/script/liuZhpsR-Take-Profit-Stop-Loss-Levels/","abu_faisal_86","https://www.tradingview.com/u/abu_faisal_86/","01/05/2026","10","0","117","Bands and Channels","200"
"Range Breakdown Readiness [AGPro Series]","https://www.tradingview.com/script/VBmg5v8g-Range-Breakdown-Readiness-AGPro-Series/","AGProLabs","https://www.tradingview.com/u/AGProLabs/","01/05/2026","10","0","133","breakdown | execution-readiness | failure-risk | range | rangetrading | readiness | risk-planning | support | target-room | Trend Analysis","200"
"Thermocap Z-Score | Astral Vision","https://www.tradingview.com/script/jniunm9r/","AstralVision","https://www.tradingview.com/u/AstralVision/","02/05/2026","7","0","119","Cycles | Oscillators | Pivot points and levels","200"
"Black Tie Framework Lite","https://www.tradingview.com/script/ZZeT0U1c-Black-Tie-Framework-Lite/","BlackTieCrypto","https://www.tradingview.com/u/BlackTieCrypto/","01/05/2026","9","0","171","Cycles | liquidity | marketstructure | sessions | Support and Resistance | Trend Analysis","200"
"IRL ERL Liquidity Map","https://www.tradingview.com/script/cTE4lNcx-IRL-ERL-Liquidity-Map/","arorapran","https://www.tradingview.com/u/arorapran/","01/05/2026","23","0","319","educational | fvg_strategy | ict | ictconcepts | IRL-ERL | killzones | liquidity","200"
"XAUUSD Vector SMC [MatsukazeAlgo]","https://www.tradingview.com/script/214WlGni-XAUUSD-Vector-SMC-MatsukazeAlgo/","MatsukazeAlgo","https://www.tradingview.com/u/MatsukazeAlgo/","01/05/2026","26","0","388","Candlestick analysis | fvg | Gold | orderblocks | pvsra | session | smartmoney | SMC | Trend Analysis | Volume | XAUUSD","200"
"AdkowFX XAUUSD Positive SMT Scanner","https://www.tradingview.com/script/EwnLx8N9-AdkowFX-XAUUSD-Positive-SMT-Scanner/","adkowfx","https://www.tradingview.com/u/adkowfx/","01/05/2026","18","0","263","adkowfx | SMT | smtdivergence | Volume","200"
"Volatility Radar - Muti-Timeframe [PUCHON]","https://www.tradingview.com/script/oryQEG9c-Volatility-Radar-Muti-Timeframe-PUCHON/","ProPuchon","https://www.tradingview.com/u/ProPuchon/","01/05/2026","14","0","222","Historical Volatility | Volatility","200"
"Supertrend Oscillator | TR","https://www.tradingview.com/script/HjyQu7WT-Supertrend-Oscillator-TR/","Tiagorocha1989","https://www.tradingview.com/u/Tiagorocha1989/","01/05/2026","12","0","175","Average True Range (ATR) | Oscillators | Trend Analysis","200"
"BUZZBOT SNIPER","https://www.tradingview.com/script/dW4xum8R-BUZZBOT-SNIPER/","jakobzahabi","https://www.tradingview.com/u/jakobzahabi/","30/04/2026","135","0","1125","Bands and Channels | Candlestick analysis | Chart patterns","200"
"Candle DNA Morphology | Anonycryptous","https://www.tradingview.com/script/7JKtrsEk-Candle-DNA-Morphology-Anonycryptous/","Anonycryptous","https://www.tradingview.com/u/Anonycryptous/","01/05/2026","11","0","217","candlemorphology | Candlestick analysis | candlestickpattern | Chart patterns | DNA | euclidean | fingerprint | historicalanalysis | machinelearning | patternmatching | statistics | trendlineanalysis","200"
"Fair Value Gap [SMC]","https://www.tradingview.com/script/ridfjk84/","AlexCallOption","https://www.tradingview.com/u/AlexCallOption/","02/05/2026","7","0","160","Pivot points and levels | sentiment","200"
"Power Earnings Gap (PEG) & HVE","https://www.tradingview.com/script/pjwCxbrn-Power-Earnings-Gap-PEG-HVE/","TXInvestor","https://www.tradingview.com/u/TXInvestor/","02/05/2026","6","0","78","Earnings | HVE | PEG | Trend Analysis | Volume","200"
"HOD/LOD - Market Structure Reversal","https://www.tradingview.com/script/iJH2ou59-HOD-LOD-Market-Structure-Reversal/","FullPotato","https://www.tradingview.com/u/FullPotato/","02/05/2026","5","0","146","Chart patterns","200"
"Liquidity Sweep + Inverse FVG","https://www.tradingview.com/script/HFkqH2h3/","Sion2905","https://www.tradingview.com/u/Sion2905/","01/05/2026","5","0","125","Chart patterns","200"
"RSI BB Wonagi pro","https://www.tradingview.com/script/Xo2xwPTn/","WonagiTV","https://www.tradingview.com/u/WonagiTV/","01/05/2026","12","0","170","Bands and Channels | bband | Moving Averages | rsi_divergence | Volatility","200"
"MTF Stoch RSI Threshold Entry Signals","https://www.tradingview.com/script/EqBdTAjM-MTF-Stoch-RSI-Threshold-Entry-Signals/","grazzeee","https://www.tradingview.com/u/grazzeee/","02/05/2026","7","0","100","Stochastic RSI (STOCH RSI)","200"
"KOFE Buy/Sell Bubbles","https://www.tradingview.com/script/afmaISm1-KOFE-Buy-Sell-Bubbles/","teleke","https://www.tradingview.com/u/teleke/","02/05/2026","6","0","138","Candlestick analysis | Volume Indicator | Volume","200"
"VA Look-back Proximity zones","https://www.tradingview.com/script/4U0AEOXV-VA-Look-back-Proximity-zones/","usaypotato","https://www.tradingview.com/u/usaypotato/","01/05/2026","7","0","96","Volume","200"
"Time Cycle Model 2.0","https://www.tradingview.com/script/I0XfUetV-Time-Cycle-Model-2-0/","gvman99","https://www.tradingview.com/u/gvman99/","01/05/2026","6","0","90","Cycles","200"
"Rainbow MA Ribbon AZI","https://www.tradingview.com/script/K2E4JfvB/","azielgf","https://www.tradingview.com/u/azielgf/","02/05/2026","7","0","109","Bands and Channels | Chart patterns | Cycles","200"
"AKILLI PARA RADARI PRO - BIST","https://www.tradingview.com/script/U9de9BsZ/","doganselinozkan","https://www.tradingview.com/u/doganselinozkan/","02/05/2026","5","0","92","Volume","200"
"Williams%R Signals | Astral Vision","https://www.tradingview.com/script/nAMCMpuZ/","AstralVision","https://www.tradingview.com/u/AstralVision/","02/05/2026","6","0","104","Bill Williams Indicators | Pivot points and levels | Williams %R (%R)","200"
"(ORB) Opening Range and Fib Pullback","https://www.tradingview.com/script/mI9Emxw9-ORB-Opening-Range-and-Fib-Pullback/","skashyap007","https://www.tradingview.com/u/skashyap007/","02/05/2026","7","0","93","fibonnacci | multitimeframe | openrangebreakout | pullback | Volume","200"
"Wonagi Gap Track","https://www.tradingview.com/script/KQQzw3fv/","WonagiTV","https://www.tradingview.com/u/WonagiTV/","01/05/2026","12","0","186","Bands and Channels | gap | Portfolio management | Volatility","200"
"Moving Average Retest Planner [AGPro Series]","https://www.tradingview.com/script/gVKFDLAj-Moving-Average-Retest-Planner-AGPro-Series/","AGProLabs","https://www.tradingview.com/u/AGProLabs/","01/05/2026","18","0","185","invalidation | ma-retest | Moving Averages | pullback | retest | risk-planning | target | trend-analysis | Trend Analysis","200"
"A+ IFVG Entry Model - SNIPE + HTF","https://www.tradingview.com/script/wKzO4MVC-A-IFVG-Entry-Model-SNIPE-HTF/","sherercorey","https://www.tradingview.com/u/sherercorey/","01/05/2026","22","0","285","Candlestick analysis | Pivot points and levels | Trend Analysis","200"
"Liquidity Data","https://www.tradingview.com/script/1uaNziwD-Liquidity-Data/","dougi24","https://www.tradingview.com/u/dougi24/","01/05/2026","13","0","298","Chart patterns | statistics | Volume","200"
"VWAP Mean Reversion Scalper with Multi-SD Bands and CVD","https://www.tradingview.com/script/pCzoghh1-VWAP-Mean-Reversion-Scalper-with-Multi-SD-Bands-and-CVD/","Tradedailywithseb","https://www.tradingview.com/u/Tradedailywithseb/","01/05/2026","16","0","257","Oscillators | Volatility | Volume","200"
"Enhanced Buy/Sell Profile","https://www.tradingview.com/script/pic2i8Ds-Enhanced-Buy-Sell-Profile/","batch-cork-stack","https://www.tradingview.com/u/batch-cork-stack/","01/05/2026","22","0","258","Breadth Indicators | Candlestick analysis | Chart patterns","200"
"Cody Support and Resistance","https://www.tradingview.com/script/nDN3FAsn-Cody-Support-and-Resistance/","tonewayclothing","https://www.tradingview.com/u/tonewayclothing/","02/05/2026","5","0","135","Bill Williams Indicators | multitimeframe | Pivot points and levels | supplyandemandzones | supportandresistancezones","200"
"ziqiao","https://www.tradingview.com/script/2WllVyOW/","BIC1021","https://www.tradingview.com/u/BIC1021/","01/05/2026","8","0","208","Candlestick analysis","200"
"ADX Color Signal","https://www.tradingview.com/script/5PzTZezr-ADX-Color-Signal/","hedge2","https://www.tradingview.com/u/hedge2/","02/05/2026","4","0","76","Average Directional Index (ADX) | CHOP | choppy | colorchange | colorcoded | colored | colour | notradezone | rangingmarket","200"
"Multi-Condition Trading Signal","https://www.tradingview.com/script/F2OF6wWN-Multi-Condition-Trading-Signal/","Krason22","https://www.tradingview.com/u/Krason22/","02/05/2026","5","0","117","Moving Averages | Trend Analysis | Volume","200"
"Lineas de Tendencia Pro","https://www.tradingview.com/script/D69SLyle/","somberHunter65249","https://www.tradingview.com/u/somberHunter65249/","01/05/2026","6","0","114","Chart patterns","200"
"Gold Algo Levels","https://www.tradingview.com/script/9DeWWb9T-Gold-Algo-Levels/","AbundanceQueen3","https://www.tradingview.com/u/AbundanceQueen3/","01/05/2026","23","0","325","Pivot points and levels","200"
"RC Momentum v6 Cleaned","https://www.tradingview.com/script/zCWawqLf-RC-Momentum-v6-Cleaned/","BozWirth88","https://www.tradingview.com/u/BozWirth88/","01/05/2026","12","0","182","Candlestick analysis","200"
"Price Rejection Readiness [AGPro Series]","https://www.tradingview.com/script/HqPtkViQ-Price-Rejection-Readiness-AGPro-Series/","AGProLabs","https://www.tradingview.com/u/AGProLabs/","01/05/2026","12","0","202","confirmation | price-action | price-action-analysis | readiness | rejection | risk-management | trade-planning | Trend Analysis | wick-analysis","200"
"Trade Grader [Time & Price ICT)","https://www.tradingview.com/script/2T3dsMTc-Trade-Grader-Time-Price-ICT/","verdidamuji","https://www.tradingview.com/u/verdidamuji/","01/05/2026","11","0","169","Cycles | Fractal","200"
"Bollinger Bands Smart Reversal Signals (15M Confirmed)","https://www.tradingview.com/script/g7CjVlNd-Bollinger-Bands-Smart-Reversal-Signals-15M-Confirmed/","stans_booth","https://www.tradingview.com/u/stans_booth/","01/05/2026","9","0","243","Bands and Channels | Bill Williams Indicators | Candlestick analysis","200"
"SMC Order Blocks","https://www.tradingview.com/script/LyNOPRgJ-SMC-Order-Blocks/","Rosend0","https://www.tradingview.com/u/Rosend0/","01/05/2026","15","0","210","Candlestick analysis","200"
"AI Trading Console with Dashboard (One Signal Per Trend Move)","https://www.tradingview.com/script/IPU25xNs-AI-Trading-Console-with-Dashboard-One-Signal-Per-Trend-Move/","demantprasad","https://www.tradingview.com/u/demantprasad/","01/05/2026","5","0","131","aisignals | buysellsignal | forecasting | Moving Averages | Trend Analysis","200"
"Retracement Points [STRAT+EMA]","https://www.tradingview.com/script/gMnjtFJp-Retracement-Points-STRAT-EMA/","razinsadeed10","https://www.tradingview.com/u/razinsadeed10/","01/05/2026","4","0","154","Candlestick analysis | Chart patterns | Cycles","200"
"The Sniper: VWAP + Momentum","https://www.tradingview.com/script/iitwLUKF-The-Sniper-VWAP-Momentum/","SkaleHub","https://www.tradingview.com/u/SkaleHub/","01/05/2026","7","0","143","Candlestick analysis | multitimeframe | Volume","200"
"HTF/LTF Alignment (""Trend Is your Friend, Until the end!"")","https://www.tradingview.com/script/q4qutfwL-HTF-LTF-Alignment-Trend-Is-your-Friend-Until-the-end/","FreedomByFutures","https://www.tradingview.com/u/FreedomByFutures/","01/05/2026","10","0","136","alignment | confluence | Exponential Moving Average (EMA) | mtfanalysis | multipletimeframe | trend | Trend Analysis | trendfollowing","200"
"Previous Day OHLC with Fib Levels-By-FATHI_","https://www.tradingview.com/script/vzEqdMrb/","R_FATHI","https://www.tradingview.com/u/R_FATHI/","01/05/2026","4","0","100","forecasting","200"
"Rakesh {Yesterday HLC Avg (Daily Separate Line)}","https://www.tradingview.com/script/J3RcCLnL-Rakesh-Yesterday-HLC-Avg-Daily-Separate-Line/","pothinenirakesh99","https://www.tradingview.com/u/pothinenirakesh99/","02/05/2026","3","0","51","Moving Averages","200"
"13 EMA Cross + RSI 50 = Buy / Sell","https://www.tradingview.com/script/aXwkp43w-13-EMA-Cross-RSI-50-Buy-Sell/","cnmk2024","https://www.tradingview.com/u/cnmk2024/","02/05/2026","4","0","93","Exponential Moving Average (EMA) | Momentum Indicator (MOM) | Relative Strength Index (RSI)","200"
"Nitin Grow Script","https://www.tradingview.com/script/x6Func9V-Nitin-Grow-Script/","NitinMalhotraa","https://www.tradingview.com/u/NitinMalhotraa/","02/05/2026","5","0","87","auto | Bands and Channels | buysellsignal | Candlestick analysis | Chart patterns","200"
"MTF Stoch RSI Threshold Entry Signals V2","https://www.tradingview.com/script/SDiPNAWi-MTF-Stoch-RSI-Threshold-Entry-Signals-V2/","grazzeee","https://www.tradingview.com/u/grazzeee/","02/05/2026","5","0","98","Stochastic RSI (STOCH RSI)","200"
"Aperture Borse - Definitivo V2 - SMC session open tracker","https://www.tradingview.com/script/qczPlPD6/","Araldo62","https://www.tradingview.com/u/Araldo62/","02/05/2026","3","0","118","Breadth Indicators | session","200"
"PA Predictive Engine v2","https://www.tradingview.com/script/7fODQJ5E-PA-Predictive-Engine-v2/","jimmyduu","https://www.tradingview.com/u/jimmyduu/","01/05/2026","6","0","117","Breadth Indicators","200"
"Price oscillator [Session Adjusted]","https://www.tradingview.com/script/FNTrSEMR/","fpsantoro","https://www.tradingview.com/u/fpsantoro/","01/05/2026","6","0","121","Bollinger Bands (BB) | Momentum Indicator (MOM) | Moving Averages","200"
"Black Tie ATR + Position Sizer","https://www.tradingview.com/script/gVHhWR24-Black-Tie-ATR-Position-Sizer/","BlackTieCrypto","https://www.tradingview.com/u/BlackTieCrypto/","01/05/2026","4","0","121","ATR | Average True Range (ATR) | positionsizing | Volatility","200"
"CVD Normalized (0-100)","https://www.tradingview.com/script/TxJpg0n2/","CryptoZoso","https://www.tradingview.com/u/CryptoZoso/","01/05/2026","4","0","124","educational | Oscillators | Volume","200"
"Js Pre-midnight stdv","https://www.tradingview.com/script/na4gQrTP-Js-Pre-midnight-stdv/","jeanluisreyes12","https://www.tradingview.com/u/jeanluisreyes12/","02/05/2026","3","0","67","Candlestick analysis | Chart patterns | forecasting","200"
"Quarterly/Monthly/Weekly Performance | Astral Vision","https://www.tradingview.com/script/pdDFweLJ/","AstralVision","https://www.tradingview.com/u/AstralVision/","02/05/2026","3","0","75","Centered Oscillators | Pivot points and levels | Trend Analysis","200"
"No-Wick Candle LQ Magnet","https://www.tradingview.com/script/QAU41UUT-No-Wick-Candle-LQ-Magnet/","Alphachinozz","https://www.tradingview.com/u/Alphachinozz/","02/05/2026","4","0","48","Candlestick analysis","200"
"ORB Dual Session by hide4dexter","https://www.tradingview.com/script/6FmRmHcj-ORB-Dual-Session-by-hide4dexter/","rc_trader7","https://www.tradingview.com/u/rc_trader7/","01/05/2026","11","0","156","Candlestick analysis | Chart patterns | Trend Analysis","200"
"Live Stock Fundamentals Dashboard","https://www.tradingview.com/script/JuM8Ah2G-Live-Stock-Fundamentals-Dashboard/","mnmabroukw36ix","https://www.tradingview.com/u/mnmabroukw36ix/","01/05/2026","3","0","91","Fundamental Analysis","200"
"HA Pullback Big Doji Signals","https://www.tradingview.com/script/aU5xheOF-HA-Pullback-Big-Doji-Signals/","julian200877","https://www.tradingview.com/u/julian200877/","01/05/2026","8","0","137","Bands and Channels | Bill Williams Indicators | Breadth Indicators","200"
"FlowScale PVT","https://www.tradingview.com/script/pZkjbzRm/","gunebak4n","https://www.tradingview.com/u/gunebak4n/","01/05/2026","6","0","122","Price Volume Trend (PVT) | Volume Indicator | Volume","200"
"Daily Candle Day Letter","https://www.tradingview.com/script/xJGuYztU-Daily-Candle-Day-Letter/","Naresh_Kadhare","https://www.tradingview.com/u/Naresh_Kadhare/","01/05/2026","5","0","100","Candlestick analysis","200"
"IND001 - Tide Flow Structure Map","https://www.tradingview.com/script/2eb8PNMp-IND001-Tide-Flow-Structure-Map/","ReconHK","https://www.tradingview.com/u/ReconHK/","02/05/2026","3","0","164","Average True Range (ATR) | Relative Strength Index (RSI) | Simple Moving Average (SMA)","200"
"XAUUSD AlgoPath [MatsukazeAlgo]","https://www.tradingview.com/script/0U51FASz-XAUUSD-AlgoPath-MatsukazeAlgo/","MatsukazeAlgo","https://www.tradingview.com/u/MatsukazeAlgo/","01/05/2026","33","0","539","Candlestick analysis | gap | Gold | levels | multitimeframe | PDH | PDL | session | SMC | Trend Analysis | whales | XAUUSD","200"
"SantiNicamado","https://www.tradingview.com/script/pn6e3jYX/","estebannicosia","https://www.tradingview.com/u/estebannicosia/","01/05/2026","10","0","167","Chart patterns | Cycles | Fractal","200"
"SMC Session Range Converter Pro (%)","https://www.tradingview.com/script/t8IDE1oJ/","Araldo62","https://www.tradingview.com/u/Araldo62/","02/05/2026","4","0","115","Breadth Indicators","200"
"Advanced Doji Detector","https://www.tradingview.com/script/acRZjgr3-Advanced-Doji-Detector/","dineshbsethiya123","https://www.tradingview.com/u/dineshbsethiya123/","02/05/2026","3","0","67","Candlestick analysis","200"
"MA Cloud","https://www.tradingview.com/script/2O0J0FFC/","AlexCallOption","https://www.tradingview.com/u/AlexCallOption/","02/05/2026","3","0","99","Moving Averages","200"
"AS SMA 8 + FVG 2.05.2026","https://www.tradingview.com/script/U9k9GymZ/","ColasBreugnon","https://www.tradingview.com/u/ColasBreugnon/","01/05/2026","2","0","99","Moving Averages","200"
"SkaleHub Reversal - Pillar #4","https://www.tradingview.com/script/S70AjHqi-SkaleHub-Reversal-Pillar-4/","SkaleHub","https://www.tradingview.com/u/SkaleHub/","01/05/2026","3","0","88","Candlestick analysis | Chart patterns | Wave Analysis","200"
"MTF EMAs + Compact Dash","https://www.tradingview.com/script/6sG1AY7J-MTF-EMAs-Compact-Dash/","rishiatoul","https://www.tradingview.com/u/rishiatoul/","01/05/2026","2","0","104","Candlestick analysis | Moving Averages | multitimeframe","200"
"RSI Divergence Indicator by Hamitcagdas","https://www.tradingview.com/script/565QIMNX-RSI-Divergence-Indicator-by-Hamitcagdas/","hamitcagdas","https://www.tradingview.com/u/hamitcagdas/","02/05/2026","5","0","78","educational | Relative Strength Index (RSI) | Stochastic RSI (STOCH RSI)","200"
"EE Camarilla Q & H v1.3","https://www.tradingview.com/script/Z4c0OX4k-EE-Camarilla-Q-H-v1-3/","AnubhavSood","https://www.tradingview.com/u/AnubhavSood/","02/05/2026","3","0","74","Bands and Channels | camarillapivot | EE | halfyearly | levels | multitimeframe | pivot | Pivot points and levels | positional | quarterly | supportresistence","200"
"MTF Stoch RSI Threshold Entry Signals V5","https://www.tradingview.com/script/bgoTyzuG-MTF-Stoch-RSI-Threshold-Entry-Signals-V5/","grazzeee","https://www.tradingview.com/u/grazzeee/","02/05/2026","4","0","62","Stochastic RSI (STOCH RSI)","200"
"IFVG MODEL [RTP]","https://www.tradingview.com/script/hcZouPJI-IFVG-MODEL-RTP/","EvanInvest","https://www.tradingview.com/u/EvanInvest/","02/05/2026","3","0","92","Candlestick analysis | Chart patterns | educational","200"
"btc mtf momentum","https://www.tradingview.com/script/SkmBBVSP/","Sachse-1980","https://www.tradingview.com/u/Sachse-1980/","02/05/2026","4","0","71","Bands and Channels | Bill Williams Indicators | Breadth Indicators","200"
"Monkey AO","https://www.tradingview.com/script/n2F8ydRF-Monkey-AO/","thebitcoinguy37","https://www.tradingview.com/u/thebitcoinguy37/","02/05/2026","3","0","74","Bands and Channels | Candlestick analysis | Chart patterns","200"
"v32 Inside / Outside Bar Levels","https://www.tradingview.com/script/Wa3EvjMG-v32-Inside-Outside-Bar-Levels/","md45368","https://www.tradingview.com/u/md45368/","02/05/2026","2","0","45","Candlestick analysis","200"
"MTF Volume Footprint & RSI Dashboard","https://www.tradingview.com/script/WJD2lUeu-MTF-Volume-Footprint-RSI-Dashboard/","Kartik22j","https://www.tradingview.com/u/Kartik22j/","02/05/2026","3","0","98","educational | Fundamental Analysis | multitimeframe","200"
"Dual Swing Lines","https://www.tradingview.com/script/UYVk9t1S-Dual-Swing-Lines/","FullPotato","https://www.tradingview.com/u/FullPotato/","02/05/2026","5","0","104","Chart patterns","200"
"HERSCALP","https://www.tradingview.com/script/e8rAzV27-HERSCALP/","kylehering12","https://www.tradingview.com/u/kylehering12/","01/05/2026","4","0","95","Chart patterns","200"
"Checklist - Notes and Reminders","https://www.tradingview.com/script/8zPaYyjQ-Checklist-Notes-and-Reminders/","AfterlifeTrading","https://www.tradingview.com/u/AfterlifeTrading/","01/05/2026","13","0","292","dashboard | ict | journal | psychology | SMC | statistics | utility","200"
"Professional MTF Dashboard","https://www.tradingview.com/script/thuEdP0H-Professional-MTF-Dashboard/","rishiatoul","https://www.tradingview.com/u/rishiatoul/","01/05/2026","4","2","124","Candlestick analysis | Moving Averages | multitimeframe","200"
"Parallax Regime Lattice [JOAT]","https://www.tradingview.com/script/JAovpgvX-Parallax-Regime-Lattice-JOAT/","officialjackofalltrades","https://www.tradingview.com/u/officialjackofalltrades/","02/05/2026","11","0","138","BOS | buysideliquidity | Chart patterns | choch | demandandsupplyzones | ict | indicator-free | indicators | Pivot points and levels | sellsideliquidity | structure | Trend Analysis","200"
"Master Trend AI","https://www.tradingview.com/script/0YDtMKNc-Master-Trend-AI/","master-trend","https://www.tradingview.com/u/master-trend/","02/05/2026","2","0","68","forecasting | regressions | Trend Analysis","200"
"Relative Volume Every Nth Candle","https://www.tradingview.com/script/PZRLoxRo-Relative-Volume-Every-Nth-Candle/","TraderTed420","https://www.tradingview.com/u/TraderTed420/","01/05/2026","2","0","99","Volume Indicator","200"
"SkaleHub ORB - Pillar #1","https://www.tradingview.com/script/IqMgdcfb-SkaleHub-ORB-Pillar-1/","SkaleHub","https://www.tradingview.com/u/SkaleHub/","01/05/2026","9","0","139","Chart patterns | multitimeframe | Pivot points and levels","200"
"IChikou","https://www.tradingview.com/script/wGxnrv9a-IChikou/","CaptBlackBeard","https://www.tradingview.com/u/CaptBlackBeard/","01/05/2026","20","0","228","bonfire | Chart patterns | Cycles | dweb | ichi | Ichimoku Cloud","200"
"Precision Engulfing Pro","https://www.tradingview.com/script/7dsTgdAq-Precision-Engulfing-Pro/","dbkumar2026","https://www.tradingview.com/u/dbkumar2026/","01/05/2026","4","0","145","Candlestick analysis | Chart patterns","200"
"daily weekly monthly levels, money mike","https://www.tradingview.com/script/rN63yAAc-daily-weekly-monthly-levels-money-mike/","michaellitton16","https://www.tradingview.com/u/michaellitton16/","01/05/2026","19","0","198","forecasting | multitimeframe | sentiment","200"
"A+ IFVG Entry Model - SNIPE + HTF PRO TARGETS V2","https://www.tradingview.com/script/2x9HqE2f-A-IFVG-Entry-Model-SNIPE-HTF-PRO-TARGETS-V2/","sherercorey","https://www.tradingview.com/u/sherercorey/","01/05/2026","11","0","187","Candlestick analysis | Fundamental Analysis | multitimeframe","200"
"Trend Panel , EMA , Destek Direnc, Oklar","https://www.tradingview.com/script/TQI2cOtv/","sambos55","https://www.tradingview.com/u/sambos55/","01/05/2026","3","0","99","Bands and Channels","200"
"VWAP DELTA","https://www.tradingview.com/script/4lrFYGmT/","BullBearSR","https://www.tradingview.com/u/BullBearSR/","30/04/2026","12","0","211","delta | orderflow | Volume Indicator | volumedelta | Volume Weighted Average Price (VWAP) | vwaps","200"
"N Rushi Sushi - Volume Algebra","https://www.tradingview.com/script/ffsDo5UJ-N-Rushi-Sushi-Volume-Algebra/","fredcoetzee1","https://www.tradingview.com/u/fredcoetzee1/","01/05/2026","5","0","87","Chart patterns","200"
"Breakout Follow-Through Planner [AGPro Series]","https://www.tradingview.com/script/M5fT5KRy-Breakout-Follow-Through-Planner-AGPro-Series/","AGProLabs","https://www.tradingview.com/u/AGProLabs/","01/05/2026","7","0","118","breakout | breakout-planner | BREAKOUT-QUALITY | continuation-quality | failure-rail | follow-through | retest-risk | target-room | trade-planning | Trend Analysis","200"
"Dax Fibonacci Breakout 9:00-9:15","https://www.tradingview.com/script/QPzsfqqM/","Tradepioneer","https://www.tradingview.com/u/Tradepioneer/","01/05/2026","8","0","124","Candlestick analysis","200"
"alqasim strategy","https://www.tradingview.com/script/yeLkpe2l-alqasim-strategy/","Ruqaiyaalraisi","https://www.tradingview.com/u/Ruqaiyaalraisi/","01/05/2026","6","0","172","Bands and Channels | Chart patterns | Moving Averages","200"
"BSL/SSL + Real-Time FVGs + 5m MSS","https://www.tradingview.com/script/1DwK7FAF-BSL-SSL-Real-Time-FVGs-5m-MSS/","garciakarel5","https://www.tradingview.com/u/garciakarel5/","01/05/2026","5","0","169","Cycles | ict | ictconcepts","200"
"Multi-Oscillator Smart Divergence","https://www.tradingview.com/script/7hd3KIEz/","HaemzFX","https://www.tradingview.com/u/HaemzFX/","01/05/2026","6","0","114","macdivergence | MFI | Oscillators | Pivot points and levels | rsi_divergence","200"
"Hourly Midpoint Levels","https://www.tradingview.com/script/RWIgWTI2-Hourly-Midpoint-Levels/","sagelaiho","https://www.tradingview.com/u/sagelaiho/","01/05/2026","2","0","95","educational","200"
"IND007-Seasonality Monthly Window Map","https://www.tradingview.com/script/Ex3epyjG-IND007-Seasonality-Monthly-Window-Map/","ReconHK","https://www.tradingview.com/u/ReconHK/","02/05/2026","2","0","71","Chart patterns | Cycles | forecasting","200"
"Black Tie VWAP MTF","https://www.tradingview.com/script/BAFRcD9O-Black-Tie-VWAP-MTF/","BlackTieCrypto","https://www.tradingview.com/u/BlackTieCrypto/","01/05/2026","2","0","75","deviationbands | institutional | Volatility | Volume","200"
"FVG Detector LeviW","https://www.tradingview.com/script/uo0qYHO5-FVG-Detector-LeviW/","LeviTrades123","https://www.tradingview.com/u/LeviTrades123/","01/05/2026","7","0","94","Pine utilities | statistics | Wave Analysis","200"
"ZigZag UZZ / LZZ Body Levels","https://www.tradingview.com/script/54thWEFA-ZigZag-UZZ-LZZ-Body-Levels/","md45368","https://www.tradingview.com/u/md45368/","02/05/2026","1","0","60","Candlestick analysis","200"
"SPY Command Center - Demo","https://www.tradingview.com/script/kk3NtVs7-SPY-Command-Center-Demo/","MisterBubbles","https://www.tradingview.com/u/MisterBubbles/","01/05/2026","8","1","154","educational","200"
"RSI & MACD MTF Station [v2c_cha]","https://www.tradingview.com/script/ncNhjmJD-RSI-MACD-MTF-Station-v2c-cha/","v2c_cha","https://www.tradingview.com/u/v2c_cha/","01/05/2026","1","0","111","dashboard | heatmap | Moving Average Convergence / Divergence (MACD) | mtf | Relative Strength Index (RSI) | topdownanalysis","200"
"CWOP3(A / A+)","https://www.tradingview.com/script/MkPaG2rC-CWOP3-A-A/","cpfinance08","https://www.tradingview.com/u/cpfinance08/","02/05/2026","4","0","60","Pine utilities | Pivot points and levels | sentiment","200"
"Stansbooth SMART MONEY CONCEPT BUY SELL SIGNAL","https://www.tradingview.com/script/odlNrPV6-Stansbooth-SMART-MONEY-CONCEPT-BUY-SELL-SIGNAL/","stans_booth","https://www.tradingview.com/u/stans_booth/","02/05/2026","3","0","95","Bill Williams Indicators | Breadth Indicators | Candlestick analysis","200"
"Weekly & Daily Reference Levels","https://www.tradingview.com/script/lxYljRGM-Weekly-Daily-Reference-Levels/","mayb1dayy","https://www.tradingview.com/u/mayb1dayy/","02/05/2026","1","0","109","ict | levels | multitimeframe | pdhpdl | Pivot points and levels | PWH | pwl | Trend Analysis","200"
"Gold Levels Dashboard","https://www.tradingview.com/script/IYOl64hI-Gold-Levels-Dashboard/","rplpharma","https://www.tradingview.com/u/rplpharma/","02/05/2026","2","0","91","Fundamental Analysis | Pine utilities | Trend Analysis","200"
"52-Week High Diamond","https://www.tradingview.com/script/AuEkKbjR-52-Week-High-Diamond/","vinthomas","https://www.tradingview.com/u/vinthomas/","02/05/2026","1","0","90","High-Low Index","200"
"v31 Inside / Outside Bar Levels","https://www.tradingview.com/script/0sgPKd8Z-v31-Inside-Outside-Bar-Levels/","md45368","https://www.tradingview.com/u/md45368/","02/05/2026","1","0","58","Candlestick analysis","200"
"Davies FVG Sniper Clean + 50% Price Label","https://www.tradingview.com/script/73gWpBCi-Davies-FVG-Sniper-Clean-50-Price-Label/","ugodavis10","https://www.tradingview.com/u/ugodavis10/","01/05/2026","2","0","97","concept | statistics | Trend Analysis","200"
"Custom Buy/Sell Indicator","https://www.tradingview.com/script/PZbgI2XG-Custom-Buy-Sell-Indicator/","JustinTimeTunes","https://www.tradingview.com/u/JustinTimeTunes/","01/05/2026","4","0","113","backtesting | customizable | educational | Pine utilities | statistics | strategy","200"
"LiquidityEdge | DepthFlow Suite","https://www.tradingview.com/script/OlwKY4K1-LiquidityEdge-DepthFlow-Suite/","KEKAFOREX","https://www.tradingview.com/u/KEKAFOREX/","02/05/2026","4","0","71","concept | Pivot points and levels | Volume","200"
"Double Trend Magic MTF","https://www.tradingview.com/script/Au342ZSL-Double-Trend-Magic-MTF/","PINEDIGGA","https://www.tradingview.com/u/PINEDIGGA/","02/05/2026","2","0","92","Bands and Channels | movingavarage | Moving Averages | multitimeframe | multitimeframes | trendmagic","200"
"Kaufman Adaptive Moving Averages X 4 - Multi-timeframe","https://www.tradingview.com/script/eHPapL1I-Kaufman-Adaptive-Moving-Averages-X-4-Multi-timeframe/","PINEDIGGA","https://www.tradingview.com/u/PINEDIGGA/","02/05/2026","3","0","65","Bands and Channels | Kaufman's Adaptive Moving Average (KAMA) | Moving Averages | multipletimeframe | multitimeframe","200"
"Hedge Fund Engine v4 [Gold vs USD Lead-Lag]","https://www.tradingview.com/script/Zl2H8ntO-Hedge-Fund-Engine-v4-Gold-vs-USD-Lead-Lag/","Tk317567","https://www.tradingview.com/u/Tk317567/","02/05/2026","1","0","61","Candlestick analysis | Chart patterns | Cycles","200"
"Volume with EMA","https://www.tradingview.com/script/nz7SRvlt/","DrX21","https://www.tradingview.com/u/DrX21/","02/05/2026","2","0","28","Volume","200"
"Wickless Trend Structure Indicator","https://www.tradingview.com/script/IZFhvBLE-Wickless-Trend-Structure-Indicator/","jackson_tasia_123","https://www.tradingview.com/u/jackson_tasia_123/","02/05/2026","2","0","55","Chart patterns","200"
"v34 Inside / Outside Bar Levels","https://www.tradingview.com/script/ogUB2sZC-v34-Inside-Outside-Bar-Levels/","md45368","https://www.tradingview.com/u/md45368/","02/05/2026","1","0","24","Chart patterns","200"
"Iniside Bar v6","https://www.tradingview.com/script/4GGaGl5s-Iniside-Bar-v6/","marjyhen1921","https://www.tradingview.com/u/marjyhen1921/","02/05/2026","1","0","49","concept","200"
"ICT IPDA Levels","https://www.tradingview.com/script/raVnN7KE-ICT-IPDA-Levels/","Rishabh_btc","https://www.tradingview.com/u/Rishabh_btc/","02/05/2026","2","0","68","Cycles","200"
"Multi-Timeframe RSI w/ Bias Analysis (Scalp Engine)00","https://www.tradingview.com/script/oBUu9BYi-Multi-Timeframe-RSI-w-Bias-Analysis-Scalp-Engine-00/","teenytinyfx","https://www.tradingview.com/u/teenytinyfx/","01/05/2026","2","0","62","Bands and Channels | Candlestick analysis | Chart patterns","200"
"PDL, PDH, ONL, ONH, SMA 50 & 200 on 1hr, 4hr, Daily","https://www.tradingview.com/script/knSm9OZY-PDL-PDH-ONL-ONH-SMA-50-200-on-1hr-4hr-Daily/","okstateofmind","https://www.tradingview.com/u/okstateofmind/","01/05/2026","3","0","81","Moving Averages | multitimeframe | Pivot points and levels","200"
"Q1 Negative","https://www.tradingview.com/script/GMzOe99T-Q1-Negative/","GarySaini","https://www.tradingview.com/u/GarySaini/","01/05/2026","1","0","48","Candlestick analysis","200"
"HODL-V6-Full-Stack-L0+L1+L2","https://www.tradingview.com/script/j60JCP1y/","dentistyhy","https://www.tradingview.com/u/dentistyhy/","01/05/2026","2","0","100","Chart patterns | Cycles | Portfolio management","200"
"NO TRADE THURSDAY - LOCKOUT (CLEAN)","https://www.tradingview.com/script/nXBK6JVE-NO-TRADE-THURSDAY-LOCKOUT-CLEAN/","skevilous","https://www.tradingview.com/u/skevilous/","01/05/2026","2","0","69","Candlestick analysis | Chart patterns | mechanical | Portfolio management | psychology | rules","200"
"VWAP - Tokyo\Asian Session","https://www.tradingview.com/script/jBtyidnU-VWAP-Tokyo-Asian-Session/","CzechMate06","https://www.tradingview.com/u/CzechMate06/","02/05/2026","3","0","63","asian | labels | tokyo | tokyosession | Volume Weighted Average Price (VWAP) | vwapbands","200"
"Dual VWAP","https://www.tradingview.com/script/PPSkRu09-Dual-VWAP/","PINEDIGGA","https://www.tradingview.com/u/PINEDIGGA/","02/05/2026","2","0","67","multitimeframe | multitimeframes | Volume Weighted Average Price (VWAP)","200"
"Berg A.M.","https://www.tradingview.com/script/1zMp5r12-Berg-A-M/","AryaJedi","https://www.tradingview.com/u/AryaJedi/","02/05/2026","1","0","48","Moving Averages | Trend Analysis | Volatility | volatilty | volumes","200"
"Elite S/R & Trendline Signals","https://www.tradingview.com/script/BqKaEaam-Elite-S-R-Trendline-Signals/","homedoctorrepair","https://www.tradingview.com/u/homedoctorrepair/","02/05/2026","1","0","44","Candlestick analysis | Chart patterns | Fundamental Analysis","200"
"Apertura borse universale - SMC session tracker","https://www.tradingview.com/script/xNMMsPPg/","Araldo62","https://www.tradingview.com/u/Araldo62/","02/05/2026","1","0","91","Breadth Indicators","200"
"Vortex Divergence Trends [BTC 1H]","https://www.tradingview.com/script/pSsSPjs5/","CryptoZoso","https://www.tradingview.com/u/CryptoZoso/","01/05/2026","2","0","109","educational | Trend Analysis | Vortex Indicator (VI)","200"
"Weekly Pivot Range (Mark Fisher)","https://www.tradingview.com/script/weKzatwM-Weekly-Pivot-Range-Mark-Fisher/","HugoPereira_NL_Phi","https://www.tradingview.com/u/HugoPereira_NL_Phi/","01/05/2026","2","0","94","Bands and Channels | Chart patterns | Pivot points and levels","200"
"CHRISP LuxAlgo - Sessions","https://www.tradingview.com/script/T1aHSTlb-CHRISP-LuxAlgo-Sessions/","chrisp_1","https://www.tradingview.com/u/chrisp_1/","01/05/2026","6","0","102","Candlestick analysis","200"
"SMC NQ Pro v3 - SL/TP Automaticobypiro","https://www.tradingview.com/script/Fi1WSwCf-SMC-NQ-Pro-v3-SL-TP-Automaticobypiro/","yordanylara","https://www.tradingview.com/u/yordanylara/","30/04/2026","14","0","259","Cycles | educational | multitimeframe","200"
"Swing Reversal Dashboard (Auto TF)","https://www.tradingview.com/script/eQslLlAu-Swing-Reversal-Dashboard-Auto-TF/","rounnitsharma","https://www.tradingview.com/u/rounnitsharma/","01/05/2026","1","0","58","Candlestick analysis | Chart patterns","200"
"Meridian Session Cartography [JOAT]","https://www.tradingview.com/script/gTrn8boW-Meridian-Session-Cartography-JOAT/","officialjackofalltrades","https://www.tradingview.com/u/officialjackofalltrades/","30/04/2026","28","0","320","Chart patterns | Cycles | forecasting | highslows | indicator-free | indicators | rangetrading | session | sessionopen | sessionseparator | sweep | timezone","200"
"SpxSnipper - EMA Zone + FVG Retest Reclaim Signals","https://www.tradingview.com/script/WiJTEDzX-SpxSnipper-EMA-Zone-FVG-Retest-Reclaim-Signals/","tmathios","https://www.tradingview.com/u/tmathios/","01/05/2026","4","0","160","Moving Averages","200"
"Trade","https://www.tradingview.com/script/BJcWfG5w-Trade/","darrenhamlin12","https://www.tradingview.com/u/darrenhamlin12/","01/05/2026","4","1","83","Bands and Channels | Candlestick analysis | Chart patterns","200"
"byquan RSI-MA & SRSI Direction Sync","https://www.tradingview.com/script/0la4dvK1/","avafelicityabby2","https://www.tradingview.com/u/avafelicityabby2/","01/05/2026","5","0","141","Oscillators","200"
"Target Path Quality [AGPro Series]","https://www.tradingview.com/script/HE9HgHw2-Target-Path-Quality-AGPro-Series/","AGProLabs","https://www.tradingview.com/u/AGProLabs/","01/05/2026","12","0","195","invalidation | PATH-QUALITY | risk-planning | setup-quality | structure-blockers | target-path | target-quality | target-room | trade-planning | Trend Analysis","200"
"NFIFTY4 IOF Quick Entry","https://www.tradingview.com/script/5zcJxqpz-NFIFTY4-IOF-Quick-Entry/","Nfifty4","https://www.tradingview.com/u/Nfifty4/","30/04/2026","18","0","236","Candlestick analysis | concept | educational","200"
"Median ATR Trend","https://www.tradingview.com/script/94bFE84Z-Median-ATR-Trend/","Unknownhodler","https://www.tradingview.com/u/Unknownhodler/","01/05/2026","9","0","240","Average True Range (ATR) | Standard Deviation | Trend Analysis","200"
"ADX/ MACD/ 200 EMA Strawberry Signals","https://www.tradingview.com/script/B7C2tMtl-ADX-MACD-200-EMA-Strawberry-Signals/","hedge2","https://www.tradingview.com/u/hedge2/","30/04/2026","11","0","220","Average Directional Index (ADX) | Exponential Moving Average (EMA) | Moving Average Convergence / Divergence (MACD)","200"
"AB Precision Trend Bot - Final Edition","https://www.tradingview.com/script/aLdbqVlm/","fernandezab","https://www.tradingview.com/u/fernandezab/","30/04/2026","23","0","265","Trend Analysis","200"
"Stealth Umbrella - Perimeter Radar - Psycho Flip","https://www.tradingview.com/script/1aM54Ib2-Stealth-Umbrella-Perimeter-Radar-Psycho-Flip/","CodeFather82","https://www.tradingview.com/u/CodeFather82/","01/05/2026","16","3","258","Moving Averages | Volatility | Volume","200"
"Calculateur Position CFD Forex Marshmello","https://www.tradingview.com/script/JBmXeIxW/","sofianeosm","https://www.tradingview.com/u/sofianeosm/","30/04/2026","9","0","162","marshmello | Portfolio management","200"
"SkaleHub Pullback | Pillar #3","https://www.tradingview.com/script/5FtnzOFX-SkaleHub-Pullback-Pillar-3/","SkaleHub","https://www.tradingview.com/u/SkaleHub/","01/05/2026","5","0","131","Candlestick analysis | Chart patterns | Trend Analysis","200"
"First Candle Connection + Mirror Projection","https://www.tradingview.com/script/MdEaSNiq-First-Candle-Connection-Mirror-Projection/","ManishDhyani","https://www.tradingview.com/u/ManishDhyani/","02/05/2026","10","0","275","Bands and Channels | educational","200"
"Multi-Timeframe EMA & VWAP Strategy","https://www.tradingview.com/script/U8sTwruU-Multi-Timeframe-EMA-VWAP-Strategy/","chokambaya","https://www.tradingview.com/u/chokambaya/","30/04/2026","46","0","472","Candlestick analysis","200"
"SMC Structure","https://www.tradingview.com/script/uM5CQOmg-SMC-Structure/","LeviTrades123","https://www.tradingview.com/u/LeviTrades123/","01/05/2026","7","0","169","Trend Analysis | Volume | Wave Analysis","200"
"SPX Trade Assist Pro v4 - Enhanced - Leveraged Income","https://www.tradingview.com/script/HjeiqeaY-SPX-Trade-Assist-Pro-v4-Enhanced-Leveraged-Income/","Neighboa","https://www.tradingview.com/u/Neighboa/","01/05/2026","5","0","98","Trend Analysis | Volatility | Volume","200"
"3n levels","https://www.tradingview.com/script/JrVf0xLb-3n-levels/","samuelP777","https://www.tradingview.com/u/samuelP777/","01/05/2026","3","0","112","Fundamental Analysis","200"
"Volume Rejection Planner [AGPro Series]","https://www.tradingview.com/script/2Qf4DujK-Volume-Rejection-Planner-AGPro-Series/","AGProLabs","https://www.tradingview.com/u/AGProLabs/","30/04/2026","16","0","260","price-action | rejection | relative-volume | risk-planning | trade-management | volatilty | volume-rejection | Volume | wick-rejection","200"
"Tokyo/London/Amsterdam Sessions + Cumulative Volume","https://www.tradingview.com/script/kE4IM1Ys-Tokyo-London-Amsterdam-Sessions-Cumulative-Volume/","HugoPereira_NL_Phi","https://www.tradingview.com/u/HugoPereira_NL_Phi/","30/04/2026","3","0","96","concept | Cycles | sentiment","200"
"Absorcion + Envolvente + Tendencia","https://www.tradingview.com/script/YpiZN5I8/","somberHunter65249","https://www.tradingview.com/u/somberHunter65249/","30/04/2026","8","0","150","Breadth Indicators","200"
"RTH ORG","https://www.tradingview.com/script/5wuFvP6h-RTH-ORG/","integrale42","https://www.tradingview.com/u/integrale42/","01/05/2026","2","0","121","Chart patterns | Cycles","200"
"SMA200 + MACD Cross Buy/Sell","https://www.tradingview.com/script/lKfc5BKz/","somberHunter65249","https://www.tradingview.com/u/somberHunter65249/","30/04/2026","7","0","135","Breadth Indicators","200"
"ATC Money Flow Oscillator","https://www.tradingview.com/script/LJgWgn46-ATC-Money-Flow-Oscillator/","ATConcepts","https://www.tradingview.com/u/ATConcepts/","30/04/2026","15","0","241","daytrading | educational | indicators | moneyflowindex | Oscillators | tradingeducation | volatilitytrading | Volume","200"
"ATC Adaptive MA Ribbon","https://www.tradingview.com/script/aLgB83lB-ATC-Adaptive-MA-Ribbon/","ATConcepts","https://www.tradingview.com/u/ATConcepts/","30/04/2026","8","0","175","daytrading | educational | indicators | intradaytrading | Moving Averages | tradingeducation | Trend Analysis | trendtrading","200"
"Wolf Scalper v1.8","https://www.tradingview.com/script/23U5LkxR-Wolf-Scalper-v1-8/","Wolfbrah","https://www.tradingview.com/u/Wolfbrah/","30/04/2026","7","0","178","Candlestick analysis","200"
"10% Upside / Downside Trade Signal","https://www.tradingview.com/script/0fpgS9a2-10-Upside-Downside-Trade-Signal/","significantChart50a55","https://www.tradingview.com/u/significantChart50a55/","30/04/2026","4","0","111","Candlestick analysis | Chart patterns","200"
"10D EMA [Live Daily] - SIG based","https://www.tradingview.com/script/3n1vjWpF-10D-EMA-Live-Daily-SIG-based/","HugoPereira_NL_Phi","https://www.tradingview.com/u/HugoPereira_NL_Phi/","30/04/2026","2","0","57","Chart patterns | Moving Averages | Trend Analysis","200"
"ATC MACD Evolved","https://www.tradingview.com/script/nR9D23dI-ATC-MACD-Evolved/","ATConcepts","https://www.tradingview.com/u/ATConcepts/","30/04/2026","6","0","146","daytrading | Divergence | educational | indicators | macdivergence | Moving Averages | tradingeducation | trendtrading | Volume","200"
"ATC OBV Trend Divergence","https://www.tradingview.com/script/X3k2ZWkf-ATC-OBV-Trend-Divergence/","ATConcepts","https://www.tradingview.com/u/ATConcepts/","30/04/2026","6","0","142","Breadth Indicators | daytrading | Divergence | educational | obvdivergence | tradingeducation | Volume","200"
"Low Vol Lateral Markets Detector - Background","https://www.tradingview.com/script/AxcDkoWu-Low-Vol-Lateral-Markets-Detector-Background/","Trader_rickp","https://www.tradingview.com/u/Trader_rickp/","30/04/2026","2","0","96","Oscillators | Trend Analysis | Volatility","200"
"Trend Pullback Risk Planner [AGPro Series]","https://www.tradingview.com/script/5h7bL82R-Trend-Pullback-Risk-Planner-AGPro-Series/","AGProLabs","https://www.tradingview.com/u/AGProLabs/","30/04/2026","7","0","153","continuation-readiness | invalidation | pullback-risk | risk-planner | target-room | trade-planning | Trend Analysis | trend-defense | trendpattern | trend-pullback","200"
"Volume Follow-Through Planner [AGPro Series]","https://www.tradingview.com/script/EKkNOkoQ-Volume-Follow-Through-Planner-AGPro-Series/","AGProLabs","https://www.tradingview.com/u/AGProLabs/","30/04/2026","9","0","180","continuation | follow-through | price-action | relative-volume | risk-management | trading-plan | volume-analysis | volume-confirmation | Volume","200"
"Session Reclaim Planner [AGPro Series]","https://www.tradingview.com/script/MnrrwWgy-Session-Reclaim-Planner-AGPro-Series/","AGProLabs","https://www.tradingview.com/u/AGProLabs/","01/05/2026","6","0","120","acceptance | intraday | planner | reclaim | risk | session | sessiontiming | target | tradingview | Trend Analysis","200"
"Elder MACD","https://www.tradingview.com/script/dIa5N77h/","Bossaa55","https://www.tradingview.com/u/Bossaa55/","01/05/2026","3","0","113","multitimeframe | Trend Analysis","200"
"Hao_Gann Swing","https://www.tradingview.com/script/J7YZpDYI-Hao-Gann-Swing/","dareseeker_vn","https://www.tradingview.com/u/dareseeker_vn/","01/05/2026","1","0","67","Trend Analysis | Wave Analysis","200"
"MINICRORE V2.0","https://www.tradingview.com/script/D8QoGRYf-MINICRORE-V2-0/","minicrore","https://www.tradingview.com/u/minicrore/","01/05/2026","3","0","98","Wave Analysis","200"
"CRT Candle Range Theory","https://www.tradingview.com/script/QT3GQs7W/","plazacontrerasjorge","https://www.tradingview.com/u/plazacontrerasjorge/","30/04/2026","3","0","142","Candlestick analysis | Chart patterns","200"
"SpxSnipper - EMA 9 / SMA 21 Pullback Reclaim Signals","https://www.tradingview.com/script/geptnf1V-SpxSnipper-EMA-9-SMA-21-Pullback-Reclaim-Signals/","tmathios","https://www.tradingview.com/u/tmathios/","30/04/2026","2","0","101","Moving Averages","200"
"Intial Balance VAH/VAL/POC","https://www.tradingview.com/script/DIguNUFF-Intial-Balance-VAH-VAL-POC/","jkm59","https://www.tradingview.com/u/jkm59/","01/05/2026","5","0","116","Bands and Channels | forecasting | Pivot points and levels","200"
"Screener Logic: PDH/PDL Shakeout","https://www.tradingview.com/script/4HitC8mf-Screener-Logic-PDH-PDL-Shakeout/","dikshantbansal98","https://www.tradingview.com/u/dikshantbansal98/","30/04/2026","1","0","75","Bands and Channels | Candlestick analysis | Chart patterns","200"
"MINICRORE V2.0","https://www.tradingview.com/script/eiN0D01A-MINICRORE-V2-0/","minicrore","https://www.tradingview.com/u/minicrore/","01/05/2026","2","0","107","Wave Analysis","200"
"EMAs4-Fill","https://www.tradingview.com/script/jeUUdU3N-EMAs4-Fill/","Randall54","https://www.tradingview.com/u/Randall54/","30/04/2026","4","0","86","Candlestick analysis | Cycles","200"
"Malloy Labs: Noise Or Not","https://www.tradingview.com/script/vA8NoIYp-Malloy-Labs-Noise-Or-Not/","MalloyLabs","https://www.tradingview.com/u/MalloyLabs/","30/04/2026","3","0","85","sentiment | Trend Analysis | Volume","200"
"EP9 SOS Scanner","https://www.tradingview.com/script/TzLovdlj-EP9-SOS-Scanner/","deepmystique","https://www.tradingview.com/u/deepmystique/","01/05/2026","2","0","53","Trend Analysis","200"
"SkaleHub Flow - Pillar #2","https://www.tradingview.com/script/Q0I2p5Ms-SkaleHub-Flow-Pillar-2/","SkaleHub","https://www.tradingview.com/u/SkaleHub/","01/05/2026","1","0","88","Candlestick analysis | Chart patterns | educational","200"
"Crypto Cycle Navigator by Haramii","https://www.tradingview.com/script/BIE7GuKh-Crypto-Cycle-Navigator-by-Haramii/","Rene_Haramii","https://www.tradingview.com/u/Rene_Haramii/","30/04/2026","2","0","82","Cycles | Trend Analysis","200"
"B52 BOMBER V7","https://www.tradingview.com/script/zBRXRS6U-B52-BOMBER-V7/","lohanineeraj","https://www.tradingview.com/u/lohanineeraj/","30/04/2026","2","0","133","Breadth Indicators | Candlestick analysis | Chart patterns","200"
"CPR Expansion Planner [AGPro Series]","https://www.tradingview.com/script/hHJMgMje-CPR-Expansion-Planner-AGPro-Series/","AGProLabs","https://www.tradingview.com/u/AGProLabs/","30/04/2026","8","0","150","BREAKOUT-QUALITY | central-pivot-range | CPR | expansion | intraday | pivot | planning | risk | session | Trend Analysis","200"
"Trend Re-Entry Planner [AGPro Series]","https://www.tradingview.com/script/FXYZ4JJl-Trend-Re-Entry-Planner-AGPro-Series/","AGProLabs","https://www.tradingview.com/u/AGProLabs/","30/04/2026","9","0","186","ema-trend | execution-readiness | pullback | re-entry | RISK-EDGE | setup-quality | target-room | Trend Analysis | trend-continuation | trend-planner","200"
"Absorcion Compradora y Vendedora","https://www.tradingview.com/script/UCb4IKjf/","somberHunter65249","https://www.tradingview.com/u/somberHunter65249/","30/04/2026","3","0","92","Chart patterns","200"
"Zen Momentum - Alvin Kerremans","https://www.tradingview.com/script/IwwFYIkO-Zen-Momentum-Alvin-Kerremans/","jellylungs","https://www.tradingview.com/u/jellylungs/","30/04/2026","3","0","104","Candlestick analysis | Chart patterns | Relative Strength Index (RSI)","200"
"Low Vol Lateral Markets Detector - Line","https://www.tradingview.com/script/n4dirswn-Low-Vol-Lateral-Markets-Detector-Line/","Trader_rickp","https://www.tradingview.com/u/Trader_rickp/","30/04/2026","1","0","98","Oscillators | Trend Analysis | Volatility","200"
"CryptoZoso Trading Suite - Installer","https://www.tradingview.com/script/u011ukUc/","CryptoZoso","https://www.tradingview.com/u/CryptoZoso/","01/05/2026","18","0","283","Candlestick analysis | educational | Trend Analysis","200"
"Calculateur Position Futures Marshmello","https://www.tradingview.com/script/4XdoRPTE/","sofianeosm","https://www.tradingview.com/u/sofianeosm/","30/04/2026","2","0","74","marshmello | Portfolio management","200"
"Badawy_Macro Risk Dashboard","https://www.tradingview.com/script/EU5566uR/","ahmed_a_elbadawy","https://www.tradingview.com/u/ahmed_a_elbadawy/","30/04/2026","5","0","136","Bands and Channels | educational | Fundamental Analysis","200"
"MACD + RSI + MFI + A/D by Ismael","https://www.tradingview.com/script/jDwMEDrz/","sebastianroblesserpa","https://www.tradingview.com/u/sebastianroblesserpa/","30/04/2026","2","0","120","Moving Average Convergence / Divergence (MACD) | Money Flow Index (MFI) | Relative Strength Index (RSI)","200"
"A-Setup v9.3 + Wyckoff","https://www.tradingview.com/script/KYbdyZxk-A-Setup-v9-3-Wyckoff/","saivivek0192","https://www.tradingview.com/u/saivivek0192/","30/04/2026","10","0","185","Candlestick analysis | Chart patterns | Cycles","200"
"Range Rejection Planner [AGPro Series]","https://www.tradingview.com/script/L6DHe3u7-Range-Rejection-Planner-AGPro-Series/","AGProLabs","https://www.tradingview.com/u/AGProLabs/","30/04/2026","10","0","169","midline | price-action | price-action-trading | range-rejection | range-trading | rejection | risk-planning | setup-quality | Trend Analysis | wick-analysis","200"
"Retest Defense Planner [AGPro Series]","https://www.tradingview.com/script/6aozQtYD-Retest-Defense-Planner-AGPro-Series/","AGProLabs","https://www.tradingview.com/u/AGProLabs/","30/04/2026","11","0","203","defense | price-action | retest | risk-planning | setup-quality | target-room | Trade Management | trade-planner | trading-planner | Trend Analysis","200"
"Session Boxes Pro By Avish","https://www.tradingview.com/script/AWZGxIuo-Session-Boxes-Pro-By-Avish/","avishkarkumar000","https://www.tradingview.com/u/avishkarkumar000/","30/04/2026","3","0","129","Moving Averages | Pine utilities | Volume","200"
"Tectonic Ribbon Oscillator [JOAT]","https://www.tradingview.com/script/lokgy72N-Tectonic-Ribbon-Oscillator-JOAT/","officialjackofalltrades","https://www.tradingview.com/u/officialjackofalltrades/","02/05/2026","3","0","68","Centered Oscillators | Chart patterns | Divergence | histogram | indicator-free | indicators | Momentum Oscillators | regime | ribbon | spreadtrading | Trend Analysis | trendtrading","200"
"Atul Scalping MTF","https://www.tradingview.com/script/5RGtcvMJ-Atul-Scalping-MTF/","rishiatoul","https://www.tradingview.com/u/rishiatoul/","02/05/2026","3","1","37","Candlestick analysis | Moving Averages | multitimeframe","200"
"Institutional Flow Pro FIX","https://www.tradingview.com/script/cqBzK2cQ/","franchu_tp","https://www.tradingview.com/u/franchu_tp/","02/05/2026","2","0","63","Bands and Channels | Bill Williams Indicators | Breadth Indicators","200"
"Atul Scalping MTF","https://www.tradingview.com/script/HCPhtndR-Atul-Scalping-MTF/","rishiatoul","https://www.tradingview.com/u/rishiatoul/","02/05/2026","1","0","40","Candlestick analysis | Moving Averages | multitimeframe","200"
"Full Session Structure: AMD, MAs & Positions(jays edition)","https://www.tradingview.com/script/49c3ymSa-Full-Session-Structure-AMD-MAs-Positions-jays-edition/","lonewolfceo","https://www.tradingview.com/u/lonewolfceo/","02/05/2026","1","0","51","Bands and Channels | Breadth Indicators | Cycles","200"
"SSL Channel Signal Line","https://www.tradingview.com/script/23x7EqJz-SSL-Channel-Signal-Line/","CareExtended","https://www.tradingview.com/u/CareExtended/","02/05/2026","1","0","43","educational | Fundamental Analysis | Trend Analysis","200"
"eXeTRADE Main  Dual Score Signal Indicator","https://www.tradingview.com/script/8KrjVUFv/","eXeTrade","https://www.tradingview.com/u/eXeTrade/","02/05/2026","4","0","77","backtest | Bands and Channels | channeltrend | Fibonacci Retracement | ichimoku_trader | moving_average | Moving Averages | pivotlevels | supportandresistancezones | Trend Analysis | trendtrading","200"
"Reversal Score Table | Swing Trade","https://www.tradingview.com/script/1Z04rVmc-Reversal-Score-Table-Swing-Trade/","SkaleHub","https://www.tradingview.com/u/SkaleHub/","02/05/2026","0","0","33","Bands and Channels | Moving Averages | Pivot points and levels","200"
"SMC Session Volume & Delta Tracker","https://www.tradingview.com/script/QIUvUeIs/","Araldo62","https://www.tradingview.com/u/Araldo62/","02/05/2026","0","0","44","Breadth Indicators","200"
"Flujo de Capital PRO (RSI Flow Expander)","https://www.tradingview.com/script/XcDiqi13/","franchu_tp","https://www.tradingview.com/u/franchu_tp/","02/05/2026","2","0","49","Bands and Channels | Breadth Indicators | Chart patterns","200"
"NY Engulfing Strategy (Closed Candle)","https://www.tradingview.com/script/RvJAGm2t-NY-Engulfing-Strategy-Closed-Candle/","rgower123","https://www.tradingview.com/u/rgower123/","02/05/2026","0","0","29","Chart patterns | Moving Averages | Simple Moving Average (SMA)","200"
"Financial Data Table","https://www.tradingview.com/script/6GlSalGe-Financial-Data-Table/","GoldenAlgoTrader","https://www.tradingview.com/u/GoldenAlgoTrader/","02/05/2026","0","0","28","educational | forecasting","200"
"v34 Inside / Outside Bar Levels","https://www.tradingview.com/script/cd4xz7eu-v34-Inside-Outside-Bar-Levels/","md45368","https://www.tradingview.com/u/md45368/","02/05/2026","0","0","18","Chart patterns","200"
"ZigZag UZZ / LZZ Body Levels","https://www.tradingview.com/script/nlArotTH-ZigZag-UZZ-LZZ-Body-Levels/","md45368","https://www.tradingview.com/u/md45368/","02/05/2026","0","0","20","Candlestick analysis","200"
"Berg EPS Line + Estimate","https://www.tradingview.com/script/hhtWe9uC-Berg-EPS-Line-Estimate/","AryaJedi","https://www.tradingview.com/u/AryaJedi/","02/05/2026","1","0","50","Bands and Channels | Bill Williams Indicators | Breadth Indicators","200"
"VWAP - Handoff (Last Globex Touch)","https://www.tradingview.com/script/11wEqPV5-VWAP-Handoff-Last-Globex-Touch/","CzechMate06","https://www.tradingview.com/u/CzechMate06/","02/05/2026","1","0","60","autoanchoredvwap | globex | handoff | label | Volume Weighted Average Price (VWAP)","200"
"CWOP Legacy Model","https://www.tradingview.com/script/OrUQYoX2-CWOP-Legacy-Model/","cpfinance08","https://www.tradingview.com/u/cpfinance08/","02/05/2026","1","0","34","Candlestick analysis | Chart patterns | Pine utilities","200"
"Stoch RSI Threshold Entry Signals","https://www.tradingview.com/script/42mt7Pe6-Stoch-RSI-Threshold-Entry-Signals/","grazzeee","https://www.tradingview.com/u/grazzeee/","02/05/2026","3","0","64","forecasting | Stochastic RSI (STOCH RSI)","200"
"OilFlow WTI Weekly Scenario Map","https://www.tradingview.com/script/44hCN11u-OilFlow-WTI-Weekly-Scenario-Map/","EvanColeO","https://www.tradingview.com/u/EvanColeO/","02/05/2026","0","0","30","Trend Analysis","200"
"OilFlow WTI Weekly Scenario Map","https://www.tradingview.com/script/LJPmOtGq-OilFlow-WTI-Weekly-Scenario-Map/","EvanColeO","https://www.tradingview.com/u/EvanColeO/","02/05/2026","2","0","26","Trend Analysis","200"
"OilFlow WTI Key Levels Map","https://www.tradingview.com/script/YmAJSFEb-OilFlow-WTI-Key-Levels-Map/","EvanColeO","https://www.tradingview.com/u/EvanColeO/","02/05/2026","1","0","24","Trend Analysis","200"
"Relative Strength Index","https://www.tradingview.com/script/4Hpqpj4O-Relative-Strength-Index/","traderahul11","https://www.tradingview.com/u/traderahul11/","02/05/2026","1","0","24","Bands and Channels","200"
"EMA 24h","https://www.tradingview.com/script/hseqvStH/","Shibuya13","https://www.tradingview.com/u/Shibuya13/","02/05/2026","0","0","47","Moving Averages | sentiment | Trend Analysis","200"
"ADX Background Highlight","https://www.tradingview.com/script/2UNj04lc-ADX-Background-Highlight/","hedge2","https://www.tradingview.com/u/hedge2/","02/05/2026","0","0","44","Average Directional Index (ADX) | CHOP | choppy | notrend | rangingmarket","200"
"@tom_w777 Turtles and EMA200 BB","https://www.tradingview.com/script/yyDL1Dq0-tom-w777-Turtles-and-EMA200-BB/","tom_w777","https://www.tradingview.com/u/tom_w777/","02/05/2026","1","0","42","Bands and Channels | statistics","200"
"MTF Stoch RSI Threshold Entry Signals V3","https://www.tradingview.com/script/weR89w9v-MTF-Stoch-RSI-Threshold-Entry-Signals-V3/","grazzeee","https://www.tradingview.com/u/grazzeee/","02/05/2026","0","0","70","Stochastic RSI (STOCH RSI)","200"
"v30 Inside / Outside Bar Levels","https://www.tradingview.com/script/AroIXpRc-v30-Inside-Outside-Bar-Levels/","md45368","https://www.tradingview.com/u/md45368/","02/05/2026","0","0","24","Chart patterns","200"
"Jepps cRSI","https://www.tradingview.com/script/JknqBQWG-Jepps-cRSI/","tingj","https://www.tradingview.com/u/tingj/","02/05/2026","1","0","135","Bands and Channels | Relative Strength Index (RSI)","200"
"Dynamic SL - 50 Ticks (Up and Down)","https://www.tradingview.com/script/UWhkujH0-Dynamic-SL-50-Ticks-Up-and-Down/","ChatQ","https://www.tradingview.com/u/ChatQ/","02/05/2026","1","0","28","Bands and Channels","200"
"Dynamic SL - 75 Ticks (Up and Down)","https://www.tradingview.com/script/CBUfMVdv-Dynamic-SL-75-Ticks-Up-and-Down/","ChatQ","https://www.tradingview.com/u/ChatQ/","02/05/2026","1","0","22","Bands and Channels","200"
"SMC Session Volume Tracker","https://www.tradingview.com/script/CscBIqkJ/","Araldo62","https://www.tradingview.com/u/Araldo62/","02/05/2026","0","0","67","Breadth Indicators","200"
"SMC Session Range Converter Pro (%)","https://www.tradingview.com/script/Yq0mWP7e/","Araldo62","https://www.tradingview.com/u/Araldo62/","02/05/2026","0","0","61","Breadth Indicators","200"
"Distance from Moving Average (%) Daily & Weekly","https://www.tradingview.com/script/q7UauEzc-Distance-from-Moving-Average-Daily-Weekly/","HugoPereira_NL_Phi","https://www.tradingview.com/u/HugoPereira_NL_Phi/","02/05/2026","0","0","32","Bands and Channels | Chart patterns | Cycles","200"
"CWOP","https://www.tradingview.com/script/EKhn2GP3-CWOP/","cpfinance08","https://www.tradingview.com/u/cpfinance08/","02/05/2026","1","0","67","Cycles | Fractal | Harmonic Patterns","200"
"v30 Inside / Outside Bar Levels","https://www.tradingview.com/script/EPVBjxqT-v30-Inside-Outside-Bar-Levels/","md45368","https://www.tradingview.com/u/md45368/","02/05/2026","0","0","57","Chart patterns","200"
"Gold Pivot Levels + Signals","https://www.tradingview.com/script/crq3U6Q9-Gold-Pivot-Levels-Signals/","TylerFrancis06","https://www.tradingview.com/u/TylerFrancis06/","02/05/2026","2","0","84","Pivot points and levels","200"
"Relative ATR (rATR)","https://www.tradingview.com/script/8J0XRzba-Relative-ATR-rATR/","m_kellershoff","https://www.tradingview.com/u/m_kellershoff/","02/05/2026","1","0","68","Average True Range (ATR) | Volatility","200"
"Multi-Timeframe RSI w/ Bias Analysis","https://www.tradingview.com/script/CLlj2txe-Multi-Timeframe-RSI-w-Bias-Analysis/","teenytinyfx","https://www.tradingview.com/u/teenytinyfx/","01/05/2026","1","0","51","Bands and Channels | Candlestick analysis | Chart patterns","200"
"Multi-Timeframe RSI w/ Bias Analysis","https://www.tradingview.com/script/dabLZHSp-Multi-Timeframe-RSI-w-Bias-Analysis/","teenytinyfx","https://www.tradingview.com/u/teenytinyfx/","01/05/2026","0","0","37","Bands and Channels | Candlestick analysis | Chart patterns","200"
"US Election Cycle GV","https://www.tradingview.com/script/FBKgzAom-US-Election-Cycle-GV/","Virk48","https://www.tradingview.com/u/Virk48/","01/05/2026","2","0","39","Cycles","200"
"Multi-Timeframe RSI w/ Bias Analysis 2","https://www.tradingview.com/script/hw2kjg2S-Multi-Timeframe-RSI-w-Bias-Analysis-2/","teenytinyfx","https://www.tradingview.com/u/teenytinyfx/","01/05/2026","0","0","34","Bands and Channels | Candlestick analysis | Chart patterns","200"
"Multi-Timeframe RSI w/ Bias Analysis 1","https://www.tradingview.com/script/pn36Rz28-Multi-Timeframe-RSI-w-Bias-Analysis-1/","teenytinyfx","https://www.tradingview.com/u/teenytinyfx/","01/05/2026","0","0","33","Bands and Channels | Candlestick analysis | Chart patterns","200"
"Multi-Timeframe RSI (4x)","https://www.tradingview.com/script/qVjh3ZY3-Multi-Timeframe-RSI-4x/","teenytinyfx","https://www.tradingview.com/u/teenytinyfx/","01/05/2026","0","0","35","Candlestick analysis | Chart patterns","200"
"Position Calculator - V","https://www.tradingview.com/script/Zdj4JDGe/","vitbrook","https://www.tradingview.com/u/vitbrook/","01/05/2026","1","0","57","Candlestick analysis | Chart patterns | Cycles","200"
"ATR with Percentage","https://www.tradingview.com/script/l4QDZCby-ATR-with-Percentage/","elady","https://www.tradingview.com/u/elady/","01/05/2026","1","0","34","educational | Volatility","200"
"MTF Midpoint Levels V1.2","https://www.tradingview.com/script/G5YEdpyX-MTF-Midpoint-Levels-V1-2/","sagelaiho","https://www.tradingview.com/u/sagelaiho/","01/05/2026","0","0","65","Candlestick analysis | Chart patterns | Pivot points and levels","200"
"Liquidity Sweep + iFVG Transitions (ATR Filter)","https://www.tradingview.com/script/szOhsVTg-Liquidity-Sweep-iFVG-Transitions-ATR-Filter/","dhingrashivanker","https://www.tradingview.com/u/dhingrashivanker/","01/05/2026","0","0","73","Candlestick analysis","200"
"Bull Market Support Band + STD Deviation Levels","https://www.tradingview.com/script/b0t5bZw3-Bull-Market-Support-Band-STD-Deviation-Levels/","Soveriegn_SE","https://www.tradingview.com/u/Soveriegn_SE/","01/05/2026","0","0","55","Bands and Channels | Chart patterns","200"
"Moving Average Ribbon 14","https://www.tradingview.com/script/RRuwKnje-Moving-Average-Ribbon-14/","delux9285","https://www.tradingview.com/u/delux9285/","01/05/2026","1","0","53","Bands and Channels | Chart patterns","200"
"Arth - EMA Cloud + IV + Closing Range %","https://www.tradingview.com/script/YtiidhvI-Arth-EMA-Cloud-IV-Closing-Range/","Abiramalatha","https://www.tradingview.com/u/Abiramalatha/","01/05/2026","0","0","56","Moving Averages | Pivot points and levels | Volume","200"
"WTI Crude Oil 4H: Testing $102.50 Support After Pullback","https://www.tradingview.com/script/CegHpvca-WTI-Crude-Oil-4H-Testing-102-50-Support-After-Pullback/","EvanColeO","https://www.tradingview.com/u/EvanColeO/","01/05/2026","1","0","74","Trend Analysis","200"
"15-Min ORB % Retrace","https://www.tradingview.com/script/rUikFSdG-15-Min-ORB-Retrace/","alin_dorneanu","https://www.tradingview.com/u/alin_dorneanu/","01/05/2026","0","0","51","Cycles | sentiment | Volume","200"
"Average density V11","https://www.tradingview.com/script/0KsiBCzg/","xiao050292","https://www.tradingview.com/u/xiao050292/","01/05/2026","2","0","71","Candlestick analysis","200"
"Fusstrade zones + EMA Clouds 01.05 Update","https://www.tradingview.com/script/HZ4F7wIk-Fusstrade-zones-EMA-Clouds-01-05-Update/","ZappleP","https://www.tradingview.com/u/ZappleP/","01/05/2026","0","0","37","Bands and Channels | Candlestick analysis | Cycles","200"
"BTC Dom IcebergCrypto.io","https://www.tradingview.com/script/OD3OlKpE-BTC-Dom-IcebergCrypto-io/","IcebergCrypto","https://www.tradingview.com/u/IcebergCrypto/","01/05/2026","1","0","60","btcdominance | Cycles | Fundamental Analysis | sentiment","200"
"4 Moving Average/Ribbon + VWAP","https://www.tradingview.com/script/gtijnhMU-4-Moving-Average-Ribbon-VWAP/","santoshdugad","https://www.tradingview.com/u/santoshdugad/","01/05/2026","1","0","44","Bands and Channels","200"
"Timer Alert Candela","https://www.tradingview.com/script/bPxaBI1m/","Mino_Forleo","https://www.tradingview.com/u/Mino_Forleo/","01/05/2026","3","0","48","Cycles","200"
"Davies True Day Open Sniper","https://www.tradingview.com/script/VRk2nC96-Davies-True-Day-Open-Sniper/","ugodavis10","https://www.tradingview.com/u/ugodavis10/","01/05/2026","5","0","98","forecasting | Moving Averages | Trend Analysis","200"
"Rolling VWAP by Avenoir","https://www.tradingview.com/script/ltyD3J6F-Rolling-VWAP-by-Avenoir/","AVENOIRxbt","https://www.tradingview.com/u/AVENOIRxbt/","01/05/2026","1","0","69","Volume Weighted Average Price (VWAP)","200"
"150 Day Moving Average","https://www.tradingview.com/script/kGfZJzqM-150-Day-Moving-Average/","johandesilva","https://www.tradingview.com/u/johandesilva/","01/05/2026","0","0","58","Bands and Channels","200"
"Volume To Bar Range Ratio","https://www.tradingview.com/script/GMHebo6d-Volume-To-Bar-Range-Ratio/","Davis_Goff","https://www.tradingview.com/u/Davis_Goff/","01/05/2026","0","0","80","absorption | liquidity | price | pricevolumeanalysis | range | ratio | Volatility | volumepriceanalysis | Volume","200"
"SR Zones","https://www.tradingview.com/script/vMERdTGZ-SR-Zones/","ItsSi","https://www.tradingview.com/u/ItsSi/","01/05/2026","1","0","54","Bands and Channels | Chart patterns | Moving Averages","200"
"Current Timeframe Display","https://www.tradingview.com/script/p8ijsHXf-Current-Timeframe-Display/","sugariseyear","https://www.tradingview.com/u/sugariseyear/","01/05/2026","1","0","64","multitimeframe","200"
"Malloy Labs: Apex Matrix","https://www.tradingview.com/script/ZBm5aFQQ-Malloy-Labs-Apex-Matrix/","MalloyLabs","https://www.tradingview.com/u/MalloyLabs/","30/04/2026","2","0","53","Cycles | multitimeframe | sentiment","200"
"Variance Ratio Regime Classifier [PickMyTrade]","https://www.tradingview.com/script/oZYdNeW7-Variance-Ratio-Regime-Classifier-PickMyTrade/","PickMyTrade_Official","https://www.tradingview.com/u/PickMyTrade_Official/","30/04/2026","2","0","120","statistics | Trend Analysis | Volatility","200"
"Doble KAMA / MA Adaptativa + ADX (Cruce Tendencia)","https://www.tradingview.com/script/5nA8WxGQ/","verdia1985","https://www.tradingview.com/u/verdia1985/","30/04/2026","0","0","57","Moving Averages","200"
"Doble KAMA / MA Adaptativa + ADX (Cruce Tendencia)","https://www.tradingview.com/script/VDcGDiJS/","verdia1985","https://www.tradingview.com/u/verdia1985/","30/04/2026","0","1","54","Chart patterns","200"
"Astro Watermark","https://www.tradingview.com/script/y1e4KHgs-Astro-Watermark/","Astrologicaltrade","https://www.tradingview.com/u/Astrologicaltrade/","30/04/2026","1","0","65","astrologicaltrade | Bands and Channels","200"
"VWAP Session & NY Cash + Live Footprint","https://www.tradingview.com/script/sp2Hoc95-VWAP-Session-NY-Cash-Live-Footprint/","sheazadjiwani","https://www.tradingview.com/u/sheazadjiwani/","30/04/2026","19","0","262","Bands and Channels","200"
"S/R_FVG_TMA_FIXv2","https://www.tradingview.com/script/yzI4o9HS/","CryptoZoso","https://www.tradingview.com/u/CryptoZoso/","01/05/2026","50","0","612","educational | Pivot points and levels | Trend Analysis","200"
"Buy/Sell Volume (Intrabar CVD)","https://www.tradingview.com/script/8ihqZTNY-Buy-Sell-Volume-Intrabar-CVD/","Vanhamersly","https://www.tradingview.com/u/Vanhamersly/","30/04/2026","20","0","249","Candlestick analysis | Volatility | Volume","200"
"Trap Failure Planner [AGPro Series]","https://www.tradingview.com/script/ja26CNqA-Trap-Failure-Planner-AGPro-Series/","AGProLabs","https://www.tradingview.com/u/AGProLabs/","30/04/2026","6","0","121","control-return | execution-readiness | failed-trap | false-break-recovery | price-action | risk-planning | trading-planner | trap-failure | trap-thesis | Trend Analysis","200"
"KeyTouch-MTF by PCU","https://www.tradingview.com/script/ZZ94xIno/","hd27042016","https://www.tradingview.com/u/hd27042016/","30/04/2026","74","0","596","Bands and Channels | Chart patterns","200"
"Daily Open, Previous Open & Close Markers","https://www.tradingview.com/script/TgVw4OTu/","WhiteRaven_tradez","https://www.tradingview.com/u/WhiteRaven_tradez/","30/04/2026","4","0","76","Cycles","200"
"SMC CHOCH BOS Dual Structure + Candle Color v6","https://www.tradingview.com/script/hS3eDb2C/","rodrigodearantes2022","https://www.tradingview.com/u/rodrigodearantes2022/","30/04/2026","35","0","472","choch-bos-strategy | forecasting | multitimeframe | smcconcepts | Trend Analysis","200"
"Hikks Macro Timer - pub","https://www.tradingview.com/script/56cWrI30-Hikks-Macro-Timer-pub/","HikksTrades","https://www.tradingview.com/u/HikksTrades/","30/04/2026","13","0","274","Chart patterns","200"
"Hikks Break of Structure - pub","https://www.tradingview.com/script/h89iaeyT-Hikks-Break-of-Structure-pub/","HikksTrades","https://www.tradingview.com/u/HikksTrades/","30/04/2026","9","0","170","Candlestick analysis","200"
"Stop Run Reversal Planner [AGPro Series]","https://www.tradingview.com/script/e8AVlbrV-Stop-Run-Reversal-Planner-AGPro-Series/","AGProLabs","https://www.tradingview.com/u/AGProLabs/","30/04/2026","367","1","3341","failed-breakout | liquidity-sweep | price-action | reclaim | reversal-planner | risk-planning | stop-hunt | stop-run | Trend Analysis | wick-rejection","200"
"Bitcoin CAGR Analysis | Astral Vision","https://www.tradingview.com/script/K9DvPZyj/","AstralVision","https://www.tradingview.com/u/AstralVision/","30/04/2026","16","0","181","Cycles | statistics | Trend Analysis","200"
"Wolf ICT Master v2","https://www.tradingview.com/script/UdRBO3UR-Wolf-ICT-Master-v2/","Wolfbrah","https://www.tradingview.com/u/Wolfbrah/","30/04/2026","29","0","386","Candlestick analysis","200"
"Rotating Messages [YM]","https://www.tradingview.com/script/CApnRAn8/","YerayMoya","https://www.tradingview.com/u/YerayMoya/","30/04/2026","3","0","113","dashboard | educational | mindset | Portfolio management | psychology | rules | sentiment | utility","200"
"Stop Run Continuation Planner [AGPro Series]","https://www.tradingview.com/script/ElQso2WK-Stop-Run-Continuation-Planner-AGPro-Series/","AGProLabs","https://www.tradingview.com/u/AGProLabs/","30/04/2026","14","0","220","continuation | execution-readiness | invalidation | liquidity | risk-planning | setup-quality | stop-run | target-room | trade-planner | Trend Analysis","200"
"CRT - RakhmanovFX","https://www.tradingview.com/script/ZbBAhEzZ-CRT-RakhmanovFX/","rakhmanovfx","https://www.tradingview.com/u/rakhmanovfx/","30/04/2026","118","0","981","Candlestick analysis","200"
"Perfect MACD Signal Long & Short","https://www.tradingview.com/script/61R87V7g-perfect-macd-signal-long-short/","KonstantinR84","https://www.tradingview.com/u/KonstantinR84/","30/04/2026","16","0","249","Bands and Channels | Candlestick analysis | Chart patterns","200"
"BTC BB + RSI + EMA200 + Divergence [FIXED]","https://www.tradingview.com/script/n74KVL2l-btc-bb-rsi-ema200-divergence-fixed/","u68","https://www.tradingview.com/u/u68/","30/04/2026","21","0","323","Bands and Channels","200"
"Crypto Sector Rotation Radar Pro | Altseason & Memecoin Tracker","https://www.tradingview.com/script/1b41I6UH-Crypto-Sector-Rotation-Radar-Pro-Altseason-Memecoin-Tracker/","DeltaSpeedEdge","https://www.tradingview.com/u/DeltaSpeedEdge/","30/04/2026","13","0","159","altseason | bitcoinprice | Breadth Indicators | cryptomarket | Cycles | dashboard | dominance | memecoin | momentumstrategy | rotation | sectorrotation | Trend Analysis","200"
"Blood Moons  | Astral Vision","https://www.tradingview.com/script/ht95tfby/","AstralVision","https://www.tradingview.com/u/AstralVision/","30/04/2026","7","0","157","Cycles | forecasting | Pivot points and levels","200"
"Sullys Sorcery Levels V2 by TenAMTrader","https://www.tradingview.com/script/fA4GgFfC-Sullys-Sorcery-Levels-V2-by-TenAMTrader/","TenAM_Trader","https://www.tradingview.com/u/TenAM_Trader/","30/04/2026","21","0","185","Pivot points and levels","200"
"Squeeze BB // VWAP //  POC","https://www.tradingview.com/script/zsfIa1tM/","AlexCallOption","https://www.tradingview.com/u/AlexCallOption/","30/04/2026","4","0","138","Bands and Channels | Volatility | Volume","200"
"PVSRA Public","https://www.tradingview.com/script/Hgg0r4Oz/","CryptoZoso","https://www.tradingview.com/u/CryptoZoso/","30/04/2026","5","0","131","educational | Moving Averages | Volume","200"
"Professional 15m ORB + 5m Confirmation + 5 Bar Cooldown","https://www.tradingview.com/script/UcoY3c9b-Professional-15m-ORB-5m-Confirmation-5-Bar-Cooldown/","SkaleHub","https://www.tradingview.com/u/SkaleHub/","30/04/2026","9","0","182","Bands and Channels | Candlestick analysis | Chart patterns","200"
"Goldwave Trend & Extremes | Astral Vision","https://www.tradingview.com/script/Mz3MLKr7/","AstralVision","https://www.tradingview.com/u/AstralVision/","30/04/2026","40","0","367","Moving Averages | Oscillators | Trend Analysis","200"
"Studio SMS: Volume-Confirmed Fair Value Gaps","https://www.tradingview.com/script/kOKW3hAO-Studio-SMS-Volume-Confirmed-Fair-Value-Gaps/","studioAlgo","https://www.tradingview.com/u/studioAlgo/","30/04/2026","290","0","3419","Fundamental Analysis | Trend Analysis | Volume","200"
"Intraday Key Levels","https://www.tradingview.com/script/QdHj3xiA-Intraday-Key-Levels/","mtrades900","https://www.tradingview.com/u/mtrades900/","30/04/2026","0","0","81","Chart patterns | options | Trend Analysis","200"
"AHR999 | Astral Vision","https://www.tradingview.com/script/NvVCK9bE/","AstralVision","https://www.tradingview.com/u/AstralVision/","30/04/2026","20","0","251","Bands and Channels | Cycles | forecasting","200"
"Put Strike Ladder [ThetaLoop]","https://www.tradingview.com/script/XkLTQ5f1-Put-Strike-Ladder-ThetaLoop/","ThetaLoop","https://www.tradingview.com/u/ThetaLoop/","30/04/2026","6","0","140","educational | options | statistics","200"
"Opening Pullback Planner [AGPro Series]","https://www.tradingview.com/script/ZDApgmmt-Opening-Pullback-Planner-AGPro-Series/","AGProLabs","https://www.tradingview.com/u/AGProLabs/","30/04/2026","16","0","187","continuation-score | execution-readiness | opening-pullback | pullback-planner | RISK-EDGE | session-trading | setup-quality | target-room | trade-planning | Trend Analysis","200"
"Notification","https://www.tradingview.com/script/kYcI906O/","summer712","https://www.tradingview.com/u/summer712/","02/05/2026","38","0","330","Candlestick analysis | Chart patterns","200"
"BB + ADX + UT Bot + Market Structure - Fusion Strategy","https://www.tradingview.com/script/XwHLXHSa/","CryptoZoso","https://www.tradingview.com/u/CryptoZoso/","01/05/2026","19","0","280","Bollinger Bands (BB) | educational | Trend Analysis","200"
"[SW Lab] Signal Decay Monitor","https://www.tradingview.com/script/VOGomEvw-SW-Lab-Signal-Decay-Monitor/","S1monWu","https://www.tradingview.com/u/S1monWu/","30/04/2026","0","0","73","statistics","200"
"Volume + MA","https://www.tradingview.com/script/nvdZWEbY-volume-ma/","KonstantinR84","https://www.tradingview.com/u/KonstantinR84/","30/04/2026","7","0","115","Candlestick analysis | Chart patterns","200"
"[SW Lab] Edge Analyzer","https://www.tradingview.com/script/4fipXPeI-SW-Lab-Edge-Analyzer/","S1monWu","https://www.tradingview.com/u/S1monWu/","30/04/2026","1","0","80","statistics","200"
"maXXit LevelTRG [V6 2.0]","https://www.tradingview.com/script/UBAwnPl6-maXXit-LevelTRG-V6-2-0/","maxxit007","https://www.tradingview.com/u/maxxit007/","30/04/2026","24","0","317","Cycles | Pine utilities | Wave Analysis","200"
"Smart Money Concepts [Quantum Algo]","https://www.tradingview.com/script/SRsr9SLs-Smart-Money-Concepts-Quantum-Algo/","Quantum-Algo","https://www.tradingview.com/u/Quantum-Algo/","30/04/2026","320","0","3011","Cycles | education | educational | ict | quantumalgo | smartmoneysetup | Technical Analysis | trendanalyse | Trend Analysis","200"
"HTF Levels + ORB + VWAP + Volume Panel + HTF EMAs + Pre-Market","https://www.tradingview.com/script/GwUUpPCo-HTF-Levels-ORB-VWAP-Volume-Panel-HTF-EMAs-Pre-Market/","jgtrades21","https://www.tradingview.com/u/jgtrades21/","30/04/2026","6","0","179","Moving Averages | Pine utilities | Pivot points and levels","200"
"LiquidityPulse Defended Order Levels ATR Adaptive Non-Repaint","https://www.tradingview.com/script/aBlzO7i5-LiquidityPulse-Defended-Order-Levels-ATR-Adaptive-Non-Repaint/","Liquidity-Pulse","https://www.tradingview.com/u/Liquidity-Pulse/","30/04/2026","16","0","241","Candlestick analysis | Chart patterns | Pivot points and levels","200"
"Master Toolkit [Overlay] - 40+ Built-ins","https://www.tradingview.com/script/Ma3HxTUG/","luis_barlier","https://www.tradingview.com/u/luis_barlier/","30/04/2026","9","0","164","Bands and Channels | Bill Williams Indicators | Chart patterns","200"
"M1 Liquidity Sweep + FVG + Trend Filter","https://www.tradingview.com/script/L4lGLj6P-M1-Liquidity-Sweep-FVG-Trend-Filter/","Ruqaiyaalraisi","https://www.tradingview.com/u/Ruqaiyaalraisi/","30/04/2026","21","0","263","Moving Averages | multitimeframe | options","200"
"3AK On Balance Turnover [OBT]","https://www.tradingview.com/script/Gl6cIYYA-3AK-On-Balance-Turnover-OBT/","ak3_dg","https://www.tradingview.com/u/ak3_dg/","30/04/2026","4","0","145","breakout | Momentum Indicator (MOM) | Price Volume Trend (PVT) | Trend Analysis | Trend Line Break | turnover","200"
"SAR + Supertrend + ADX Master (Indicator)","https://www.tradingview.com/script/wrB7mOwB-SAR-Supertrend-ADX-Master-Indicator/","craigy1995","https://www.tradingview.com/u/craigy1995/","30/04/2026","0","0","54","Candlestick analysis | Chart patterns | Cycles","200"
"FX Market Sessions By YukoInvest","https://www.tradingview.com/script/E8eBpQRh/","YukoInvest","https://www.tradingview.com/u/YukoInvest/","30/04/2026","2","0","123","Chart patterns | Cycles | Fundamental Analysis","200"
"MSNR  CISD SMT Divergence","https://www.tradingview.com/script/QwKf9726-MSNR-CISD-SMT-Divergence/","winhtetnaing405","https://www.tradingview.com/u/winhtetnaing405/","30/04/2026","40","0","437","Chart patterns | educational | Fractal","200"
"Ultimate FVG/NWOG By FreedomByCharts","https://www.tradingview.com/script/94J8o4i6-Ultimate-FVG-NWOG-By-FreedomByCharts/","FreedomByFutures","https://www.tradingview.com/u/FreedomByFutures/","01/05/2026","29","0","355","Chart patterns | fairvaluegap | fvg | ict | ifvg | imbalance | multipletimeframe | multitimeframe | nwog | SMT | Support and Resistance | supportandresitance","200"
"SMC Setup: Sweep + CHoCH + FVG v21.1","https://www.tradingview.com/script/HIlQgly0-SMC-Setup-Sweep-CHoCH-FVG-v21-1/","shinattey","https://www.tradingview.com/u/shinattey/","30/04/2026","23","0","283","educational | liquidity | liquiditygrab | liquiditysweep | Trend Analysis | Volatility","200"
"SOL Master 3-in-1 | ST + ADX + Volume + HTF Fib (Indicator)","https://www.tradingview.com/script/f3Bnh0bg-SOL-Master-3-in-1-ST-ADX-Volume-HTF-Fib-Indicator/","craigy1995","https://www.tradingview.com/u/craigy1995/","30/04/2026","2","0","107","Bands and Channels | Candlestick analysis | Chart patterns","200"
"DOGE Master | ST + ADX + BB + SAR + Volume (Indicator)","https://www.tradingview.com/script/BK6Sh5lj-DOGE-Master-ST-ADX-BB-SAR-Volume-Indicator/","craigy1995","https://www.tradingview.com/u/craigy1995/","30/04/2026","3","0","108","Bands and Channels | Breadth Indicators | Chart patterns","200"
"Donchian Middle EMA Direction","https://www.tradingview.com/script/nTqkLxjC-Donchian-Middle-EMA-Direction/","drrami","https://www.tradingview.com/u/drrami/","30/04/2026","7","0","178","Bands and Channels","200"
"HTF FVG Scanner - Filtered","https://www.tradingview.com/script/jeXXB4hK/","corrado_divittorio","https://www.tradingview.com/u/corrado_divittorio/","30/04/2026","7","0","134","educational | multitimeframe","200"
"key level -she trades","https://www.tradingview.com/script/23nhaZHf-key-level-she-trades/","cutie_life","https://www.tradingview.com/u/cutie_life/","01/05/2026","51","2","551","Pivot points and levels | support-and-resistance | Support and Resistance | support-and-resistance-levels","200"
"Advanced Risk Calculator","https://www.tradingview.com/script/NiZzRS37-Advanced-Risk-Calculator/","lisianbala123","https://www.tradingview.com/u/lisianbala123/","30/04/2026","3","0","61","calculator | Chart patterns | risk","200"
"Trade Checklist","https://www.tradingview.com/script/LDeYJGei-Trade-Checklist/","lasgin_b2007","https://www.tradingview.com/u/lasgin_b2007/","30/04/2026","7","0","135","Fundamental Analysis | gang | Volume | Wave Analysis","200"
"Failed Pullback Reversal Planner [AGPro Series]","https://www.tradingview.com/script/gc2VR8OV-Failed-Pullback-Reversal-Planner-AGPro-Series/","AGProLabs","https://www.tradingview.com/u/AGProLabs/","30/04/2026","8","0","175","failed-pullback | pullback-failure | pullback-strategy | reversal-planner | reversal-risk | risk-management | setup-quality | trade-planning | Trend Analysis | trend-pullback","200"
"Smart Volume Trend Signal with Scoring","https://www.tradingview.com/script/pgWtY585/","onur_sari","https://www.tradingview.com/u/onur_sari/","30/04/2026","4","0","74","Volume","200"
"TAKHTUPURIA GOLDEN CROSS","https://www.tradingview.com/script/10vynmBZ-TAKHTUPURIA-GOLDEN-CROSS/","hundredmilliondoller","https://www.tradingview.com/u/hundredmilliondoller/","30/04/2026","14","0","322","cross | emacross | forextrading | golden | Moving Averages | takhtupuria | Trend Analysis | XAUUSD","200"
"$SPY Levels For Tomorrow: (used on 5/15min)","https://www.tradingview.com/script/eF60ecOl-SPY-Levels-For-Tomorrow-used-on-5-15min/","MdotCdotS","https://www.tradingview.com/u/MdotCdotS/","30/04/2026","10","1","140","Candlestick analysis | Pivot points and levels","200"
"Candle Rejection Quality Planner [AGPro Series]","https://www.tradingview.com/script/t5ySiees-Candle-Rejection-Quality-Planner-AGPro-Series/","AGProLabs","https://www.tradingview.com/u/AGProLabs/","30/04/2026","27","0","455","candlestickpattern | candlestick-patterns | Chart patterns | confirmation | price-action | rejection-candle | risk-management | trade-planning | Trend Analysis | wick-analysis","200"
"Almaghamsi Price Engineering Protocol (APEP).","https://www.tradingview.com/script/uDyFA0fB/","wmaghmsi","https://www.tradingview.com/u/wmaghmsi/","30/04/2026","7","0","114","sentiment | Trend Analysis | Volume","200"
"VWRA Optimal Volatility Harvesting (Corrected WD)","https://www.tradingview.com/script/uyr1MWM0-VWRA-Optimal-Volatility-Harvesting-Corrected-WD/","marcr826","https://www.tradingview.com/u/marcr826/","02/05/2026","1","0","90","Portfolio management | Trend Analysis | Volatility","200"
"Top & Bottom Sniper (Keltner)","https://www.tradingview.com/script/ujhVcyE4-Top-Bottom-Sniper-Keltner/","scnavi97","https://www.tradingview.com/u/scnavi97/","30/04/2026","28","0","353","Bill Williams Indicators","200"
"BIEN DONG VA BINH THUONG KHUNG H1","https://www.tradingview.com/script/mrGmMigX-BIEN-DONG-VA-BINH-THUONG-KHUNG-H1/","Supermarket2026","https://www.tradingview.com/u/Supermarket2026/","30/04/2026","3","0","95","Bands and Channels | Breadth Indicators | Candlestick analysis","200"
"7 Multi-Timeframe EMA Clouds","https://www.tradingview.com/script/JaDmLOiB-7-Multi-Timeframe-EMA-Clouds/","Metanaute","https://www.tradingview.com/u/Metanaute/","30/04/2026","10","0","152","Exponential Moving Average (EMA) | Moving Averages","200"
"TR / ATR / DATR Combined by Anupam Anand","https://www.tradingview.com/script/ITRsddEe-TR-ATR-DATR-Combined-by-Anupam-Anand/","anupam_anand1001","https://www.tradingview.com/u/anupam_anand1001/","30/04/2026","3","0","78","Moving Averages | Trend Analysis | Volatility","200"
"Trading Days - TraderSect","https://www.tradingview.com/script/gTgQRg47-Trading-Days-TraderSect/","dtaniguchi69","https://www.tradingview.com/u/dtaniguchi69/","01/05/2026","8","0","156","cycle | Cycles | scalpingcrypto","200"
"Triple RSI (5, 14, 21) - Custom TF & Colors","https://www.tradingview.com/script/vRjIAs9I/","l_zak79","https://www.tradingview.com/u/l_zak79/","30/04/2026","4","0","92","Bands and Channels | Cycles","200"
"Extreme Reversal Signals (Dual Band)","https://www.tradingview.com/script/RP8LYAK3-Extreme-Reversal-Signals-Dual-Band/","scnavi97","https://www.tradingview.com/u/scnavi97/","30/04/2026","7","0","156","Bill Williams Indicators","200"
"Monthly Vertical Lines","https://www.tradingview.com/script/I6dRXW3t-Monthly-Vertical-Lines/","venkattrading01","https://www.tradingview.com/u/venkattrading01/","30/04/2026","0","0","40","Cycles","200"
"Expansion Failure Planner [AGPro Series]","https://www.tradingview.com/script/M3UL28u9-Expansion-Failure-Planner-AGPro-Series/","AGProLabs","https://www.tradingview.com/u/AGProLabs/","30/04/2026","7","0","171","breakout-failure | execution-readiness | expansion | failure | price-action | price-action-trading | risk-planning | setup-quality | Trend Analysis","200"
"SMC - BUY and SELL Signal","https://www.tradingview.com/script/GnWfnYiN/","SyaifulArifky","https://www.tradingview.com/u/SyaifulArifky/","30/04/2026","26","0","377","Breadth Indicators | Candlestick analysis | Chart patterns","200"
"Trend-Health Filter (Traffic Light)","https://www.tradingview.com/script/CvfJDS3t-Trend-Health-Filter-Traffic-Light/","alwinjose","https://www.tradingview.com/u/alwinjose/","30/04/2026","4","0","94","educational | Trend Analysis | Volatility","200"
"Momentum v2 By KempotStywn3435","https://www.tradingview.com/script/Z9WA9mG7/","stywnm45","https://www.tradingview.com/u/stywnm45/","30/04/2026","21","0","271","Breadth Indicators | Candlestick analysis | Chart patterns","200"
"SMC/ICT Layer 1 Screener - HTF Zone READY","https://www.tradingview.com/script/qCfGeMJL/","Oscar-Lab","https://www.tradingview.com/u/Oscar-Lab/","30/04/2026","15","0","214","Moving Averages | multitimeframe | Trend Analysis","200"
"Momentum Pullback Continuation [AGPro Series]","https://www.tradingview.com/script/RWmUAX6z-Momentum-Pullback-Continuation-AGPro-Series/","AGProLabs","https://www.tradingview.com/u/AGProLabs/","30/04/2026","14","0","252","continuation | momentum-analysis | pullback | risk-planning | setup-quality | target-room | trading-planner | Trend Analysis | trend-continuation","200"
"On-Chain Z-Score Composite","https://www.tradingview.com/script/qrBbwjW2/","Louis_Mietzner","https://www.tradingview.com/u/Louis_Mietzner/","30/04/2026","5","0","135","Cycles","200"
"Magnetic Field Detector [forexobroker]","https://www.tradingview.com/script/4CR3MUO3-Magnetic-Field-Detector-forexobroker/","forexobroker","https://www.tradingview.com/u/forexobroker/","30/04/2026","7","0","169","Chart patterns | Trend Analysis | Volume","200"
"Level Markers - Disconnected By Lincoln Khan (V5)","https://www.tradingview.com/script/V4XFQquy-Level-Markers-Disconnected-By-Lincoln-Khan-V5/","geekabc","https://www.tradingview.com/u/geekabc/","30/04/2026","0","0","47","Chart patterns | snp500","200"
"Liquidity Reclaim Planner [AGPro Series]","https://www.tradingview.com/script/sJgim1rw-Liquidity-Reclaim-Planner-AGPro-Series/","AGProLabs","https://www.tradingview.com/u/AGProLabs/","30/04/2026","42","1","484","failure-line | liquidity-reclaim | liquidity-sweep | reclaim-planner | risk-planning | smart-money-concepts | stop-hunt | sweep-reclaim | target-room | Trend Analysis","200"
"Level Markers - Disconnected by Lincoln Khan","https://www.tradingview.com/script/MruKb2ab-Level-Markers-Disconnected-by-Lincoln-Khan/","geekabc","https://www.tradingview.com/u/geekabc/","30/04/2026","1","0","52","Chart patterns | S&P 500 (SPX500)","200"
"Liquidity Structure & Order Flow","https://www.tradingview.com/script/xXbbBVb0-Liquidity-Structure-Order-Flow/","khaieconomic","https://www.tradingview.com/u/khaieconomic/","30/04/2026","11","0","247","Cycles","200"
"Volatility Cooldown Planner [AGPro Series]","https://www.tradingview.com/script/HkjzYr6T-Volatility-Cooldown-Planner-AGPro-Series/","AGProLabs","https://www.tradingview.com/u/AGProLabs/","30/04/2026","6","0","122","ATR | cooldown | execution-readiness | market-structure | risk-planning | setup-quality | trade-management | Trend Analysis | Volatility","200"
"Regime Correlation Matrix - More Tickers","https://www.tradingview.com/script/UkOHpSj8-Regime-Correlation-Matrix-More-Tickers/","maysoncunningham2","https://www.tradingview.com/u/maysoncunningham2/","30/04/2026","1","0","67","regressions | statistics | Trend Analysis","200"
"Wonagi Short-Term Support & Resistance Box (Ichimoku-Based)","https://www.tradingview.com/script/TTdt7rNF/","WonagiTV","https://www.tradingview.com/u/WonagiTV/","30/04/2026","7","0","228","Bands and Channels | BB | Candlestick analysis | Relative Strength Index (RSI) | Volatility","200"
"Live Liquidity Sweep IFVG Dashboard","https://www.tradingview.com/script/DBY8nIxZ-Live-Liquidity-Sweep-IFVG-Dashboard/","atreynolds19","https://www.tradingview.com/u/atreynolds19/","30/04/2026","20","0","233","Chart patterns | Cycles | educational","200"
"Failed Reclaim Planner [AGPro Series]","https://www.tradingview.com/script/3PeJvIRI-Failed-Reclaim-Planner-AGPro-Series/","AGProLabs","https://www.tradingview.com/u/AGProLabs/","30/04/2026","7","0","240","failed-reclaim | market-structure | price-action | QUALITY-SCORE | reclaim | reclaim-map | rejection | risk-planning | swing-shelf | Trend Analysis","200"
"GNess 70% Control Candle Indicator","https://www.tradingview.com/script/ZkutObJK-GNess-70-Control-Candle-Indicator/","gvness","https://www.tradingview.com/u/gvness/","01/05/2026","12","0","213","Candlestick Analysis","200"
"Multi-Session ORB Specialist","https://www.tradingview.com/script/231kHSUt-Multi-Session-ORB-Specialist/","Tradedailywithseb","https://www.tradingview.com/u/Tradedailywithseb/","30/04/2026","15","0","226","Breadth Indicators | Trend Analysis | Volatility","200"
"Helix Trend Ensemble [JOAT]","https://www.tradingview.com/script/dznPyAsh-Helix-Trend-Ensemble-JOAT/","officialjackofalltrades","https://www.tradingview.com/u/officialjackofalltrades/","30/04/2026","29","0","424","bandsandchanels | Chart patterns | consensus | filter | indicator-free | indicators | regime | ribbon | strengthtrading | Trend Analysis | Volatility | vwapbands","200"
"Liquidity gap identifier mtf","https://www.tradingview.com/script/5yxFNLQH-Liquidity-gap-identifier-mtf/","surfchaser","https://www.tradingview.com/u/surfchaser/","30/04/2026","5","0","117","multitimeframe | Pivot points and levels","200"
"Embedded Scaled Stochastic","https://www.tradingview.com/script/R9y5ZQeu-Embedded-Scaled-Stochastic/","surfchaser","https://www.tradingview.com/u/surfchaser/","30/04/2026","3","0","127","Cycles | Trend Analysis | Volatility","200"
"Delta Pressure Ledger [JOAT]","https://www.tradingview.com/script/UnVcd3kd-Delta-Pressure-Ledger-JOAT/","officialjackofalltrades","https://www.tradingview.com/u/officialjackofalltrades/","30/04/2026","14","0","177","Chart patterns | crowdingmodel | filter | indicator-free | indicators | oscillaltor | pressure | regime | trendanalyse | Trend Analysis | Volatility | volatilty","200"
"RSI + Pressure Trend Pro","https://www.tradingview.com/script/Uv8bNcOp-RSI-Pressure-Trend-Pro/","MYNAMEISBRANDON","https://www.tradingview.com/u/MYNAMEISBRANDON/","01/05/2026","351","0","4097","Chart patterns | crossovers | HTF | pressure | relativestrength | Relative Strength Index (RSI) | rsi5 | Trend Analysis","200"
"Aegis Arc Framework [JOAT]","https://www.tradingview.com/script/O1Y8zdjf-Aegis-Arc-Framework-JOAT/","officialjackofalltrades","https://www.tradingview.com/u/officialjackofalltrades/","29/04/2026","13","0","229","bullbeartrend | Chart patterns | indicator-free | indicators | longshort | Moving Averages | regime | reversal | signals | tpslindicator | Trend Analysis | vwapbands","200"
"Continuation Acceptance Planner [AGPro Series]","https://www.tradingview.com/script/xDuwDMET-Continuation-Acceptance-Planner-AGPro-Series/","AGProLabs","https://www.tradingview.com/u/AGProLabs/","29/04/2026","10","0","187","continuation | execution-readiness | invalidation | pullback | risk-planning | setup-quality | target-room | trade-planner | Trend Analysis | trend-continuation","200"
"Breaker Confluence Engine [Nick789]","https://www.tradingview.com/script/MkbcPweb-Breaker-Confluence-Engine-Nick789/","NICK789","https://www.tradingview.com/u/NICK789/","30/04/2026","47","0","723","breakerblock | Candlestick Analysis | fairvaluegap | marketstructure | priceaction | SMC | Support and Resistance | Volume","200"
"Darvas Box Multiple Timeframes by ERAZ","https://www.tradingview.com/script/mSy7o2ut-Darvas-Box-Multiple-Timeframes-by-ERAZ/","JAGTTMAL","https://www.tradingview.com/u/JAGTTMAL/","29/04/2026","21","0","218","Bands and Channels | Candlestick analysis | Chart patterns","200"
"MTF RSI Table + Stack Labels 1.0","https://www.tradingview.com/script/H836SJJs-MTF-RSI-Table-Stack-Labels-1-0/","gary7766","https://www.tradingview.com/u/gary7766/","29/04/2026","1","0","93","multitimeframe | Relative Strength Index (RSI)","200"
"EMA Plus Band Pro","https://www.tradingview.com/script/Qtp0KrIw-EMA-Plus-Band-Pro/","gary7766","https://www.tradingview.com/u/gary7766/","29/04/2026","15","0","262","Bands and Channels | Moving Averages | Trend Analysis","200"
"EDPE Standalone","https://www.tradingview.com/script/Rh4NkdSz-EDPE-Standalone/","gary7766","https://www.tradingview.com/u/gary7766/","29/04/2026","11","2","238","Pivot points and levels | Trend Analysis","200"
"ALN Sessions [NQ Stats x CantoLab]","https://www.tradingview.com/script/KNTFWlm2-ALN-Sessions-NQ-Stats-x-CantoLab/","CantoLab","https://www.tradingview.com/u/CantoLab/","29/04/2026","66","2","713","ALN | ASIA | Chart patterns | educational | london | mapping | newyork | nqstats | ny | sessions | statistical | statistics","200"
"EMA 20/50/100/200 + VWAP","https://www.tradingview.com/script/fEl5IUWq-EMA-20-50-100-200-VWAP/","RASHED_SARA","https://www.tradingview.com/u/RASHED_SARA/","29/04/2026","7","0","183","moving_average | Moving Averages | multitimeframe | Trend Analysis","200"
"Dual Volume Profile","https://www.tradingview.com/script/fHLjgr8p-Dual-Volume-Profile/","yundore","https://www.tradingview.com/u/yundore/","29/04/2026","10","0","191","marketprofile | POC | valuearea | Volume | vrvp","200"
"15-16 Session Box + Extensions","https://www.tradingview.com/script/bBGHzsV7-15-16-Session-Box-Extensions/","The_real_byl","https://www.tradingview.com/u/The_real_byl/","29/04/2026","2","0","79","Candlestick analysis | Chart patterns | High-Low Index","200"
"Auto Swings + 1D / 4H / 1H / 5m Trend (FULL + ALL TF ALERT)","https://www.tradingview.com/script/A51dZ1w8-auto-swings-1d-4h-1h-5m-trend-full-all-tf-alert/","TradePro1000","https://www.tradingview.com/u/TradePro1000/","29/04/2026","39","0","354","Candlestick analysis","200"
"Global Liquidity Risk-On/Risk-Off Dashboard #2","https://www.tradingview.com/script/Uw8PeG1y-Global-Liquidity-Risk-On-Risk-Off-Dashboard-2/","jadz61","https://www.tradingview.com/u/jadz61/","29/04/2026","3","0","92","Fundamental Analysis","200"
"Intersecting IFVG (BPR Intersection)","https://www.tradingview.com/script/vnUOug2r-Intersecting-IFVG-BPR-Intersection/","chrissena12","https://www.tradingview.com/u/chrissena12/","29/04/2026","6","0","149","Bill Williams Indicators | Candlestick analysis | Chart patterns","200"
"Djukson High/Low Moving Averages","https://www.tradingview.com/script/qEjWn2WF-Djukson-High-Low-Moving-Averages/","Duka_ludi_trader","https://www.tradingview.com/u/Duka_ludi_trader/","29/04/2026","3","0","112","Double Exponential Moving Average (DEMA)","200"
"Price Acceptance Reversal Planner [AGPro Series]","https://www.tradingview.com/script/8F5WUY0F-Price-Acceptance-Reversal-Planner-AGPro-Series/","AGProLabs","https://www.tradingview.com/u/AGProLabs/","29/04/2026","219","0","2334","acceptance | execution-readiness | failed-acceptance | invalidation | price-action | reversal | risk-planning | target-room | Trend Analysis","200"
"Smart Confluence Indicator","https://www.tradingview.com/script/8irVJO5Q-Smart-Confluence-Indicator/","CrusaderTrades","https://www.tradingview.com/u/CrusaderTrades/","29/04/2026","12","0","169","forecasting","200"
"Market Structure Recovery Planner [AGPro Series]","https://www.tradingview.com/script/jZrc2ZNY-Market-Structure-Recovery-Planner-AGPro-Series/","AGProLabs","https://www.tradingview.com/u/AGProLabs/","29/04/2026","212","0","2439","invalidation | market-structure | planner | reclaim | risk-management | structure-recovery | structure-repair | swing-structure | target-room | Trend Analysis","200"
"QuantumPips Bollinger Bands Volatility Map","https://www.tradingview.com/script/WLk4EXaZ-QuantumPips-Bollinger-Bands-Volatility-Map/","QuantumPipsio","https://www.tradingview.com/u/QuantumPipsio/","29/04/2026","4","0","162","Bands and Channels | Candlestick analysis | Chart patterns","200"
"Market Entropy Index","https://www.tradingview.com/script/qxuj6cTf-Market-Entropy-Index/","EdgeTools","https://www.tradingview.com/u/EdgeTools/","29/04/2026","39","0","429","educational | Fundamental Analysis | Oscillators","200"
"SSL Hybrid MTF Arrows (AKA the Babe)","https://www.tradingview.com/script/EkcL6PcO-SSL-Hybrid-MTF-Arrows-AKA-the-Babe/","KelseyK","https://www.tradingview.com/u/KelseyK/","29/04/2026","6","0","207","Bands and Channels | Pivot points and levels | Wave Analysis","200"
"ULTRON Kill Zones","https://www.tradingview.com/script/8E036AV2-ULTRON-Kill-Zones/","dhawal.chheda","https://www.tradingview.com/u/dhawal.chheda/","29/04/2026","3","0","122","Pivot points and levels","200"
"ULTRON Kelly Sizer","https://www.tradingview.com/script/fTwdkE9V-ULTRON-Kelly-Sizer/","dhawal.chheda","https://www.tradingview.com/u/dhawal.chheda/","29/04/2026","7","0","121","statistics","200"
"Ultron Auto Fib","https://www.tradingview.com/script/Pmth6FUu-Ultron-Auto-Fib/","dhawal.chheda","https://www.tradingview.com/u/dhawal.chheda/","29/04/2026","32","0","247","Pivot points and levels","200"
"Precision POP","https://www.tradingview.com/script/sd0C7CMw-Precision-POP/","POP_Faisal","https://www.tradingview.com/u/POP_Faisal/","29/04/2026","0","0","76","Moving Averages | Pivot points and levels","200"
"Ultron VIX Regime","https://www.tradingview.com/script/xwDIbgYO-Ultron-VIX-Regime/","dhawal.chheda","https://www.tradingview.com/u/dhawal.chheda/","29/04/2026","0","0","69","Volatility","200"
"Ultron BOS/CHoCH","https://www.tradingview.com/script/CyNTIzhP-Ultron-BOS-CHoCH/","dhawal.chheda","https://www.tradingview.com/u/dhawal.chheda/","29/04/2026","1","0","77","Trend Analysis","200"
"Ultron Anchored VWAP","https://www.tradingview.com/script/f9mFzpok-Ultron-Anchored-VWAP/","dhawal.chheda","https://www.tradingview.com/u/dhawal.chheda/","29/04/2026","2","0","105","Volume","200"
"Alpha Terminal - Sentinel V5 Pro Final","https://www.tradingview.com/script/ZXs0UPFP/","sambos55","https://www.tradingview.com/u/sambos55/","29/04/2026","4","0","110","Bands and Channels","200"
"5m Support/Resistance Bounce BUY Signals","https://www.tradingview.com/script/Wu42uPyQ-5m-Support-Resistance-Bounce-BUY-Signals/","homedoctorrepair","https://www.tradingview.com/u/homedoctorrepair/","29/04/2026","8","0","118","Candlestick analysis | Fundamental Analysis | Moving Averages | support","200"
"Bitcoin RSI Channel (2W, M)","https://www.tradingview.com/script/tbjU2Gz8-Bitcoin-RSI-Channel-2W-M/","ChartNChill","https://www.tradingview.com/u/ChartNChill/","29/04/2026","17","0","258","Bands and Channels | Bitcoin (Cryptocurrency) | bitcoinbottom | bitcointop | crypto | Cycles | Oscillators | regression | riskmetric","200"
"MFI Normalized","https://www.tradingview.com/script/LfLb8sEK-MFI-Normalized/","DasanC","https://www.tradingview.com/u/DasanC/","29/04/2026","24","0","297","Centered Oscillators | Money Flow Index (MFI)","200"
"Luxy BOSS MODE - Support & Resistance","https://www.tradingview.com/script/oA9rDnQB-Luxy-BOSS-MODE-Support-Resistance/","orenluxy","https://www.tradingview.com/u/orenluxy/","29/04/2026","478","1","5137","FAIR-VALUE-GAP | liquidity | multi-timeframe | order-blocks | risk-management | smart-money | Support and Resistance | support-resistance | Trend Analysis | volume-profile | Volume","200"
"POC Direction & Range","https://www.tradingview.com/script/QUHKL44q-POC-Direction-Range/","meerokasha90","https://www.tradingview.com/u/meerokasha90/","29/04/2026","0","0","96","Breadth Indicators | Candlestick analysis | Chart patterns","200"
"SOXL Swing Signals v8.11","https://www.tradingview.com/script/OMJFZOpF-SOXL-Swing-Signals-v8-11/","X3Swinger","https://www.tradingview.com/u/X3Swinger/","29/04/2026","7","0","178","Cycles | Oscillators | Trend Analysis","200"
"BILORIE 4.00","https://www.tradingview.com/script/CvkOzB9s-BILORIE-4-00/","thinklike007","https://www.tradingview.com/u/thinklike007/","30/04/2026","16","0","226","Bill Williams Indicators | Chart patterns | Cycles","200"
"Abowsam 55","https://www.tradingview.com/script/Ho1zH6xo/","sha2022s","https://www.tradingview.com/u/sha2022s/","29/04/2026","12","0","187","Bill Williams Indicators | Breadth Indicators | Candlestick analysis","200"
"abo wsam 33","https://www.tradingview.com/script/KXP6Zb6T/","sha2022s","https://www.tradingview.com/u/sha2022s/","29/04/2026","8","0","156","Breadth Indicators","200"
"abowsam","https://www.tradingview.com/script/06vr2TSJ/","sha2022s","https://www.tradingview.com/u/sha2022s/","29/04/2026","15","0","220","Bands and Channels | Bill Williams Indicators | Breadth Indicators","200"
"Hour Stats [NQ Stats x CantoLab]","https://www.tradingview.com/script/BzZnUf1C-Hour-Stats-NQ-Stats-x-CantoLab/","CantoLab","https://www.tradingview.com/u/CantoLab/","29/04/2026","50","0","596","Chart patterns | educational | futures | nqstats | SMC | statistical | statisticalmap | statistics | statmap","200"
"Net RR Calculator","https://www.tradingview.com/script/p9MPLAZL-net-rr-calculator/","LippoLin","https://www.tradingview.com/u/LippoLin/","02/05/2026","9","0","198","calculator | commission | netrr | Portfolio management | riskreward | RR | structuralrr","200"
"NASDAQ Momentum MTF","https://www.tradingview.com/script/ze0ujtVn/","Sachse-1980","https://www.tradingview.com/u/Sachse-1980/","29/04/2026","17","0","214","Bands and Channels | Bill Williams Indicators | Breadth Indicators","200"
"ATR SL/TP Plotter","https://www.tradingview.com/script/40NK37PX-ATR-SL-TP-Plotter/","ShigemiQuant","https://www.tradingview.com/u/ShigemiQuant/","29/04/2026","757","1","6934","Trend Analysis | Volatility","200"
"NASDAQ Momentum MTF","https://www.tradingview.com/script/MG1uXg6f/","Sachse-1980","https://www.tradingview.com/u/Sachse-1980/","29/04/2026","4","0","87","Bands and Channels | Bill Williams Indicators | Breadth Indicators","200"
"NEIL'S Dual MACD (5min & 15min)","https://www.tradingview.com/script/A80z7arp-NEIL-S-Dual-MACD-5min-15min/","neilwaghmare111","https://www.tradingview.com/u/neilwaghmare111/","29/04/2026","3","0","98","Exponential Moving Average (EMA) | Trend Analysis","200"
"NEIL'S FX Sessions + EMA + Prev Day HL","https://www.tradingview.com/script/lNIdLr3v-NEIL-S-FX-Sessions-EMA-Prev-Day-HL/","neilwaghmare111","https://www.tradingview.com/u/neilwaghmare111/","29/04/2026","3","0","85","Exponential Moving Average (EMA)","200"
"Dynamic Trend-Sensitive MTF Kijun Panel + Ichimoku","https://www.tradingview.com/script/OCuc8Ra9/","sselmantr","https://www.tradingview.com/u/sselmantr/","29/04/2026","12","0","204","Ichimoku Cloud | multitimeframe | Trend Analysis","200"
"UCY-VWATR (live)","https://www.tradingview.com/script/huUAF9Vc-UCY-VWATR-live/","ugurcagriyilmaz","https://www.tradingview.com/u/ugurcagriyilmaz/","29/04/2026","360","1","3167","ATR | bands | supertrend | trend | Trend Analysis | Volatility","200"
"Pattern Matcher v6 - With Projection","https://www.tradingview.com/script/hmKabj3u-Pattern-Matcher-v6-With-Projection/","Ibrahem_elkhalidy","https://www.tradingview.com/u/Ibrahem_elkhalidy/","29/04/2026","5","0","113","Chart patterns","200"
"X Candles Back Marker","https://www.tradingview.com/script/G3d4KFyE-X-Candles-Back-Marker/","frontiersman_trading","https://www.tradingview.com/u/frontiersman_trading/","29/04/2026","50","0","472","Candlestick analysis | Chart patterns","200"
"PnLFlow Triple M (EMA + VWAP)","https://www.tradingview.com/script/jSTKiu1a-PnLFlow-Triple-M-EMA-VWAP/","pnlflow","https://www.tradingview.com/u/pnlflow/","29/04/2026","9","0","126","Triple Exponential Moving Average (TEMA) | Volume Weighted Average Price (VWAP)","200"
"RSI Custom","https://www.tradingview.com/script/cPxQik2P/","HVZC75","https://www.tradingview.com/u/HVZC75/","29/04/2026","3","0","89","Breadth Indicators","200"
"Linie Open 5min","https://www.tradingview.com/script/FQ9OW58v-Linie-Open-5min/","mihai_adam88","https://www.tradingview.com/u/mihai_adam88/","29/04/2026","3","0","74","Candlestick analysis","200"
"OT S/R Edge[roongee]","https://www.tradingview.com/script/FPH8yORi/","Roongee","https://www.tradingview.com/u/Roongee/","29/04/2026","171","3","1565","Average True Range (ATR) | forecasting | Support and Resistance","200"
"Long-Only Recovery Stages","https://www.tradingview.com/script/09HPxefz-Long-Only-Recovery-Stages/","johandesilva","https://www.tradingview.com/u/johandesilva/","29/04/2026","6","0","170","Bands and Channels","200"
"PO3 1m and 5m","https://www.tradingview.com/script/wGCCKIoJ-PO3-1m-and-5m/","mihai_adam88","https://www.tradingview.com/u/mihai_adam88/","29/04/2026","1","0","81","Candlestick analysis","200"
"JEETU PRO V30 - HISTORICAL AUDIT FINAL","https://www.tradingview.com/script/7eoJB2g0-JEETU-PRO-V30-HISTORICAL-AUDIT-FINAL/","jeetunse","https://www.tradingview.com/u/jeetunse/","29/04/2026","463","5","4110","options","200"
"ORB Readiness Plus","https://www.tradingview.com/script/k8fdPe14-ORB-Readiness-Plus/","siecinskizach","https://www.tradingview.com/u/siecinskizach/","29/04/2026","3","0","139","educational | multitimeframe | Trend Analysis","200"
"*PBR.S/R","https://www.tradingview.com/script/6dqYfwWm-PBR-S-R/","usaypotato","https://www.tradingview.com/u/usaypotato/","29/04/2026","2","0","117","Moving Averages | Trend Analysis","200"
"MarketPulse Alignment System","https://www.tradingview.com/script/vMpnrNOt-MarketPulse-Alignment-System/","algovisionx2","https://www.tradingview.com/u/algovisionx2/","29/04/2026","23","0","353","educational | Moving Averages | Trend Analysis","200"
"15m ORB Clean Power","https://www.tradingview.com/script/U4Q7D5bO-15m-ORB-Clean-Power/","charliemonson1","https://www.tradingview.com/u/charliemonson1/","29/04/2026","7","1","121","Breadth Indicators | Volatility | Volume","200"
"ORB Institutional Volume V5","https://www.tradingview.com/script/3HczMWf4-ORB-Institutional-Volume-V5/","charliemonson1","https://www.tradingview.com/u/charliemonson1/","29/04/2026","1","0","82","Breadth Indicators | Volatility | Volume","200"
"Volume Footprint Levels","https://www.tradingview.com/script/uB6OGW3g-Volume-Footprint-Levels/","gggoaaat","https://www.tradingview.com/u/gggoaaat/","29/04/2026","201","4","2120","gggoaaat | Support and Resistance | Volume Profile","200"
"Velorum Deviation Corridor [JOAT]","https://www.tradingview.com/script/p4E1vcEg-Velorum-Deviation-Corridor-JOAT/","officialjackofalltrades","https://www.tradingview.com/u/officialjackofalltrades/","29/04/2026","39","0","515","Adaptive Moving Average (AMA) | Chart patterns | compression | construction | expansion | indicator-free | indicators | Pivot points and levels | regime | stretchtrade | Trend Analysis | trendstrength","200"
"BSS 20C","https://www.tradingview.com/script/9eIng3dI-BSS-20C/","kamalbme","https://www.tradingview.com/u/kamalbme/","29/04/2026","20","0","403","Moving Averages | Trend Analysis","200"
"v17 Inside / Outside Bar Levels","https://www.tradingview.com/script/X89dhqdp-v17-Inside-Outside-Bar-Levels/","md45368","https://www.tradingview.com/u/md45368/","29/04/2026","3","0","198","Candlestick analysis","200"
"MACD + Volume","https://www.tradingview.com/script/QgKK26n8/","jesalgadob","https://www.tradingview.com/u/jesalgadob/","01/05/2026","4","0","134","Centered Oscillators | Volume","200"
"Last Week and Day OHLC v8","https://www.tradingview.com/script/RNf2Mhpv/","shirokuro_dorara_0716","https://www.tradingview.com/u/shirokuro_dorara_0716/","30/04/2026","10","0","212","Candlestick analysis | multitimeframe","200"
"Obsidian Divergence Ledger [JOAT]","https://www.tradingview.com/script/TmPruv7o-Obsidian-Divergence-Ledger-JOAT/","officialjackofalltrades","https://www.tradingview.com/u/officialjackofalltrades/","29/04/2026","526","5","4387","Chart patterns | Divergence | divergencetrading | impulse | indicator-free | indicators | ledger | oscillaltor | pivot | Trend Analysis | Volatility | volatilty","200"
"PIGO TREND ATR","https://www.tradingview.com/script/URCX1tfg/","Pigoart","https://www.tradingview.com/u/Pigoart/","29/04/2026","13","0","224","sentiment","200"
"Heikin Ashi Real Price Line","https://www.tradingview.com/script/8rxZTmUy-Heikin-Ashi-Real-Price-Line/","SandlotFlanking","https://www.tradingview.com/u/SandlotFlanking/","29/04/2026","8","0","156","Candlestick analysis | heikin-ashi | priceactionanalysis | pricemovement | sentiment | Trend Analysis","200"
"Horizontal Line At Daily Moving Averages - 9SMA edit v6","https://www.tradingview.com/script/t1LU7iWb-Horizontal-Line-At-Daily-Moving-Averages-9SMA-edit-v6/","RToytech","https://www.tradingview.com/u/RToytech/","29/04/2026","2","0","85","Moving Averages | multitimeframe","200"
"Trading Calculator - Realistic Probability","https://www.tradingview.com/script/i3ebr1ek-Trading-Calculator-Realistic-Probability/","hassaniraqi93","https://www.tradingview.com/u/hassaniraqi93/","29/04/2026","404","1","5225","forecasting","200"
"10am Bias Stats","https://www.tradingview.com/script/FR9Nns3p-10am-Bias-Stats/","Bowman1999","https://www.tradingview.com/u/Bowman1999/","29/04/2026","10","0","193","bias | hourly | multitimeframe","200"
"ORB Indicator","https://www.tradingview.com/script/GvGjl0yA-ORB-Indicator/","lathaml3819","https://www.tradingview.com/u/lathaml3819/","28/04/2026","6","0","177","Candlestick analysis","200"
"15m Range SOP: Playbook (Asia 18:00)","https://www.tradingview.com/script/Pe2UoQHe-15m-Range-SOP-Playbook-Asia-18-00/","Talrayfox","https://www.tradingview.com/u/Talrayfox/","28/04/2026","2","0","86","Candlestick analysis | Chart patterns | Cycles","200"
"15m Range: Single Sweep Breakout (Asia 18:00)","https://www.tradingview.com/script/NqGYmzHg-15m-Range-Single-Sweep-Breakout-Asia-18-00/","Talrayfox","https://www.tradingview.com/u/Talrayfox/","28/04/2026","5","0","104","Candlestick analysis | Chart patterns | Cycles","200"
"Jepps_Multitime Frame RSI","https://www.tradingview.com/script/jGmvL3pR-Jepps-Multitime-Frame-RSI/","tingj","https://www.tradingview.com/u/tingj/","29/04/2026","2","0","130","multitimeframe | Relative Strength Index (RSI)","200"
"Previous Day OHLC","https://www.tradingview.com/script/uy8u3n4l/","CARRIZALEZP","https://www.tradingview.com/u/CARRIZALEZP/","28/04/2026","2","0","92","Candlestick analysis","200"
"Northsea Auction Map [JOAT]","https://www.tradingview.com/script/N0rMhUr6-Northsea-Auction-Map-JOAT/","officialjackofalltrades","https://www.tradingview.com/u/officialjackofalltrades/","28/04/2026","83","0","809","bias | Chart patterns | indicator-free | indicators | Pivot points and levels | POC | profile | rangetrading | Trend Analysis | vahval | valuearea | vwaps","200"
"Bull Flow Scanner Empowerment Assets","https://www.tradingview.com/script/oHZlKbyq-Bull-Flow-Scanner-Empowerment-Assets/","MoneyDailysniper","https://www.tradingview.com/u/MoneyDailysniper/","28/04/2026","21","0","360","Candlestick analysis | educational | forecasting","200"
"HTF | BOS | FVG | Entry","https://www.tradingview.com/script/hi6lX1NK-HTF-BOS-FVG-Entry/","CirisAshley","https://www.tradingview.com/u/CirisAshley/","29/04/2026","14","0","226","Bands and Channels | Breadth Indicators | Chart patterns","200"
"EMA 9/21 + SMA 20/50 [0DTE]","https://www.tradingview.com/script/VLcAgJzC-EMA-9-21-SMA-20-50-0DTE/","willway04","https://www.tradingview.com/u/willway04/","28/04/2026","2","0","114","Chart patterns | forecasting | Moving Averages","200"
"Void by SeanDayTrades","https://www.tradingview.com/script/lO5BigMc-Void-by-SeanDayTrades/","SeanDayTrades","https://www.tradingview.com/u/SeanDayTrades/","28/04/2026","23","0","263","Candlestick analysis | Chart patterns | nwog | void","200"
"Alpha Forge Accumulation Lite","https://www.tradingview.com/script/9UHtho1A-Alpha-Forge-Accumulation-Lite/","Alpha_Forge","https://www.tradingview.com/u/Alpha_Forge/","28/04/2026","4","0","127","Exponential Moving Average (EMA) | forecasting | Trend Analysis","200"
"Alpha Forge Oscillator v2","https://www.tradingview.com/script/AHzzFxqs-Alpha-Forge-Oscillator-v2/","Alpha_Forge","https://www.tradingview.com/u/Alpha_Forge/","28/04/2026","28","0","339","Oscillators","200"
"Alpha Forge Core v4.3","https://www.tradingview.com/script/4i4WiycH-Alpha-Forge-Core-v4-3/","Alpha_Forge","https://www.tradingview.com/u/Alpha_Forge/","28/04/2026","25","0","298","Chart patterns | Moving Averages | Trend Analysis","200"
"OTE Sweep Signal + MTF Bias + VWAP + DR","https://www.tradingview.com/script/PLPzu2NU-OTE-Sweep-Signal-MTF-Bias-VWAP-DR/","jferheart","https://www.tradingview.com/u/jferheart/","28/04/2026","490","0","4853","balance | bias | Candlestick analysis | Chart patterns | DR | initial | OTE","200"
"Daye Quarterly Theory (Open Source) [CantoLab]","https://www.tradingview.com/script/y4LtFydK-Daye-Quarterly-Theory-Open-Source-CantoLab/","CantoLab","https://www.tradingview.com/u/CantoLab/","28/04/2026","19","0","240","Chart patterns | Cycles | educational","200"
"Swing Predictor V9","https://www.tradingview.com/script/VjHp8ODf-Swing-Predictor-V9/","mayiselak","https://www.tradingview.com/u/mayiselak/","01/05/2026","119","1","1245","Candlestick analysis | Chart patterns | Cycles","200"
"Comprehensive Vol and Trend","https://www.tradingview.com/script/wlox1rCm-Comprehensive-Vol-and-Trend/","Money_4Honey","https://www.tradingview.com/u/Money_4Honey/","28/04/2026","3","0","142","Price Volume Trend (PVT) | relativevolume | Volume","200"
"EV RSI + FVG Entry","https://www.tradingview.com/script/M1VfDRUv-EV-RSI-FVG-Entry/","EVLabs","https://www.tradingview.com/u/EVLabs/","28/04/2026","19","0","337","Chart patterns","200"
"EV Liquidity Sweep Alerts","https://www.tradingview.com/script/zGnDZq0P-EV-Liquidity-Sweep-Alerts/","EVLabs","https://www.tradingview.com/u/EVLabs/","28/04/2026","7","0","252","Chart patterns","200"
"EV Liquidity Map","https://www.tradingview.com/script/XjaoBaV8-EV-Liquidity-Map/","EVLabs","https://www.tradingview.com/u/EVLabs/","28/04/2026","7","0","208","Chart patterns","200"
"Better Sessions [CantoLab]","https://www.tradingview.com/script/KlDOVWej-Better-Sessions-CantoLab/","CantoLab","https://www.tradingview.com/u/CantoLab/","28/04/2026","20","0","302","Chart patterns | Cycles | dayoftheweek | dayofweek | educational | ict | killzones | sessions","200"
"Weekly & Monthly Divider Lines v6","https://www.tradingview.com/script/gOhdINEk/","Zemsty","https://www.tradingview.com/u/Zemsty/","28/04/2026","4","0","113","Breadth Indicators | Candlestick analysis | Cycles","200"
"PumpC Options Flow: Calls vs Puts (+VWAPs)","https://www.tradingview.com/script/931R4iec-PumpC-Options-Flow-Calls-vs-Puts-VWAPs/","PumpCTrader","https://www.tradingview.com/u/PumpCTrader/","28/04/2026","6","0","148","options","200"
"Smart Money Flow Signals [QuantAlgo] -Add-on Pivot Turns","https://www.tradingview.com/script/sSlyRMf9/","raphmoris","https://www.tradingview.com/u/raphmoris/","29/04/2026","6","0","186","Oscillators | Pivot points and levels | Trend Analysis","200"
"PilotJD Indicator","https://www.tradingview.com/script/zrX3WWXl-PilotJD-Indicator/","eta-jd","https://www.tradingview.com/u/eta-jd/","28/04/2026","2","0","132","Volume Weighted Average Price (VWAP)","200"
"Erik's H&S + 3TP (RR 1:3) v6 Ultra","https://www.tradingview.com/script/DOuSg3kB-erik-s-h-s-3tp-rr-1-3-v6-ultra/","OstapenkoErik","https://www.tradingview.com/u/OstapenkoErik/","28/04/2026","1","0","85","Harmonic Patterns","200"
"Sovereign A+ Setup Indicator BB Breach 30 min","https://www.tradingview.com/script/JjKtYxN1-Sovereign-A-Setup-Indicator-BB-Breach-30-min/","sikendrick35","https://www.tradingview.com/u/sikendrick35/","28/04/2026","6","0","168","Bollinger Bands (BB) | Exponential Moving Average (EMA) | Trend Analysis","200"
"US30 - Velas Grandes y Patrones (9:30-11:30 EST)","https://www.tradingview.com/script/OCUwsvMW-US30-Velas-Grandes-y-Patrones-9-30-11-30-EST/","daniellruizz","https://www.tradingview.com/u/daniellruizz/","28/04/2026","1","0","70","Candlestick analysis","200"
"Smart Money Flow Signals [QuantAlgo + Raph]","https://www.tradingview.com/script/K1XbaxPd/","raphmoris","https://www.tradingview.com/u/raphmoris/","28/04/2026","2","0","143","Pivot points and levels | Trend Analysis | Wave Analysis","200"
"Trading Sessions","https://www.tradingview.com/script/J5RMJ6RN-Trading-Sessions/","soshiiro","https://www.tradingview.com/u/soshiiro/","28/04/2026","1","0","67","Candlestick analysis | Chart patterns | Cycles","200"
"15m Range SOP: The Complete Playbook (With Reversals)","https://www.tradingview.com/script/kTFoWTy5-15m-Range-SOP-The-Complete-Playbook-With-Reversals/","Talrayfox","https://www.tradingview.com/u/Talrayfox/","28/04/2026","10","0","147","Candlestick analysis | Chart patterns | Cycles | reversalpoint","200"
"Manila PH Based Trading Sessions","https://www.tradingview.com/script/MXSLc7Xh-Manila-PH-Based-Trading-Sessions/","soshiiro","https://www.tradingview.com/u/soshiiro/","28/04/2026","2","0","90","Cycles","200"
"ORB Breakout","https://www.tradingview.com/script/KWfBq6HU-ORB-Breakout/","Money_4Honey","https://www.tradingview.com/u/Money_4Honey/","28/04/2026","3","0","101","Candlestick analysis","200"
"SHK All-In-One | 3MA - VWAP - Liq - SMC - Marco - ZZ","https://www.tradingview.com/script/7E7EOg2k-SHK-All-In-One-3MA-VWAP-Liq-SMC-Marco-ZZ/","Syed_Hussain_K","https://www.tradingview.com/u/Syed_Hussain_K/","28/04/2026","103","0","1069","Exponential Moving Average (EMA) | Volume Weighted Average Price (VWAP) | Zig Zag Indicator","200"
"MA Recapture","https://www.tradingview.com/script/JePEqskU-MA-Recapture/","userfriendly1","https://www.tradingview.com/u/userfriendly1/","28/04/2026","0","0","101","Moving Averages","200"
"ALL ICT Macros","https://www.tradingview.com/script/NvSVTIu7-ALL-ICT-Macros/","collnn","https://www.tradingview.com/u/collnn/","28/04/2026","18","0","282","Cycles | ict | macros | TIME","200"
"CandelaCharts - Killzone VWAP","https://www.tradingview.com/script/1Fv5bSN3-CandelaCharts-Killzone-VWAP/","CandelaCharts","https://www.tradingview.com/u/CandelaCharts/","28/04/2026","15","0","225","Volume Weighted Average Price (VWAP)","200"
"NQ vs ES SMT Strict Multi TF Johnny g","https://www.tradingview.com/script/8CF4lqTz-NQ-vs-ES-SMT-Strict-Multi-TF-Johnny-g/","johnny0218","https://www.tradingview.com/u/johnny0218/","28/04/2026","2","0","142","Breadth Indicators | Candlestick analysis | Chart patterns","200"
"Monkey VWAP","https://www.tradingview.com/script/3liFu15u-Monkey-VWAP/","thebitcoinguy37","https://www.tradingview.com/u/thebitcoinguy37/","28/04/2026","3","0","126","Bands and Channels","200"
"Divergencia de indicadores v6","https://www.tradingview.com/script/6qhHyWb6/","jesalgadob","https://www.tradingview.com/u/jesalgadob/","02/05/2026","5","0","224","Moving Averages | Trend Analysis | Volume","200"
"IDM + IFVG Sniper Entry Final V3","https://www.tradingview.com/script/cC3ylkG3-IDM-IFVG-Sniper-Entry-Final-V3/","manojt95tv","https://www.tradingview.com/u/manojt95tv/","28/04/2026","37","0","558","forecasting | Pring Special K | Trend Analysis","200"
"indicator lala moner shah","https://www.tradingview.com/script/jUto6TFf-indicator-lala-moner-shah/","rabiullah_hashimi40","https://www.tradingview.com/u/rabiullah_hashimi40/","28/04/2026","12","0","232","Candlestick analysis","200"
"Gold Bias + Strength Entry Labels","https://www.tradingview.com/script/oLfZlivw-Gold-Bias-Strength-Entry-Labels/","priyanktyagipnp","https://www.tradingview.com/u/priyanktyagipnp/","28/04/2026","11","0","246","Directional Movement Index (DMI)","200"
"IDM + IFVG Sniper Entry Final Fixed VASWANI","https://www.tradingview.com/script/8vxgsQ9J-IDM-IFVG-Sniper-Entry-Final-Fixed-VASWANI/","manojt95tv","https://www.tradingview.com/u/manojt95tv/","28/04/2026","18","0","390","Bands and Channels | concept | Trend Analysis","200"
"Session Gap Fill [LuxAlgo] astra","https://www.tradingview.com/script/gkGd1y3j-Session-Gap-Fill-LuxAlgo-astra/","sunroof_parrots_0s","https://www.tradingview.com/u/sunroof_parrots_0s/","28/04/2026","1","0","106","statistics","200"
"PineT2","https://www.tradingview.com/script/1TEa2OmX-PineT2/","sharvesh22814","https://www.tradingview.com/u/sharvesh22814/","28/04/2026","5","0","119","Candlestick analysis | Chart patterns | Cycles","200"
"CVD Candle Divergence","https://www.tradingview.com/script/VE2bX58I-CVD-Candle-Divergence/","sigmaboy8","https://www.tradingview.com/u/sigmaboy8/","28/04/2026","7","0","140","Candlestick analysis | Chart patterns","200"
"Sortino Ratio Oscillator [MarkitTick]","https://www.tradingview.com/script/VPdSH43M-Sortino-Ratio-Oscillator-MarkitTick/","MarkitTick","https://www.tradingview.com/u/MarkitTick/","28/04/2026","72","0","980","downsidevolatility | market-strength | Momentum Oscillators | Oscillators | riskadjustedreturns | sortino | sortinoratio | Trend Analysis | trend-confirmation | trendlineanalysis | trendtrading","200"
"ITH / ITL By SAJID  [Core Structure]","https://www.tradingview.com/script/e9V3ilPc-ITH-ITL-By-SAJID-Core-Structure/","Sajid6l","https://www.tradingview.com/u/Sajid6l/","28/04/2026","40","1","465","Chart patterns","200"
"NQ Rounded Levels Full + ATR Display","https://www.tradingview.com/script/w4YIm0Xp-NQ-Rounded-Levels-Full-ATR-Display/","jonukas2019","https://www.tradingview.com/u/jonukas2019/","28/04/2026","4","0","114","Price/Earnings Ratio (P/E Ratio)","200"
"CAJA 1 cagg","https://www.tradingview.com/script/6NfDdyI8/","CarlosAlberto22","https://www.tradingview.com/u/CarlosAlberto22/","28/04/2026","4","0","140","Candlestick analysis","200"
"Sniper Gang by DoubleTheGreat","https://www.tradingview.com/script/v3eBOAh6-Sniper-Gang-by-DoubleTheGreat/","DoubleorNothin","https://www.tradingview.com/u/DoubleorNothin/","28/04/2026","2","0","93","Candlestick analysis | Chart patterns | Moving Averages","200"
"ATR Range Box","https://www.tradingview.com/script/CGjurQSd-ATR-Range-Box/","caro0207","https://www.tradingview.com/u/caro0207/","28/04/2026","3","0","125","Average True Range (ATR)","200"
"Smart Trend Dashboard: VWAP + RSI MTF + EMA Alignment","https://www.tradingview.com/script/UyPWCjYD-Smart-Trend-Dashboard-VWAP-RSI-MTF-EMA-Alignment/","siddurn2025","https://www.tradingview.com/u/siddurn2025/","28/04/2026","9","0","277","Moving Averages | multitimeframe | Trend Analysis","200"
"Sniper Gang by DoubleTheGreat","https://www.tradingview.com/script/uq0s7u3J-Sniper-Gang-by-DoubleTheGreat/","DoubleorNothin","https://www.tradingview.com/u/DoubleorNothin/","28/04/2026","4","0","138","Candlestick analysis | Chart patterns | Moving Averages","200"
"Mobile Wallstreet Confidence Indicator","https://www.tradingview.com/script/yg4scw7O-Mobile-Wallstreet-Confidence-Indicator/","DrLexWilson","https://www.tradingview.com/u/DrLexWilson/","30/04/2026","48","0","733","buy-sell | confidence | Forex | mobilewallstreet | multitimeframe | sentiment | signals | tradingview | Trend Analysis | trent","200"
"PineT2","https://www.tradingview.com/script/BRqyCPQb-PineT2/","sharvesh22814","https://www.tradingview.com/u/sharvesh22814/","28/04/2026","1","0","88","Bill Williams Indicators | Candlestick analysis | Chart patterns","200"
"Trader Forge: Multi-TF Exhaustion Reversal Stocks Pro","https://www.tradingview.com/script/GttH9zZD-Trader-Forge-Multi-TF-Exhaustion-Reversal-Stocks-Pro/","lessandoval617","https://www.tradingview.com/u/lessandoval617/","28/04/2026","11","0","227","Bands and Channels | Candlestick analysis | Chart patterns","200"
"Market Pressure","https://www.tradingview.com/script/an2X84uQ-Market-Pressure/","tgregg75","https://www.tradingview.com/u/tgregg75/","29/04/2026","11","0","229","accumulation | directionalbias | distrib | market | marketpressure | Pine utilities | trendanalyisis","200"
"ZCT USD Volume","https://www.tradingview.com/script/NfzFtUbq-ZCT-USD-Volume/","ZeroComplexityTrading","https://www.tradingview.com/u/ZeroComplexityTrading/","28/04/2026","19","0","183","educational | Moving Averages | Volume","200"
"Aura Breadth Thrust Oscillator [Pineify]","https://www.tradingview.com/script/dpTdgxUt-Aura-Breadth-Thrust-Oscillator-Pineify/","Pineify","https://www.tradingview.com/u/Pineify/","28/04/2026","53","0","572","breadth | Centered Oscillators | Chande Momentum Oscillator (CMO) | indicators | market | Market Facilitation Index | marketpro","200"
"Meme Season Score | Memecoin Cycle Timing","https://www.tradingview.com/script/6UCU4edl-Meme-Season-Score-Memecoin-Cycle-Timing/","DeltaSpeedEdge","https://www.tradingview.com/u/DeltaSpeedEdge/","28/04/2026","74","0","2073","altcoins | altseason | bitcoinprice | Breadth Indicators | Cryptocurrency | cryptomarket | cycle | Cycles | dominance | memecoin | Trend Analysis","200"
"Imbalance Finder Dynamic","https://www.tradingview.com/script/OVFXh1uu-Imbalance-Finder-Dynamic/","rickysumner91","https://www.tradingview.com/u/rickysumner91/","28/04/2026","14","0","309","Candlestick analysis | Chart patterns | Fractal","200"
"NASDAQ SNIPER TUNNEL PRO","https://www.tradingview.com/script/yQzAstqf/","Sachse-1980","https://www.tradingview.com/u/Sachse-1980/","28/04/2026","7","0","200","Bands and Channels | Bill Williams Indicators | Breadth Indicators","200"
"Structural Leg Profiler [LuxAlgo]","https://www.tradingview.com/script/tYFQSk49-Structural-Leg-Profiler-LuxAlgo/","LuxAlgo","https://www.tradingview.com/u/LuxAlgo/","28/04/2026","1649","5","14807","ATR | bubble | delta | luxalgo | POC | profiler | Volume Profile | Volume","200"
"Liquidity Transfer Engine [Phenlabs]","https://www.tradingview.com/script/BB9iR0mb-Liquidity-Transfer-Engine-Phenlabs/","PhenLabs","https://www.tradingview.com/u/PhenLabs/","28/04/2026","486","1","5938","smartmoneyconcepts | SMC | Trend Analysis | Volatility | Volume","200"
"Smart Flow","https://www.tradingview.com/script/NI8h8TCG-Smart-Flow/","Legit_Cornbread","https://www.tradingview.com/u/Legit_Cornbread/","28/04/2026","14","0","207","forecasting","200"
"[CT] Adaptive ATR Volatility Targets","https://www.tradingview.com/script/fTGDFIFP-CT-Adaptive-ATR-Volatility-Targets/","ChaosTrader63","https://www.tradingview.com/u/ChaosTrader63/","28/04/2026","300","0","3192","ATR | Pivot Points | Support and Resistance | targets | Volatility","200"
"FP - SMA Crossover + Regime + Hold Filter","https://www.tradingview.com/script/mmvcdSob/","Fran_Pineda","https://www.tradingview.com/u/Fran_Pineda/","28/04/2026","6","0","181","Moving Averages | statistics | Trend Analysis","200"
"Volumetric Trend Structure [BOSWaves]","https://www.tradingview.com/script/1Tq7Dkna-Volumetric-Trend-Structure-BOSWaves/","BOSWaves","https://www.tradingview.com/u/BOSWaves/","28/04/2026","862","3","7377","boswaves | marketstructure | pivot | priceaction | signals | trend | Trend Analysis","200"
"Z-Score Mean Reversion Model","https://www.tradingview.com/script/xEZgA7VY-Z-Score-Mean-Reversion-Model/","futm_ftc","https://www.tradingview.com/u/futm_ftc/","28/04/2026","3","0","191","Bands and Channels | Volatility | Volume","200"
"EMA Custom (Inputlu) ENV","https://www.tradingview.com/script/w2hWw0vi/","envdrs","https://www.tradingview.com/u/envdrs/","28/04/2026","1","0","122","Bands and Channels | Breadth Indicators | Candlestick analysis","200"
"XAUUSD Master V4 Pro","https://www.tradingview.com/script/MRvdxR56/","yusufbeq","https://www.tradingview.com/u/yusufbeq/","29/04/2026","26","0","389","Candlestick analysis | forecasting | Volatility","200"
"Order Blocks [Auto + Overlap]","https://www.tradingview.com/script/2oBiJ7Se-order-blocks-auto-overlap/","AlexTraderPsycholog","https://www.tradingview.com/u/AlexTraderPsycholog/","28/04/2026","13","0","285","Pivot points and levels | Trend Analysis | Wave Analysis","200"
"4H Session Grid","https://www.tradingview.com/script/lVHb3xhO-4h-session-grid/","shaibeat","https://www.tradingview.com/u/shaibeat/","28/04/2026","9","0","198","Candlestick analysis","200"
"EMA Cloud with 5m Close Alert","https://www.tradingview.com/script/VNuJSX1h-EMA-Cloud-with-5m-Close-Alert/","swifty90","https://www.tradingview.com/u/swifty90/","28/04/2026","4","0","126","Bands and Channels","200"
"Open Momentum Engine [BTT]","https://www.tradingview.com/script/pvqvZYgU-Open-Momentum-Engine-BTT/","BrainTrustTrading","https://www.tradingview.com/u/BrainTrustTrading/","28/04/2026","1","0","102","Trend Analysis | Volatility | Volume","200"
"PD Arrays","https://www.tradingview.com/script/UbMpGKJz-PD-Arrays/","mickes","https://www.tradingview.com/u/mickes/","28/04/2026","41","0","549","pdarrays | supplyanddemmand | Support and Resistance | supportandresitance","200"
"SMC By Alex Melo","https://www.tradingview.com/script/uG0Pe1Ni/","alexmelo121083","https://www.tradingview.com/u/alexmelo121083/","28/04/2026","8","0","169","educational","200"
"Gold Bias Indicator - BUY / SELL Only","https://www.tradingview.com/script/HwmyZWyy-Gold-Bias-Indicator-BUY-SELL-Only/","priyanktyagipnp","https://www.tradingview.com/u/priyanktyagipnp/","29/04/2026","13","0","263","Directional Movement Index (DMI)","200"
"BM 15m","https://www.tradingview.com/script/0cy4hV8H-BM-15m/","beharm277","https://www.tradingview.com/u/beharm277/","28/04/2026","9","0","156","Candlestick analysis","200"
"HTF Right on frame","https://www.tradingview.com/script/S32XgY7O-HTF-Right-on-frame/","nigelfisher93","https://www.tradingview.com/u/nigelfisher93/","28/04/2026","6","0","200","Candlestick analysis","200"
"Channel Breakout [EXCAVO]","https://www.tradingview.com/script/9aFbqLcc-Channel-Breakout-EXCAVO/","EXCAVO","https://www.tradingview.com/u/EXCAVO/","28/04/2026","249","0","2183","breakout | Chart patterns | convergence | Parallel Channel | pattern | pivot | Trend Analysis | Volatility | Wedge","200"
"6 TAP Checklist","https://www.tradingview.com/script/Lql3Zq4X-6-TAP-Checklist/","derekmcdonald047","https://www.tradingview.com/u/derekmcdonald047/","28/04/2026","18","0","261","statistics","200"
"SH Consolidation Squeeze","https://www.tradingview.com/script/Wy8HvTiK-SH-Consolidation-Squeeze/","SilverHawkSuite_","https://www.tradingview.com/u/SilverHawkSuite_/","28/04/2026","10","0","182","Oscillators | Trend Analysis | Volatility","200"
"CHoCH VWAP Smart Money| julzALGO","https://www.tradingview.com/script/hFUWygT1-CHoCH-VWAP-Smart-Money-julzALGO/","julzALGO","https://www.tradingview.com/u/julzALGO/","28/04/2026","57","0","649","educational | Trend Analysis | Volume","200"
"MTF Vegas Tunnel Strategy & Pivots Hybrid [JOCKLEE06]","https://www.tradingview.com/script/VX61uiRS/","JOCKLEE06","https://www.tradingview.com/u/JOCKLEE06/","28/04/2026","2","0","187","Commodity Channel Index (CCI) | Exponential Moving Average (EMA) | multitimeframe","200"
"SMC Playbook - Structure, Liquidity & Waves","https://www.tradingview.com/script/XQk5WuFn-SMC-Playbook-Structure-Liquidity-Waves/","wielkieef","https://www.tradingview.com/u/wielkieef/","28/04/2026","41","0","569","discount | Kaufman's Adaptive Moving Average (KAMA) | liquidity | orderblocks | pivot | regime | resistence | sideways | support | Support and Resistance | Volume | waves","200"
"PHOENIX Swing Options Engine","https://www.tradingview.com/script/jtyzHIqO-PHOENIX-Swing-Options-Engine/","all_hail_the_data","https://www.tradingview.com/u/all_hail_the_data/","28/04/2026","7","0","144","options | Oscillators | Volatility","200"
"MCM 21d EMA Array","https://www.tradingview.com/script/mcm9RQjS-MCM-21d-EMA-Array/","mcmescher","https://www.tradingview.com/u/mcmescher/","28/04/2026","6","0","218","Exponential Moving Average (EMA) | Moving Averages | Simple Moving Average (SMA)","200"
"Daily High Low Reversal Alert v9_SARAN","https://www.tradingview.com/script/4O6y1LFM-Daily-High-Low-Reversal-Alert-v9-SARAN/","Jack9011","https://www.tradingview.com/u/Jack9011/","28/04/2026","4","0","142","Pivot Points | Pivot points and levels | Support and Resistance","200"
"15m Range SOP: The Complete Playbook","https://www.tradingview.com/script/S6PGe3zA-15m-Range-SOP-The-Complete-Playbook/","Talrayfox","https://www.tradingview.com/u/Talrayfox/","28/04/2026","14","0","275","Candlestick analysis | Chart patterns","200"
"Vestrix.ai Liquidity Atlas","https://www.tradingview.com/script/NgWB7Udh-Vestrix-ai-Liquidity-Atlas/","xriswart","https://www.tradingview.com/u/xriswart/","28/04/2026","165","0","1813","hidden | hunt | liquidity | Pivot points and levels | stoploss | sweeps","200"
"XAUUSD OIL Advisory","https://www.tradingview.com/script/Ka0qIn0s-XAUUSD-OIL-Advisory/","Quantum_neural2026","https://www.tradingview.com/u/Quantum_neural2026/","28/04/2026","2","0","97","Chart patterns | Pine utilities | Trend Analysis","200"
"Liquidity Heatmap - Fran Pineda","https://www.tradingview.com/script/sK0GfGBw/","Fran_Pineda","https://www.tradingview.com/u/Fran_Pineda/","28/04/2026","20","0","357","Fractal | multitimeframe | Pivot points and levels","200"
"JannSimple","https://www.tradingview.com/script/iSKzTAcL-JannSimple/","jann124","https://www.tradingview.com/u/jann124/","28/04/2026","7","0","149","educational | Moving Averages | Volume","200"
"Volume Plain JZ","https://www.tradingview.com/script/InWPZSlq-Volume-Plain-JZ/","jozik11","https://www.tradingview.com/u/jozik11/","28/04/2026","1","1","75","Volume","200"
"NGU 1.0 [KS]","https://www.tradingview.com/script/pAwpLBbT-NGU-1-0-KS/","kristian_ngut","https://www.tradingview.com/u/kristian_ngut/","28/04/2026","12","0","174","educational | Trend Analysis","200"
"AS 28.04.2026 - 1m Elephant + SMA + FVG + Adaptive Centric MA","https://www.tradingview.com/script/sjD2fhfP/","ColasBreugnon","https://www.tradingview.com/u/ColasBreugnon/","28/04/2026","24","1","382","Moving Averages | multitimeframe | Pivot points and levels","200"
"AS 28.04.2026 - 1 minute Elephant + SMA + FVG + Adaptive Centric","https://www.tradingview.com/script/uJx3RfUo/","ColasBreugnon","https://www.tradingview.com/u/ColasBreugnon/","28/04/2026","13","0","255","Moving Averages | Pivot points and levels | sentiment","200"
"BTC vs EMA120 / BTCDOM Switch","https://www.tradingview.com/script/F8w5LhQp-BTC-vs-EMA120-BTCDOM-Switch/","zhangyixiangece","https://www.tradingview.com/u/zhangyixiangece/","28/04/2026","6","0","160","Candlestick analysis","200"
"IrishGOD PDH/PDL Zones + Pre-Market H/L + MA Ribbon","https://www.tradingview.com/script/3FuTXPWZ-IrishGOD-PDH-PDL-Zones-Pre-Market-H-L-MA-Ribbon/","irishlenahan","https://www.tradingview.com/u/irishlenahan/","28/04/2026","5","0","185","highsandlows | movingavarage | moving_average | Moving Averages | multitimeframe | premarket | previoushighlow | Support and Resistance | zones | zonetrading","200"
"OT MTF Trend Dashboard 1.0","https://www.tradingview.com/script/8xpHZsTe/","Roongee","https://www.tradingview.com/u/Roongee/","28/04/2026","475","5","4153","Average True Range (ATR) | Exponential Moving Average (EMA) | multitimeframe","200"
"IrishGOD (ORB)","https://www.tradingview.com/script/z11HHgEo-IrishGOD-ORB/","irishlenahan","https://www.tradingview.com/u/irishlenahan/","28/04/2026","10","0","235","multitimeframe | orb | orbstrategy | Pivot points and levels | Support and Resistance | supportandresistancezones | supportandresitance","200"
"Candle Range Theory (CRT) New","https://www.tradingview.com/script/dVgWmPF9-Candle-Range-Theory-CRT-New/","CirisAshley","https://www.tradingview.com/u/CirisAshley/","28/04/2026","15","0","264","Bands and Channels | Candlestick analysis | Chart patterns","200"
"Ember Glow Oscillator [forexobroker]","https://www.tradingview.com/script/KJBS89au-Ember-Glow-Oscillator-forexobroker/","forexobroker","https://www.tradingview.com/u/forexobroker/","28/04/2026","7","0","228","Oscillators | Trend Analysis | Volume","200"
"Eclipse Transition Scanner [forexobroker]","https://www.tradingview.com/script/WxgSpePO-Eclipse-Transition-Scanner-forexobroker/","forexobroker","https://www.tradingview.com/u/forexobroker/","28/04/2026","16","0","271","Chart patterns | Moving Averages | Trend Analysis","200"
"Chameleon Regime Adapter [forexobroker]","https://www.tradingview.com/script/KfTQes3m-Chameleon-Regime-Adapter-forexobroker/","forexobroker","https://www.tradingview.com/u/forexobroker/","28/04/2026","1","0","150","Oscillators | Trend Analysis | Volatility","200"
"AI UltraTrend X Pro V1","https://www.tradingview.com/script/JWLN9X3s-AI-UltraTrend-X-Pro-V1/","ankgupta1987","https://www.tradingview.com/u/ankgupta1987/","28/04/2026","932","2","10486","breakout | Chart patterns | chartpattren | choch-bos-strategy | fundamental-analysis | liquidity | liquiditysweep | Trend Analysis | trendlineanalysis | Volatility","200"
"4theluv Full Sector Monitor (v7.1)","https://www.tradingview.com/script/YhOXeuIa-4theluv-Full-Sector-Monitor-v7-1/","MrKnowbuddy","https://www.tradingview.com/u/MrKnowbuddy/","28/04/2026","2","0","117","sentiment | Trend Analysis | Volume","200"
"CirisAshley CRT","https://www.tradingview.com/script/Qofdmg7V-CirisAshley-CRT/","CirisAshley","https://www.tradingview.com/u/CirisAshley/","29/04/2026","28","0","338","Bands and Channels | Candlestick analysis | Chart patterns","200"
"Daily H/L [Minimal]","https://www.tradingview.com/script/Ed9XSy6E-daily-h-l-minimal/","bobo_x","https://www.tradingview.com/u/bobo_x/","28/04/2026","12","0","219","Breadth Indicators | Candlestick analysis | pdh-pdl","200"
"Institutional Accumulation Engine","https://www.tradingview.com/script/IvCSwuXf-Institutional-Accumulation-Engine/","ravigeenesingh","https://www.tradingview.com/u/ravigeenesingh/","28/04/2026","1","0","84","Bands and Channels | Cycles","200"
"NQ Liquidity Zones (Pro Cluster - Ultimate) STM V1","https://www.tradingview.com/script/E6nhQvx0-NQ-Liquidity-Zones-Pro-Cluster-Ultimate-STM-V1/","StanTheTradingMan","https://www.tradingview.com/u/StanTheTradingMan/","28/04/2026","172","1","1730","futures | liquidity | marketstructures | NQ | NASDAQ 100 E-MINI FUTURES | Pivot points and levels | sentiment | smartmoneytrading | supply_and_demand | Supply Zone | supportandresistancezones | Volatility","200"
"[ A L P H A X ]  Momentum Flow","https://www.tradingview.com/script/ABV6o8r2-A-L-P-H-A-X-Momentum-Flow/","AlphaX-Trade","https://www.tradingview.com/u/AlphaX-Trade/","28/04/2026","57","2","699","alphax | Chart patterns | Divergence | macdcross | momentumstrategy | Oscillators | trading | Trend Analysis","200"
"Caldera Relative Pressure [JOAT]","https://www.tradingview.com/script/sJPQZ2Uy-Caldera-Relative-Pressure-JOAT/","officialjackofalltrades","https://www.tradingview.com/u/officialjackofalltrades/","28/04/2026","17","0","258","absorption | biasanalyzer | Chart patterns | compression | exhaustion | indicator-free | indicators | moving_average | Moving Averages | signals | Trend Analysis | trendlineanalysis","200"
"Tatum SMC Auto-Detector Pro","https://www.tradingview.com/script/iNA7tC0i-Tatum-SMC-Auto-Detector-Pro/","ekkalukphoto2","https://www.tradingview.com/u/ekkalukphoto2/","28/04/2026","19","0","287","Bands and Channels | Chart patterns","200"
"Clean Smart Entries","https://www.tradingview.com/script/f5xmoFrY-Clean-Smart-Entries/","fisa3223","https://www.tradingview.com/u/fisa3223/","28/04/2026","1","0","72","Chart patterns","200"
"TQQQ Dip Buy / Sell High Alerts","https://www.tradingview.com/script/Micd95le-TQQQ-Dip-Buy-Sell-High-Alerts/","Savage1144","https://www.tradingview.com/u/Savage1144/","28/04/2026","1","0","82","Candlestick analysis | Chart patterns","200"
"Candle Body Volatility Histogram","https://www.tradingview.com/script/L7mU3xDl/","tarotaro_n","https://www.tradingview.com/u/tarotaro_n/","28/04/2026","4","0","133","Advance/Decline Ratio | candle | Candlestick analysis | candlestickpattern | Chart patterns","200"
"Elliott Wave Indicator V2.5","https://www.tradingview.com/script/uLmuczN5-Elliott-Wave-Indicator-V2-5/","krishnaprasath2","https://www.tradingview.com/u/krishnaprasath2/","28/04/2026","5","0","178","Cycles","200"
"BTC Halving & US Elections (KenshinC)","https://www.tradingview.com/script/qlFRHYvW-BTC-Halving-US-Elections-KenshinC/","KenshinC","https://www.tradingview.com/u/KenshinC/","28/04/2026","3","0","174","Cycles","200"
"5 SMA MTF Touch Alert","https://www.tradingview.com/script/NWhwtQV7/","Sumo_fine","https://www.tradingview.com/u/Sumo_fine/","28/04/2026","7","0","113","Moving Averages","200"
"Elite FVG + Liquidity Execution Map","https://www.tradingview.com/script/rwZnrwLo-Elite-FVG-Liquidity-Execution-Map/","ztownsnq","https://www.tradingview.com/u/ztownsnq/","28/04/2026","7","0","159","Bands and Channels","200"
"Universal Option Suitability Master","https://www.tradingview.com/script/Td3TfkJc-Universal-Option-Suitability-Master/","Uniden202","https://www.tradingview.com/u/Uniden202/","28/04/2026","2","0","98","concept | options","200"
"All In One [Minimal]","https://www.tradingview.com/script/aL264czA-All-In-One-Minimal/","benjamenharper","https://www.tradingview.com/u/benjamenharper/","28/04/2026","19","0","273","educational","200"
"RSI + Volume + Consolidation + Market Entry","https://www.tradingview.com/script/P7gauWoK-RSI-Volume-Consolidation-Market-Entry/","nicklul1992","https://www.tradingview.com/u/nicklul1992/","28/04/2026","4","0","103","Chart patterns","200"
"OTE [Multi-TF] v2","https://www.tradingview.com/script/3sGc0NUH-OTE-Multi-TF-v2/","carvictor0101","https://www.tradingview.com/u/carvictor0101/","28/04/2026","40","0","440","Candlestick analysis | Chart patterns | Cycles","200"
"Asterion Regime Lattice [JOAT]","https://www.tradingview.com/script/CaOrfK0r-Asterion-Regime-Lattice-JOAT/","officialjackofalltrades","https://www.tradingview.com/u/officialjackofalltrades/","28/04/2026","11","0","213","Chart patterns | indicator-free | indicators | Momentum Oscillators | momentumstrategy | Moving Averages | quality | ranges | state | Trend Analysis | Trend Line Break | volatilty","200"
"Opening Range Rejection (ORR) - NY Open","https://www.tradingview.com/script/CahNWBsX-Opening-Range-Rejection-ORR-NY-Open/","searsmatt","https://www.tradingview.com/u/searsmatt/","28/04/2026","10","0","202","Candlestick analysis | Chart patterns | intraday | reversal | Trend Analysis","200"
"Marcador de Sesion PY (CME Liquidity)","https://www.tradingview.com/script/O4IRy3HB/","elenocaballero","https://www.tradingview.com/u/elenocaballero/","30/04/2026","5","0","162","Candlestick analysis | Cycles | Fundamental Analysis","200"
"EMA Compression PRO ELITE v6.2","https://www.tradingview.com/script/UIb1A2f8-EMA-Compression-PRO-ELITE-v6-2/","mdzarate","https://www.tradingview.com/u/mdzarate/","28/04/2026","21","0","299","educational | forecasting | Pine utilities","200"
"Fixed-price range nested channels","https://www.tradingview.com/script/u44LuMJU-Fixed-price-range-nested-channels/","krisoz","https://www.tradingview.com/u/krisoz/","28/04/2026","2","0","111","Bands and Channels | Cycles","200"
"ICT Macro + Session High Low Marker","https://www.tradingview.com/script/eosqxbXD-ICT-Macro-Session-High-Low-Marker/","kyzerfx","https://www.tradingview.com/u/kyzerfx/","27/04/2026","16","0","318","Cycles | educational | ict | macro | multitimeframe | session | timing","200"
"Auto Structure Lines","https://www.tradingview.com/script/4t9YrYtp-Auto-Structure-Lines/","tradermirkat","https://www.tradingview.com/u/tradermirkat/","27/04/2026","6","0","144","Bands and Channels | Chart patterns | Pivot points and levels","200"
"OGRO PRO PIVOT v2.1 FILTRADO","https://www.tradingview.com/script/xAfxmpuS/","TCMAN41","https://www.tradingview.com/u/TCMAN41/","27/04/2026","9","0","192","Chart patterns","200"
"Adaptive Wave Pressure Index [JOAT]","https://www.tradingview.com/script/0lhAlL5s-Adaptive-Wave-Pressure-Index-JOAT/","officialjackofalltrades","https://www.tradingview.com/u/officialjackofalltrades/","27/04/2026","35","1","425","Chart patterns | Divergence | histogram | indicator-free | indicators | oscillaltor | Trend Analysis | Trend Line Break | Volatility | volatilityindex | volatilty | waves","200"
"ICT Macro Time Highlighter - NY + London Macros","https://www.tradingview.com/script/g1Tdo6Ay-ICT-Macro-Time-Highlighter-NY-London-Macros/","kyzerfx","https://www.tradingview.com/u/kyzerfx/","27/04/2026","3","0","135","educational | ict | macro | options | Pine utilities | TIME","200"
"Multi-Timeframe RSI Box Adjustable","https://www.tradingview.com/script/bVbQ6Nl9-Multi-Timeframe-RSI-Box-Adjustable/","Ksjimi69","https://www.tradingview.com/u/Ksjimi69/","27/04/2026","2","0","92","multitimeframe | sentiment | Trend Analysis","200"
"Vol Regime Compass [N4]","https://www.tradingview.com/script/Df0C3ubO-Vol-Regime-Compass-N4/","ennne3","https://www.tradingview.com/u/ennne3/","27/04/2026","15","0","219","Portfolio management | Trend Analysis | Volatility","200"
"Negative Volume Index Oscillator [ZOM]","https://www.tradingview.com/script/6xHI4Y1z-Negative-Volume-Index-Oscillator-ZOM/","ZenOutMan","https://www.tradingview.com/u/ZenOutMan/","27/04/2026","12","0","236","Exponential Moving Average (EMA) | Oscillators | Volatility","200"
"Auto Trend Lines [ZOM]","https://www.tradingview.com/script/EWhIq6NJ-Auto-Trend-Lines-ZOM/","ZenOutMan","https://www.tradingview.com/u/ZenOutMan/","27/04/2026","399","1","3584","multitimeframe | Support and Resistance | Trend Analysis","200"
"Daily RSI divergence","https://www.tradingview.com/script/qybEBLnx-Daily-RSI-divergence/","Mattyx227","https://www.tradingview.com/u/Mattyx227/","27/04/2026","5","0","165","Breadth Indicators | Chart patterns | Oscillators","200"
"Volume Weighted Median Oscillator [AlgoAlpha]","https://www.tradingview.com/script/HOMrw9sY-Volume-Weighted-Median-Oscillator-AlgoAlpha/","AlgoAlpha","https://www.tradingview.com/u/AlgoAlpha/","27/04/2026","281","8","2319","algoalpha | meanreversion | medianline | Momentum Oscillators | momentumstrategy | statistics | Technical Analysis | Trend Analysis | trendfollower | trendfollowing | Volume | volumeweighted","200"
"Market Structure Suite [ZOM]","https://www.tradingview.com/script/rfDoIBeQ-Market-Structure-Suite-ZOM/","ZenOutMan","https://www.tradingview.com/u/ZenOutMan/","27/04/2026","24","0","363","Support and Resistance | Trend Analysis | Volatility","200"
"Price Relative Position","https://www.tradingview.com/script/NuySLeep-Price-Relative-Position/","rajtst17","https://www.tradingview.com/u/rajtst17/","27/04/2026","0","0","95","Fundamental Analysis | Moving Averages | Trend Analysis","200"
"Market Structure Shifts & Buy/Sell Strategy","https://www.tradingview.com/script/ekySPL7X/","kar2035kar","https://www.tradingview.com/u/kar2035kar/","27/04/2026","13","0","327","Candlestick analysis | Chart patterns | Cycles","200"
"Market Structure Break & Sinyaller","https://www.tradingview.com/script/TawHTbcz/","kar2035kar","https://www.tradingview.com/u/kar2035kar/","27/04/2026","9","0","241","Candlestick analysis | Chart patterns","200"
"Impulse Regime Engine [JOAT]","https://www.tradingview.com/script/38kr6fCI-Impulse-Regime-Engine-JOAT/","officialjackofalltrades","https://www.tradingview.com/u/officialjackofalltrades/","27/04/2026","30","0","384","impulse | indicator-free | indicators | Moving Averages | rsi_divergence | Trend Analysis | trendbias | Trend Line Break | trendtrading | VOLUMEBREAKOUT | volumespreadanalysis | Volume","200"
"Indices Delta Dashboard","https://www.tradingview.com/script/Otfsei46-Indices-Delta-Dashboard/","daytrader53","https://www.tradingview.com/u/daytrader53/","27/04/2026","6","0","202","Pine utilities | statistics | Volatility","200"
"ZCT USD Volume","https://www.tradingview.com/script/WxynzLFO-ZCT-USD-Volume/","Shamsi10","https://www.tradingview.com/u/Shamsi10/","27/04/2026","1","0","69","Moving Averages | Volatility | Volume","200"
"Multi-Timeframe MA Dashboard","https://www.tradingview.com/script/52NgbCju-Multi-Timeframe-MA-Dashboard/","dwdventer","https://www.tradingview.com/u/dwdventer/","27/04/2026","6","0","179","Exponential Moving Average (EMA) | Simple Moving Average (SMA) | Variable Index Dynamic Average (VIDYA)","200"
"Clouds Daily","https://www.tradingview.com/script/q42KfCFy-Clouds-Daily/","tradermirkat","https://www.tradingview.com/u/tradermirkat/","27/04/2026","12","0","195","Bands and Channels | Moving Averages | options","200"
"ORB 5, 15 and 30 Range Indicator","https://www.tradingview.com/script/DJHRW9Ep-ORB-5-15-and-30-Range-Indicator/","notcam45","https://www.tradingview.com/u/notcam45/","27/04/2026","5","0","115","Bands and Channels | Cycles","200"
"ORB High/Low + Fibonacci Targets","https://www.tradingview.com/script/KzKEcLZ5-ORB-High-Low-Fibonacci-Targets/","PapperMind","https://www.tradingview.com/u/PapperMind/","27/04/2026","43","0","469","Candlestick analysis | educational | openingrange | openingrangebreakout | orb | Trend Analysis","200"
"Silver Bullet Zone - Tijuana (7AM-9AM)","https://www.tradingview.com/script/Lbq2Qe8b/","Abiezerk","https://www.tradingview.com/u/Abiezerk/","27/04/2026","0","0","115","Cycles | multitimeframe | Volatility","200"
"Multi-TF Profiles & VWAPs [edge]","https://www.tradingview.com/script/HdpX22wO-Multi-TF-Profiles-VWAPs-edge/","drlit","https://www.tradingview.com/u/drlit/","27/04/2026","9","0","261","multitimeframe | Trend Analysis | Volume","200"
"DJukson PAR_SAR + MACD","https://www.tradingview.com/script/g42FkgdK-DJukson-PAR-SAR-MACD/","Duka_ludi_trader","https://www.tradingview.com/u/Duka_ludi_trader/","27/04/2026","5","0","212","Exponential Moving Average (EMA) | Moving Average Convergence / Divergence (MACD) | options","200"
"RV 52-Week High (Weekly)","https://www.tradingview.com/script/bJj90P2Z-RV-52-Week-High-Weekly/","Rohit_Verma_LearningXachine","https://www.tradingview.com/u/Rohit_Verma_LearningXachine/","27/04/2026","0","0","52","Chart patterns","200"
"NQ Reversal BG Ultra Faded STM F","https://www.tradingview.com/script/RoA6l52h-NQ-Reversal-BG-Ultra-Faded-STM-F/","StanTheTradingMan","https://www.tradingview.com/u/StanTheTradingMan/","28/04/2026","12","0","217","Chart patterns | Cycles | forecasting | futures | NQ | NASDAQ 100 E-MINI FUTURES | reversaltrading | sessiontiming","200"
"LuxQuant - QQE Terminal","https://www.tradingview.com/script/LpRPitRA-LuxQuant-QQE-Terminal/","The_Estonian_","https://www.tradingview.com/u/The_Estonian_/","27/04/2026","161","2","1759","educational | Oscillators | Trend Analysis","200"
"edgeful - candle gaps","https://www.tradingview.com/script/IQq2Sj88-edgeful-candle-gaps/","getedgeful","https://www.tradingview.com/u/getedgeful/","27/04/2026","42","0","408","Candlestick analysis | Chart patterns | Volatility","200"
"Adaptive Reclaim Engine (ARE)","https://www.tradingview.com/script/wKxmzQqc-Adaptive-Reclaim-Engine-ARE/","TradeManager_PRO","https://www.tradingview.com/u/TradeManager_PRO/","27/04/2026","675","1","6248","S&P 500 E-Mini Futures | NASDAQ 100 E-MINI FUTURES | Trend Analysis | Volatility | Volume","200"
"Institutional Multi-Model Alpha","https://www.tradingview.com/script/7zTv0D3C-Institutional-Multi-Model-Alpha/","sizmical","https://www.tradingview.com/u/sizmical/","27/04/2026","14","0","210","educational | forecasting | Harmonic Patterns","200"
"Watermark [Y.Algo]","https://www.tradingview.com/script/3xxZgUGr/","YAlgo","https://www.tradingview.com/u/YAlgo/","27/04/2026","24","0","223","Pine utilities","200"
"Bougie 9h Paris - High & Low du jour","https://www.tradingview.com/script/ueI1t1d0/","JulianDaMoore","https://www.tradingview.com/u/JulianDaMoore/","27/04/2026","8","0","202","Cycles","200"
"PMH/PML + ORH/ORL + PDH/PDL Auto Regular Chart","https://www.tradingview.com/script/IEWAVaaG-PMH-PML-ORH-ORL-PDH-PDL-Auto-Regular-Chart/","nick_harris_15","https://www.tradingview.com/u/nick_harris_15/","27/04/2026","5","0","230","Pivot points and levels","200"
"0000 Intraday & Overnight Gap Rotation v17.00","https://www.tradingview.com/script/ZEnX8Nmn/","shitholed","https://www.tradingview.com/u/shitholed/","27/04/2026","12","0","163","forecasting | Portfolio management","200"
"3/252 MA","https://www.tradingview.com/script/2IguNN0i-3-252-MA/","ferdor","https://www.tradingview.com/u/ferdor/","27/04/2026","0","0","119","Moving Averages | Simple Moving Average (SMA) | sma","200"
"Cambio Tendencia Ema","https://www.tradingview.com/script/AaCGbfMZ/","JeovaniNav","https://www.tradingview.com/u/JeovaniNav/","27/04/2026","12","1","267","Moving Averages","200"
"BoaBias: Anchored Swing VWAP (MTF) - Touch, Alerts, Stats","https://www.tradingview.com/script/Q7UiNdAv-BoaBias-Anchored-Swing-VWAP-MTF-Touch-Alerts-Stats/","Goldfinch_song","https://www.tradingview.com/u/Goldfinch_song/","27/04/2026","9","0","244","multitimeframe | statistics | Volume Weighted Average Price (VWAP)","200"
"Clean Trendline ELITE (3 Touch + Strength)","https://www.tradingview.com/script/V0IQZ1zf-Clean-Trendline-ELITE-3-Touch-Strength/","Kevin_rhodes","https://www.tradingview.com/u/Kevin_rhodes/","27/04/2026","28","0","344","Chart patterns","200"
"Contiunation Forex - alerte","https://www.tradingview.com/script/QF73OzFJ-Contiunation-Forex-alerte/","AN3EY","https://www.tradingview.com/u/AN3EY/","27/04/2026","26","0","309","multitimeframe","200"
"Hyper-Visual EMA/SMA Hybrid Trend System [JOCKLEE06]","https://www.tradingview.com/script/BNhq4EFJ/","JOCKLEE06","https://www.tradingview.com/u/JOCKLEE06/","27/04/2026","27","0","434","Exponential Moving Average (EMA) | Moving Averages | Simple Moving Average (SMA)","200"
"Market Bias Dashboard (MBD) [SharpStrat]","https://www.tradingview.com/script/GtXs58u3-Market-Bias-Dashboard-MBD-SharpStrat/","SharpStrat","https://www.tradingview.com/u/SharpStrat/","27/04/2026","8","0","202","bias | biasanalyzer | marketdashboard | multitimeframe | multitimeframeanalysis | sentiment | sharpstrat | structure | timeframe | Trend Analysis","200"
"Price Regime Oscillator","https://www.tradingview.com/script/OI0i36SJ-Price-Regime-Oscillator/","Aleksin_Aleksandar","https://www.tradingview.com/u/Aleksin_Aleksandar/","27/04/2026","22","0","327","Exponential Moving Average (EMA) | Volatility | Volume","200"
"Lumina Trend Channels & Bands [Pineify]","https://www.tradingview.com/script/sw5a20Fo-Lumina-Trend-Channels-Bands-Pineify/","Pineify","https://www.tradingview.com/u/Pineify/","27/04/2026","221","0","2001","bands | Bands and Channels | BB | Bollinger Bands (BB) | Parallel Channel | Trend Analysis | trending","200"
"Volatility Stop Selector","https://www.tradingview.com/script/ZJyofNiZ-Volatility-Stop-Selector/","QuantitativeAlpha","https://www.tradingview.com/u/QuantitativeAlpha/","27/04/2026","224","0","2729","adaptive | automatic | backtest | backtester | optimization | optimizer | strategytesting | Trend Analysis | trendfollowing | trendtrading | Volatility | Volatility Stop","200"
"Momentum Setup","https://www.tradingview.com/script/TqGmHk1N-Momentum-Setup/","btraderb","https://www.tradingview.com/u/btraderb/","27/04/2026","2","0","147","Candlestick analysis","200"
"FVG Inverse (IFVG) All Timeframes","https://www.tradingview.com/script/GTmpjzYs-FVG-Inverse-IFVG-All-Timeframes/","JustinOnTheCharts","https://www.tradingview.com/u/JustinOnTheCharts/","27/04/2026","7","0","255","Candlestick analysis | Chart patterns | fairvaluegap | Fundamental Analysis | fvg | ifvg | inversefairvaluegap","200"
"MTF EMA Trend Dashboard","https://www.tradingview.com/script/CZxWNBbu/","roby24","https://www.tradingview.com/u/roby24/","27/04/2026","0","0","137","Trend Analysis","200"
"Mauloa Ventures Clean Setup","https://www.tradingview.com/script/MxX6CztU-Mauloa-Ventures-Clean-Setup/","mauloaventures","https://www.tradingview.com/u/mauloaventures/","27/04/2026","1","0","104","Chart patterns","200"
"BLUF_Regime_Signal","https://www.tradingview.com/script/96Y3Gj6P-BLUF-Regime-Signal/","iked33","https://www.tradingview.com/u/iked33/","01/05/2026","3","0","158","Bands and Channels | Breadth Indicators | options","200"
"Pivot Points with CPR by KC","https://www.tradingview.com/script/oLyR1Ryq-Pivot-Points-with-CPR-by-KC/","chaitanya1508","https://www.tradingview.com/u/chaitanya1508/","27/04/2026","17","0","232","Pivot points and levels","200"
"Ranked FVG Imbalance Zones (Zeiierman)","https://www.tradingview.com/script/Z4h7vDqN-Ranked-FVG-Imbalance-Zones-Zeiierman/","Zeiierman","https://www.tradingview.com/u/Zeiierman/","27/04/2026","888","4","6449","fvg | fvgindicator | fvgzones | imbalance | imbalanceindicator | imbalancezone | Pivot points and levels | rankedfvg | rankedimbalance | Volume","200"
"Adaptive Momentum Velocity Ribbon","https://www.tradingview.com/script/x3HqXTuL-Adaptive-Momentum-Velocity-Ribbon/","ChartPrime","https://www.tradingview.com/u/ChartPrime/","27/04/2026","450","2","3448","average | moving | Moving Averages | signals | trend","200"
"Analyst Price Target","https://www.tradingview.com/script/0zEdjxTl-Analyst-Price-Target/","himanshusomani007","https://www.tradingview.com/u/himanshusomani007/","27/04/2026","4","0","177","educational | Fundamental Analysis","200"
"Price Action Internal Structure","https://www.tradingview.com/script/UvY5GbjM-Price-Action-Internal-Structure/","chaitanya_darapureddy","https://www.tradingview.com/u/chaitanya_darapureddy/","27/04/2026","23","0","356","Candlestick analysis | Chart patterns","200"
"Volatility-Driven VWAP Structure (Zeiierman)","https://www.tradingview.com/script/LUiMCGHl-Volatility-Driven-VWAP-Structure-Zeiierman/","Zeiierman","https://www.tradingview.com/u/Zeiierman/","27/04/2026","695","3","5548","Bands and Channels | structuremean | volatilitydrivenvwap | Volume Indicator | Volume Weighted Average Price (VWAP) | vwapbands | vwapstrategy | vwapstructure","200"
"Reaction Follow-Through Planner [AGPro Series]","https://www.tradingview.com/script/sI06GmrZ-Reaction-Follow-Through-Planner-AGPro-Series/","AGProLabs","https://www.tradingview.com/u/AGProLabs/","27/04/2026","19","0","277","invalidation | price-action | reaction-follow-through | reaction-quality | risk-management | setup-quality | swing-reaction | target-room | trade-planning | Trend Analysis","200"
"Reversal Confirmation Planner [AGPro Series]","https://www.tradingview.com/script/TXJIhe5N-Reversal-Confirmation-Planner-AGPro-Series/","AGProLabs","https://www.tradingview.com/u/AGProLabs/","29/04/2026","34","0","483","confirmation-score | invalidation | MOMENTUM-TUR | reversal-planner | reversion-confirmation | risk-planning | sweep-confirmation | target-room | Trend Analysis | wick-rejection","200"
"Dynamic Range Deviation & Volatility Exhaustion","https://www.tradingview.com/script/T0iQMcuQ-Dynamic-Range-Deviation-Volatility-Exhaustion/","rafstar_kaczmarek","https://www.tradingview.com/u/rafstar_kaczmarek/","27/04/2026","15","0","221","statistics | Trend Analysis | Volatility","200"
"Adaptive Support and Resistance Zones [BigBeluga]","https://www.tradingview.com/script/E8byEL6g-Adaptive-Support-and-Resistance-Zones-BigBeluga/","BigBeluga","https://www.tradingview.com/u/BigBeluga/","27/04/2026","2137","16","16788","Bands and Channels | breakouts | breakoutsignal | levels | Pivot Points | Pivot points and levels | resistances | support | support_and_resistance | supportandresistancezones | supportandresitance | tradingzones","200"
"Candle Expansion Readiness [AGPro Series]","https://www.tradingview.com/script/89lU51k1-Candle-Expansion-Readiness-AGPro-Series/","AGProLabs","https://www.tradingview.com/u/AGProLabs/","27/04/2026","11","0","292","ATR | candle-expansion | candle-quality | Chart patterns | follow-through | price-action | readiness-score | relative-volume | RISK-EDGE | Trend Analysis","200"
"ATH Drawdown Accumulation Tracker","https://www.tradingview.com/script/44OrYMLH-ATH-Drawdown-Accumulation-Tracker/","distinctSeahor20287","https://www.tradingview.com/u/distinctSeahor20287/","27/04/2026","2","0","121","Bands and Channels | Bill Williams Indicators | Breadth Indicators","200"
"Acceptance Breakout Planner [AGPro Series]","https://www.tradingview.com/script/1IkNyGxi-Acceptance-Breakout-Planner-AGPro-Series/","AGProLabs","https://www.tradingview.com/u/AGProLabs/","27/04/2026","8","0","222","acceptance | breakout | breakout-planner | BREAKOUT-QUALITY | failure-risk | price-action | price-action-trading | retest-hold | trade-planning | Trend Analysis","200"
"UK 1900 2100 Highlight","https://www.tradingview.com/script/yJU1pHCT-UK-1900-2100-Highlight/","mcmichaelcarruthers","https://www.tradingview.com/u/mcmichaelcarruthers/","27/04/2026","2","0","56","multitimeframe","200"
"Committed Buy-Sell + EMAs","https://www.tradingview.com/script/XRlKCo6g-Committed-Buy-Sell-EMAs/","krunal2711","https://www.tradingview.com/u/krunal2711/","27/04/2026","1","0","86","Candlestick analysis | Chart patterns","200"
"TraxisLab - Bitcoin Market Edge","https://www.tradingview.com/script/cC1zyMGl/","TraxisLab","https://www.tradingview.com/u/TraxisLab/","27/04/2026","9","0","241","Chart patterns | Cycles | forecasting","200"
"Engulfing Pattern Detector [SSFX]","https://www.tradingview.com/script/4gOsbSI2-Engulfing-Pattern-Detector-SSFX/","SimplySafeFx","https://www.tradingview.com/u/SimplySafeFx/","27/04/2026","17","0","311","Candlestick analysis | engulfingbearish | engulfingbullish | Engulfing Candle | engulfingpattern | engulfings","200"
"Reclaim Breakout Planner [AGPro Series]","https://www.tradingview.com/script/GWlCTx9w-Reclaim-Breakout-Planner-AGPro-Series/","AGProLabs","https://www.tradingview.com/u/AGProLabs/","27/04/2026","7","0","193","breakout-planner | BREAKOUT-QUALITY | reclaim-breakout | retest-reclaim | RISK-EDGE | structure-levels | target-corridor | trade-planning | trading-course | Trend Analysis","200"
"JEETU PRO PCR & OI SMART MASTER + CVD","https://www.tradingview.com/script/f3dilPJh-JEETU-PRO-PCR-OI-SMART-MASTER-CVD/","jeetunse","https://www.tradingview.com/u/jeetunse/","27/04/2026","26","0","440","options | Volume","200"
"Gap Continuation Planner [AGPro Series]","https://www.tradingview.com/script/GRyJxOHC-Gap-Continuation-Planner-AGPro-Series/","AGProLabs","https://www.tradingview.com/u/AGProLabs/","27/04/2026","8","0","223","continuation | execution-readiness | gap-continuation | gap-trading | opening-gap | risk-planning | setup-quality | trade-planner | Trend Analysis | Volatility","200"
"[Nanqiao] HTF Dynamic Timeframe Dividers","https://www.tradingview.com/script/obRSd9sk/","NanqiaoPriceAction","https://www.tradingview.com/u/NanqiaoPriceAction/","27/04/2026","6","1","165","Candlestick analysis | Chart patterns | Cycles","200"
"Initial Balance Break Planner [AGPro Series]","https://www.tradingview.com/script/yWvkKAA9-Initial-Balance-Break-Planner-AGPro-Series/","AGProLabs","https://www.tradingview.com/u/AGProLabs/","27/04/2026","18","0","292","acceptance-score | breakout-planner | failure-risk | IB | initial-balance | intraday | risk-planning | session-breakout | target-rails | Trend Analysis","200"
"EMA Cloud","https://www.tradingview.com/script/cbv0gCvW-EMA-Cloud/","ZenithClown","https://www.tradingview.com/u/ZenithClown/","28/04/2026","4","0","175","Chart patterns | Cycles | Exponential Moving Average (EMA)","200"
"Session Range Expansion Planner [AGPro Series]","https://www.tradingview.com/script/ZfdVGEZ7-Session-Range-Expansion-Planner-AGPro-Series/","AGProLabs","https://www.tradingview.com/u/AGProLabs/","27/04/2026","11","0","221","BREAKOUT-QUALITY | execution-readiness | intraday-trading | opening-balance | range-expansion | risk-planning | session-range | trade-planning | Trend Analysis | volatility-expansion","200"
"Alpha Terminal V16.3 - Grand Pro","https://www.tradingview.com/script/xSJz6Tgw/","sambos55","https://www.tradingview.com/u/sambos55/","27/04/2026","5","0","132","Bands and Channels","200"
"Checklist","https://www.tradingview.com/script/U4C84fIR-Checklist/","imaadmerchant","https://www.tradingview.com/u/imaadmerchant/","27/04/2026","7","0","157","Candlestick analysis | Cycles","200"
"Ultimate Opening Range Breakout [hide4dexter]","https://www.tradingview.com/script/C096qMYl-Ultimate-Opening-Range-Breakout-hide4dexter/","rc_trader7","https://www.tradingview.com/u/rc_trader7/","27/04/2026","6","0","198","Candlestick analysis","200"
"Opening Drive Quality [AGPro Series]","https://www.tradingview.com/script/6Ybt9Fyd-Opening-Drive-Quality-AGPro-Series/","AGProLabs","https://www.tradingview.com/u/AGProLabs/","27/04/2026","16","0","351","execution-planner | follow-through | intraday | opening-drive | opening-range | pullback-quality | RISK-LINE | session-trading | target-room | Trend Analysis","200"
"Infinity Capital 4H","https://www.tradingview.com/script/BIFPo4Mp-Infinity-Capital-4H/","NickySantorro","https://www.tradingview.com/u/NickySantorro/","27/04/2026","25","0","355","educational | Fractal | Pivot points and levels","200"
"Volume Expansion Breakout Planner [AGPro Series]","https://www.tradingview.com/script/md5hsTEP-Volume-Expansion-Breakout-Planner-AGPro-Series/","AGProLabs","https://www.tradingview.com/u/AGProLabs/","27/04/2026","14","0","281","acceptance | breakout | BREAKOUT-QUALITY | invalidation | price-action | relative-volume | rvol | trade-planning | Trend Analysis | Volume","200"
"Gold Intel Pro","https://www.tradingview.com/script/P5kJO6ij-Gold-Intel-Pro/","GodsOwnTraders","https://www.tradingview.com/u/GodsOwnTraders/","28/04/2026","13","0","215","Bands and Channels | Chart patterns | Cycles","200"
"Range Escape Planner [AGPro Series]","https://www.tradingview.com/script/PBnfYx2W-Range-Escape-Planner-AGPro-Series/","AGProLabs","https://www.tradingview.com/u/AGProLabs/","27/04/2026","15","0","295","BREAKOUT-QUALITY | invalidation | range-breakout | range-escape | retest | risk-planning | target-guide | trade-planner | Trend Analysis | volatility-expansion","200"
"Alpha Fusion X-Ray V3.2 [Whale Tracker]","https://www.tradingview.com/script/m7QrmemA/","sambos55","https://www.tradingview.com/u/sambos55/","27/04/2026","7","0","154","Bands and Channels","200"
"Trade Date & Time Stamp for Screenshots","https://www.tradingview.com/script/h5XOpA4n-Trade-Date-Time-Stamp-for-Screenshots/","bart1mil","https://www.tradingview.com/u/bart1mil/","27/04/2026","2","0","136","educational | journaling | multitimeframe | screenshot | statistics | timestamp","200"
"SniperRUN","https://www.tradingview.com/script/GQUWhtvt/","NuevaRumasa","https://www.tradingview.com/u/NuevaRumasa/","27/04/2026","596","3","4531","Bands and Channels","200"
"Breakout Failure Recovery [AGPro Series]","https://www.tradingview.com/script/gwjD8ltH-Breakout-Failure-Recovery-AGPro-Series/","AGProLabs","https://www.tradingview.com/u/AGProLabs/","27/04/2026","9","0","256","breakout-failure | BREAKOUT-QUALITY | failed-breakout | reclaim | recovery-score | retest | risk-planning | setup-quality | trade-management | Trend Analysis","200"
"Trading Sessions","https://www.tradingview.com/script/kJAA5Rjh-Trading-Sessions/","Bryant2687","https://www.tradingview.com/u/Bryant2687/","27/04/2026","4","0","131","Chart patterns","200"
"TraxisLab - Liquidation Heatmap","https://www.tradingview.com/script/4zuTdPyD/","TraxisLab","https://www.tradingview.com/u/TraxisLab/","27/04/2026","42","0","607","Cycles | forecasting | Trend Analysis","200"
"TraxisLab - Reversal Engine","https://www.tradingview.com/script/0kBpLwn1/","TraxisLab","https://www.tradingview.com/u/TraxisLab/","27/04/2026","8","0","220","Chart patterns | forecasting | Trend Analysis","200"
"TraxisLab - Alpha Engine","https://www.tradingview.com/script/iuusGCLG/","TraxisLab","https://www.tradingview.com/u/TraxisLab/","27/04/2026","3","0","174","Bands and Channels | Chart patterns | Cycles","200"
"Top Bottom Reversal Entries + Clean Timeframe TP","https://www.tradingview.com/script/xp4THHEm/","TraxisLab","https://www.tradingview.com/u/TraxisLab/","27/04/2026","56","0","657","Chart patterns | forecasting | Trend Analysis","200"
"Confluence Hunter","https://www.tradingview.com/script/uCbNwVse-Confluence-Hunter/","novascotiamuman","https://www.tradingview.com/u/novascotiamuman/","27/04/2026","7","0","238","Momentum Indicator (MOM) | Volume | Volume Weighted Average Price (VWAP)","200"
"Track n Trail","https://www.tradingview.com/script/RV7gLXQN-Track-n-Trail/","tusharwarhate","https://www.tradingview.com/u/tusharwarhate/","27/04/2026","2","0","176","Bands and Channels | Candlestick analysis | Chart patterns","200"
"AzaInside","https://www.tradingview.com/script/xTsvD6WO-azainside/","anuarbekazamat1990","https://www.tradingview.com/u/anuarbekazamat1990/","27/04/2026","6","0","144","Candlestick analysis | Chart patterns | concept","200"
"TraxisLab - Core Map","https://www.tradingview.com/script/14KYMQd3/","TraxisLab","https://www.tradingview.com/u/TraxisLab/","27/04/2026","7","0","228","Cycles | forecasting | Trend Analysis","200"
"49 EMA Titty Bands","https://www.tradingview.com/script/2KL4RnCl-49-EMA-Titty-Bands/","mr.2more","https://www.tradingview.com/u/mr.2more/","27/04/2026","4","0","147","Bands and Channels | Chart patterns | Pivot points and levels","200"
"Swing Delta Pressure | julzALGO","https://www.tradingview.com/script/fWvslvaO-Swing-Delta-Pressure-julzALGO/","julzALGO","https://www.tradingview.com/u/julzALGO/","27/04/2026","49","2","718","educational | Trend Analysis | Wave Analysis","200"
"Performance Box (1M / 3M / 6M)","https://www.tradingview.com/script/qpv0eyU8-Performance-Box-1M-3M-6M/","ZulSyirah","https://www.tradingview.com/u/ZulSyirah/","27/04/2026","0","0","104","Cycles | multitimeframe | sentiment","200"
"Flow-Regime","https://www.tradingview.com/script/W46mSzC6-Flow-Regime/","felixhsuN","https://www.tradingview.com/u/felixhsuN/","27/04/2026","152","0","1489","Accumulation / Distribution Line (ADL) | Commodity Channel Index (CCI) | On Balance Volume (OBV)","200"
"SMVD Ultra Clean Sniper","https://www.tradingview.com/script/IvglupDg-SMVD-Ultra-Clean-Sniper/","smvdtravelsolutions","https://www.tradingview.com/u/smvdtravelsolutions/","27/04/2026","18","0","265","Candlestick analysis | Chart patterns | Cycles","200"
"MA/EMA","https://www.tradingview.com/script/d6Rgq8wd-MA-EMA/","Dattran3678","https://www.tradingview.com/u/Dattran3678/","27/04/2026","2","0","184","Exponential Moving Average (EMA) | Moving Averages | Simple Moving Average (SMA)","200"
"MA","https://www.tradingview.com/script/xHJpVjkk-MA/","KT_Investing","https://www.tradingview.com/u/KT_Investing/","27/04/2026","2","0","149","Exponential Moving Average (EMA) | Simple Moving Average (SMA) | Trend Analysis","200"
"Untested Highs & Lows (Auto Remove When Tested)","https://www.tradingview.com/script/LAE7fG1J-Untested-Highs-Lows-Auto-Remove-When-Tested/","ericadanea","https://www.tradingview.com/u/ericadanea/","27/04/2026","35","0","518","Pine utilities | Pivot points and levels","200"
"VRTtrading Volume Bubbles","https://www.tradingview.com/script/PVuht9ZV-VRTtrading-Volume-Bubbles/","kevintulo","https://www.tradingview.com/u/kevintulo/","27/04/2026","16","0","338","Volume","200"
"MGC SMA Gravity + Extreme Stretch + Joe Dirt Scanner","https://www.tradingview.com/script/xw3r1RJ1-MGC-SMA-Gravity-Extreme-Stretch-Joe-Dirt-Scanner/","Nhmoore2010","https://www.tradingview.com/u/Nhmoore2010/","27/04/2026","5","1","139","Moving Averages | multitimeframe | Trend Analysis","200"
"Daily OHLC + POC + VAH/VAL + ATR Lookup Table","https://www.tradingview.com/script/OhtRbBnP-Daily-OHLC-POC-VAH-VAL-ATR-Lookup-Table/","georgep0014","https://www.tradingview.com/u/georgep0014/","27/04/2026","10","0","173","Price Volume Trend (PVT) | statistics | Volume","200"
"Custom ORB, Premarket & EMAs 1.2","https://www.tradingview.com/script/hua86h0X-Custom-ORB-Premarket-EMAs-1-2/","michaellitton16","https://www.tradingview.com/u/michaellitton16/","27/04/2026","14","0","243","Candlestick analysis | forecasting | multitimeframe","200"
"Volatility Hull Ribbon [BackQuant]","https://www.tradingview.com/script/rcEzc5c7-Volatility-Hull-Ribbon-BackQuant/","BackQuant","https://www.tradingview.com/u/BackQuant/","27/04/2026","213","0","1744","backquant | chart | hull | Hull Moving Average (HMA) | longs | price | ribbon | statistics | VOL | Volatility | weightedma","200"
"ALG FVG Indicator (First FVG 9:05 to 11:30 NY)","https://www.tradingview.com/script/FTIP05iD-ALG-FVG-Indicator-First-FVG-9-05-to-11-30-NY/","promptedinterior","https://www.tradingview.com/u/promptedinterior/","27/04/2026","9","0","221","Chart patterns","200"
"Volatility Compression Oscillator [JOAT]","https://www.tradingview.com/script/KpQrPKr7-Volatility-Compression-Oscillator-JOAT/","officialjackofalltrades","https://www.tradingview.com/u/officialjackofalltrades/","27/04/2026","41","0","441","barspattern | Chart patterns | Divergence | histogram | indicator-free | indicators | moving_average | oscillaltor | Trend Analysis | Volatility | volatilityindex | volatilty","200"
"Big Order Candle Detector","https://www.tradingview.com/script/DmQTL5cg-Big-Order-Candle-Detector/","Hampeh","https://www.tradingview.com/u/Hampeh/","27/04/2026","114","1","1299","bigorders | block | breakouttrading | Candlestick analysis | Chart patterns | scalping | Support and Resistance | supportandresistancezones | swingtrading | Trend Line Break","200"
"XAUUSD Scalping Pro - Macd combine","https://www.tradingview.com/script/AUlzihA6/","yusufbeq","https://www.tradingview.com/u/yusufbeq/","27/04/2026","16","0","214","Candlestick analysis | Chart patterns | forecasting","200"
"UTC-4 Session levels","https://www.tradingview.com/script/hEK4fENw-UTC-4-Session-levels/","iannacone_anthony07","https://www.tradingview.com/u/iannacone_anthony07/","27/04/2026","0","0","81","Cycles","200"
"Trinity Signal v3.3","https://www.tradingview.com/script/ccynpA59-Trinity-Signal-v3-3/","Parristolavish","https://www.tradingview.com/u/Parristolavish/","27/04/2026","15","0","310","Bands and Channels | Breadth Indicators | Candlestick analysis","200"
"SPY VVIX VIX Buy Hold Sell System","https://www.tradingview.com/script/lbjC0hA2-SPY-VVIX-VIX-Buy-Hold-Sell-System/","asdpwr","https://www.tradingview.com/u/asdpwr/","27/04/2026","9","0","239","Chart patterns | Rate of Change (ROC) | Volatility Stop","200"
"TMA Core Volume Engine V6 [Signals + Dashboard]","https://www.tradingview.com/script/kmB7mQGj-TMA-Core-Volume-Engine-V6-Signals-Dashboard/","trendmastera","https://www.tradingview.com/u/trendmastera/","27/04/2026","3","0","188","Trend Analysis | Volatility | Volume","200"
"SPY VVIX VIX Buy Hold Sell System","https://www.tradingview.com/script/dHO9VOSi-SPY-VVIX-VIX-Buy-Hold-Sell-System/","asdpwr","https://www.tradingview.com/u/asdpwr/","27/04/2026","3","0","156","Chart patterns | forecasting | SPDR S&P 500 ETF (SPY) | Volatility Stop","200"
"Synvoya Confluence (SMC)","https://www.tradingview.com/script/HOn58Hqn-Synvoya-Confluence-SMC/","Synvoya","https://www.tradingview.com/u/Synvoya/","29/04/2026","52","0","641","Chart patterns | Support and Resistance | Trend Analysis","200"
"Multi-Timeframe Alignment Alert - 1 Min to Weekly Timeframe","https://www.tradingview.com/script/HEhHNPds-Multi-Timeframe-Alignment-Alert-1-Min-to-Weekly-Timeframe/","rodtradessometimes","https://www.tradingview.com/u/rodtradessometimes/","26/04/2026","6","0","226","Bands and Channels","200"
"Custom ORB, Premarket & EMAs, Money Mike","https://www.tradingview.com/script/NZFJ0xF1-Custom-ORB-Premarket-EMAs-Money-Mike/","michaellitton16","https://www.tradingview.com/u/michaellitton16/","26/04/2026","26","1","405","multitimeframe | Support and Resistance","200"
"Regression Deviation Channel [JOAT]","https://www.tradingview.com/script/qdbgt1Oe-Regression-Deviation-Channel-JOAT/","officialjackofalltrades","https://www.tradingview.com/u/officialjackofalltrades/","26/04/2026","15","0","306","breakout | Chart patterns | indicator-free | indicators | Moving Averages | movingaveragecrossover | multitimeframe | regression | regression-trend-channel | supertrend | Trend Line Break | trendtrading","200"
"Automated Support & Resistance Price Levels","https://www.tradingview.com/script/dWmAM7ez-Automated-Support-Resistance-Price-Levels/","CapBearerMax","https://www.tradingview.com/u/CapBearerMax/","26/04/2026","5","0","177","automated | colorcoded | pricelevels | Support and Resistance | supportandresitance | Trend Analysis","200"
"Expansion Target Planner [AGPro Series]","https://www.tradingview.com/script/2dFCj0mZ-Expansion-Target-Planner-AGPro-Series/","AGProLabs","https://www.tradingview.com/u/AGProLabs/","26/04/2026","12","0","308","breakout | expansion | price-action | risk-management | target-planning | trade-planning | Trend Analysis | volatility-analysis | volatilitytrading","200"
"Impulse Follow-Through Quality [AGPro Series]","https://www.tradingview.com/script/MZ6T50y9-Impulse-Follow-Through-Quality-AGPro-Series/","AGProLabs","https://www.tradingview.com/u/AGProLabs/","26/04/2026","11","0","277","ATR | continuation-quality | failure-rail | impulse-follow-through | impulse-quality | momentum-expansion | pullback-risk | target-room | Trend Analysis | volume-support","200"
"Regime Pressure Trail [ArisCodes]","https://www.tradingview.com/script/AakfZyUp-Regime-Pressure-Trail-ArisCodes/","ArisCodes","https://www.tradingview.com/u/ArisCodes/","26/04/2026","56","0","792","ATR | Chart patterns | dualengine | pressure | Trend Analysis | VOLUMEBREAKOUT | Volume","200"
"Range Expansion Risk Planner [AGPro Series]","https://www.tradingview.com/script/dkEuKJdH-Range-Expansion-Risk-Planner-AGPro-Series/","AGProLabs","https://www.tradingview.com/u/AGProLabs/","26/04/2026","14","0","315","BREAKOUT-QUALITY | failed-breakout | failure-rail | range-breakout | range-expansion | retest | risk-planning | setup-quality | target-room | Trend Analysis","200"
"Covered Call Strike Optimizer","https://www.tradingview.com/script/qlRnHk0Q-Covered-Call-Strike-Optimizer/","tfox2791","https://www.tradingview.com/u/tfox2791/","26/04/2026","4","0","183","options | Portfolio management | Trend Analysis","200"
"Breakout Retest Readiness [AGPro Series]","https://www.tradingview.com/script/W32TURZ3-Breakout-Retest-Readiness-AGPro-Series/","AGProLabs","https://www.tradingview.com/u/AGProLabs/","02/05/2026","17","0","355","breakout | breakout-trading | price-action | retest | risk-management | support-and-resistance | support-and-resistance-levels | trade-management | trend-analysis | Trend Analysis","200"
"False Break Trap Planner [AGPro Series]","https://www.tradingview.com/script/pZ00o3kJ-False-Break-Trap-Planner-AGPro-Series/","AGProLabs","https://www.tradingview.com/u/AGProLabs/","26/04/2026","10","0","267","breakdown | breakout | breakout-failure | false-break | price-action | reclaim | risk-planning | trade-management | TRAP-RISK | Trend Analysis","200"
"Compression Breakout Readiness [AGPro Series]","https://www.tradingview.com/script/SNI3RJ1D-Compression-Breakout-Readiness-AGPro-Series/","AGProLabs","https://www.tradingview.com/u/AGProLabs/","26/04/2026","13","0","289","breakout | compression | price-action | range | readiness | risk-management | setup-quality | trading-plan | Trend Analysis | volatilty","200"
"[CT] Relative Trend Index Advanced Coloring","https://www.tradingview.com/script/67232fk7-CT-Relative-Trend-Index-Advanced-Coloring/","ChaosTrader63","https://www.tradingview.com/u/ChaosTrader63/","29/04/2026","374","1","2397","Centered Oscillators | Oscillators | Trend Analysis","200"
"Smart Scalper PRO v6","https://www.tradingview.com/script/PvrHw3HU-Smart-Scalper-PRO-v6/","Devrice73","https://www.tradingview.com/u/Devrice73/","26/04/2026","11","0","242","Moving Averages","200"
"Volatility Expansion Planner [AGPro Series]","https://www.tradingview.com/script/to9JOrH8-Volatility-Expansion-Planner-AGPro-Series/","AGProLabs","https://www.tradingview.com/u/AGProLabs/","26/04/2026","9","0","256","ATR | BREAKOUT-QUALITY | compression | expansion-corridor | range-breakout | risk-planning | risk-shelf | Volatility | volatility-expansion | volume-support","200"
"Tidemark Key Levels","https://www.tradingview.com/script/OMhqb2o9-Tidemark-Key-Levels/","WavyTradesNQ","https://www.tradingview.com/u/WavyTradesNQ/","28/04/2026","11","0","247","Pivot points and levels","200"
"AMD Session Tracker","https://www.tradingview.com/script/zkDONb7m-AMD-Session-Tracker/","ajaypercy","https://www.tradingview.com/u/ajaypercy/","26/04/2026","16","0","426","AMD | asiansession | Forex | ict | liquidity | londonsession | session | SMC | sweep | Trend Analysis","200"
"Volume Delta POC","https://www.tradingview.com/script/mJgLk2wJ/","BullBearSR","https://www.tradingview.com/u/BullBearSR/","01/05/2026","12","0","328","institutional | POC | Trend Analysis | Volatility | volumeprofileindicator | Volume","200"
"Pre-Breakout Pressure Planner [AGPro Series]","https://www.tradingview.com/script/MqLOeoCZ-Pre-Breakout-Pressure-Planner-AGPro-Series/","AGProLabs","https://www.tradingview.com/u/AGProLabs/","02/05/2026","17","0","298","breakout-readiness | Chart patterns | fakeout-risk | invalidation | pre-breakout | pressure-planner | range-compression | risk-planning | Trend Analysis | trigger-corridor | Volatility | volume-support","200"
"Swing Trade Master v2 [14-Confirm]","https://www.tradingview.com/script/9XosF8Bm-Swing-Trade-Master-v2-14-Confirm/","mvfxpartners","https://www.tradingview.com/u/mvfxpartners/","26/04/2026","13","0","293","Moving Averages | Oscillators | Trend Analysis","200"
"Ralis Bull/Bear Oscillator","https://www.tradingview.com/script/YUZQVyaS-Ralis-Bull-Bear-Oscillator/","ralis24","https://www.tradingview.com/u/ralis24/","26/04/2026","27","0","339","Centered Oscillators | concept | Cycles","200"
"Rolling Session Fibonacci Map v1.2","https://www.tradingview.com/script/iDBBu1Oo/","ALCIVOOO","https://www.tradingview.com/u/ALCIVOOO/","26/04/2026","10","0","211","Bands and Channels | Candlestick analysis | concept","200"
"Fair Value Gaps","https://www.tradingview.com/script/Gl6CtB5J-Fair-Value-Gaps/","ajaypercy","https://www.tradingview.com/u/ajaypercy/","26/04/2026","58","0","648","fairvaluegap | fvg | ict | imbalance | multipletimeframe | multitimeframe | SMC | Trend Analysis | trendlineanalysis","200"
"Decision Point Planner [AGPro Series]","https://www.tradingview.com/script/Sk6NSAdb-Decision-Point-Planner-AGPro-Series/","AGProLabs","https://www.tradingview.com/u/AGProLabs/","26/04/2026","9","0","237","decision-points | execution-readiness | invalidation | reaction-candle | risk-management | risk-planning | setup-quality | target-room | trade-planning | Trend Analysis","200"
"ATC Bollinger Band Percentile v1.1","https://www.tradingview.com/script/aS5qVzSq-ATC-Bollinger-Band-Percentile-v1-1/","ATConcepts","https://www.tradingview.com/u/ATConcepts/","26/04/2026","5","0","248","Bands and Channels | bollinger-bands | daytrading | educational | intradaytrading | tradingeducation | tradingindicators | Volatility | volatilityindicator | volatilty","200"
"Key Swing Levels","https://www.tradingview.com/script/xv6F9wPg-Key-Swing-Levels/","ajaypercy","https://www.tradingview.com/u/ajaypercy/","26/04/2026","8","0","206","multitimeframe | Pivot Points | Trend Analysis","200"
"Poopy Dev Levels","https://www.tradingview.com/script/UFNHMBRj-Poopy-Dev-Levels/","njamieson35","https://www.tradingview.com/u/njamieson35/","26/04/2026","5","0","122","forecasting","200"
"Dealer Gamma Pressure Map","https://www.tradingview.com/script/OH5gyyxH-Dealer-Gamma-Pressure-Map/","ZenOutMan","https://www.tradingview.com/u/ZenOutMan/","26/04/2026","18","0","400","Trend Analysis | Volatility","200"
"ATR Canal","https://www.tradingview.com/script/oSHlqUCl-ATR-Canal/","Teclaro","https://www.tradingview.com/u/Teclaro/","26/04/2026","8","0","203","Bands and Channels | Trend Analysis | Volatility","200"
"Auto Swings + 4H / 1H / 5m Trend (ENTRY LOGIC)","https://www.tradingview.com/script/wa6OzW3W-auto-swings-4h-1h-5m-trend-entry-logic/","TradePro1000","https://www.tradingview.com/u/TradePro1000/","26/04/2026","14","0","201","Candlestick analysis","200"
"Liquidity Sweep Probability","https://www.tradingview.com/script/GDM2Oedf-Liquidity-Sweep-Probability/","JinkyJohn","https://www.tradingview.com/u/JinkyJohn/","26/04/2026","9","0","229","statistics","200"
"Session Reversal Probability","https://www.tradingview.com/script/NBiyfEnV-Session-Reversal-Probability/","JinkyJohn","https://www.tradingview.com/u/JinkyJohn/","26/04/2026","4","0","168","Trend Analysis","200"
"Consolidation Detector","https://www.tradingview.com/script/JDXZrf21-Consolidation-Detector/","JinkyJohn","https://www.tradingview.com/u/JinkyJohn/","26/04/2026","6","0","175","Trend Analysis | Volume","200"
"Muses afl script","https://www.tradingview.com/script/a2Djxpmb-Muses-afl-script/","mostafa47ab","https://www.tradingview.com/u/mostafa47ab/","26/04/2026","61","0","575","Moving Averages | regressions | Wave Analysis","200"
"H_public_test_2","https://www.tradingview.com/script/9OWBA3M1-h-public-test-2/","br_darya25","https://www.tradingview.com/u/br_darya25/","26/04/2026","5","0","148","Bands and Channels","200"
"Structural Sequence Pressure [JOAT]","https://www.tradingview.com/script/Y8wVWuyP-Structural-Sequence-Pressure-JOAT/","officialjackofalltrades","https://www.tradingview.com/u/officialjackofalltrades/","26/04/2026","22","0","411","breakout | Chart patterns | clutterfilter | indicator-free | indicators | levels | marketstructure | Oscillators | Pivot points and levels | pivotsupport | pressurezones | statisticalprobability","200"
"Shark Hunt | Anonycryptous","https://www.tradingview.com/script/SRmvlBub-Shark-Hunt-Anonycryptous/","Anonycryptous","https://www.tradingview.com/u/Anonycryptous/","26/04/2026","328","0","3073","Candlestick Analysis | institutional | institutionallevels | liquidityzones | Pivot points and levels | reversalpoint | smartmoney | smctrading | supply_and_demand | sweepliquidity | swingfailurepattern | Trend Analysis","200"
"Minicharts Multi Market [Herman]","https://www.tradingview.com/script/fm27vaKk-Minicharts-Multi-Market-Herman/","helmans13","https://www.tradingview.com/u/helmans13/","26/04/2026","360","8","2292","Candlestick analysis | herman | HTF | minichart | minicharts | movingavarage | Moving Averages | multimarket | multimarkets | multitimeframe | multitimeframes | SMT","200"
"SMC Liquidity Swing Zones","https://www.tradingview.com/script/EX31FfFI-SMC-Liquidity-Swing-Zones/","Crypto_Imperija","https://www.tradingview.com/u/Crypto_Imperija/","26/04/2026","440","0","5309","ict | liquidity | liquiditysweep | marketstructure | Pivot points and levels | priceaction | sfp | SMC | stophunt | Support and Resistance | swingfailurepattern | Trend Analysis","200"
"SpxSnipper - NY Key Levels: PDH/PDL + PMH/PML + ORH/ORL","https://www.tradingview.com/script/nHN8lKKX-SpxSnipper-NY-Key-Levels-PDH-PDL-PMH-PML-ORH-ORL/","tmathios","https://www.tradingview.com/u/tmathios/","26/04/2026","12","0","221","Pivot points and levels","200"
"vwap_inicio_ny_Netto","https://www.tradingview.com/script/Wf0OjVAm/","marcolinonettow","https://www.tradingview.com/u/marcolinonettow/","26/04/2026","4","0","169","Bands and Channels","200"
"Opor Liquidity Heatmap  - Near Price Only","https://www.tradingview.com/script/a5obO0Id-Opor-Liquidity-Heatmap-Near-Price-Only/","OporShanakan","https://www.tradingview.com/u/OporShanakan/","26/04/2026","4","0","201","Bands and Channels","200"
"GK XAUUSD Sniper Adaptive","https://www.tradingview.com/script/IDbFkptC-GK-XAUUSD-Sniper-Adaptive/","hgavin780","https://www.tradingview.com/u/hgavin780/","26/04/2026","1228","5","8536","Moving Averages | Trend Analysis | Volatility","200"
"Apex First-Touch Predictor","https://www.tradingview.com/script/pHp9s3F3-Apex-First-Touch-Predictor/","arunsinghhelios","https://www.tradingview.com/u/arunsinghhelios/","26/04/2026","3","0","201","Volatility Stop","200"
"ECG Scalp v1.0","https://www.tradingview.com/script/v1cENwP6-ECG-Scalp-v1-0/","maxhansen003","https://www.tradingview.com/u/maxhansen003/","26/04/2026","5","0","150","Candlestick analysis","200"
"TBR Macros","https://www.tradingview.com/script/NajW86VR-TBR-Macros/","zacharydnelson","https://www.tradingview.com/u/zacharydnelson/","26/04/2026","3","0","227","Candlestick analysis | Chart patterns | Cycles","200"
"Power Trend IBD","https://www.tradingview.com/script/i5aSaffO-Power-Trend-IBD/","andreschavez_","https://www.tradingview.com/u/andreschavez_/","26/04/2026","29","0","372","Cycles | Exponential Moving Average (EMA) | Moving Averages","200"
"chang money V9.1","https://www.tradingview.com/script/VXmhEFzH-chang-money-V9-1/","turksvcezillr4","https://www.tradingview.com/u/turksvcezillr4/","26/04/2026","4","0","211","Candlestick analysis | Chart patterns | Cycles","200"
"Volumetric Pressure Gradient [JOAT]","https://www.tradingview.com/script/FsC78krG-Volumetric-Pressure-Gradient-JOAT/","officialjackofalltrades","https://www.tradingview.com/u/officialjackofalltrades/","26/04/2026","67","5","913","Chart patterns | equilibrium | indicator-free | indicators | oscillaltor | POC | pressurezones | Trend Analysis | valuearea | Volume | volumetrading | volumetricdivergence","200"
"Smart Money Matrix ICT + Volume Profile [Point algo]","https://www.tradingview.com/script/GcvLpM3i-Smart-Money-Matrix-ICT-Volume-Profile-Point-algo/","pointalgo","https://www.tradingview.com/u/pointalgo/","26/04/2026","110","0","1230","ict | liquidity | marketstructure | POC | Price Volume Trend (PVT) | SMC | smctrading | Support and Resistance | Trend Analysis | volumeprofileanalysis | volumespreadanalysis","200"
"Custom Index","https://www.tradingview.com/script/lim3a7Ua-Custom-Index/","rajbaj","https://www.tradingview.com/u/rajbaj/","27/04/2026","1","0","148","Chart patterns | custom | index | Relative Strength Comparison","200"
"Centro de Mando Quant: Z-Score & F*cking Sortino Ratio","https://www.tradingview.com/script/0KKdF8Lc-Centro-de-Mando-Quant-Z-Score-F-cking-Sortino-Ratio/","Ciberclaudio","https://www.tradingview.com/u/Ciberclaudio/","26/04/2026","0","0","138","Oscillators | statistics","200"
"Initial Balance Extensions - GOLD","https://www.tradingview.com/script/imTmrpHz-Initial-Balance-Extensions-GOLD/","CzechMate06","https://www.tradingview.com/u/CzechMate06/","26/04/2026","6","0","234","Gold | IB | initialbalance | labels | Support and Resistance | Volatility","200"
"Structured Head and Shoulder Pattern (MastersinMarkets)","https://www.tradingview.com/script/xEMi8od2-Structured-Head-and-Shoulder-Pattern-MastersinMarkets/","MastersinMarkets","https://www.tradingview.com/u/MastersinMarkets/","26/04/2026","9","0","265","Chart patterns | head_and_shoulder | Inverse Head and Shoulders | marketstructure | priceaction | Trend Analysis","200"
"[ A L P H A X ] Structure Flow Pro","https://www.tradingview.com/script/lf2fAdH2-A-L-P-H-A-X-Structure-Flow-Pro/","AlphaX-Trade","https://www.tradingview.com/u/AlphaX-Trade/","26/04/2026","870","4","8369","alphax | fvg | orderblocks | Pivot Points | Pivot points and levels | SMC | smcconcepts | structure | Support and Resistance | trading","200"
"Trade Management Map [AGPro Series]","https://www.tradingview.com/script/uPPCeW03-Trade-Management-Map-AGPro-Series/","AGProLabs","https://www.tradingview.com/u/AGProLabs/","26/04/2026","15","0","303","active-trade | execution-planning | invalidation | risk-management | r-multiple | target-room | trade-management | trading-tools | Trend Analysis | trend-defense","200"
"Clean Trendline (3 Touch + Break)","https://www.tradingview.com/script/Yauff9SR-Clean-Trendline-3-Touch-Break/","Kevin_rhodes","https://www.tradingview.com/u/Kevin_rhodes/","26/04/2026","7","0","200","Chart patterns","200"
"Setup Decay Tracker [AGPro Series]","https://www.tradingview.com/script/T8PyQfOu-Setup-Decay-Tracker-AGPro-Series/","AGProLabs","https://www.tradingview.com/u/AGProLabs/","26/04/2026","14","0","408","execution-readiness | follow-through | invalidation | momentum-loss | risk-planning | setup-decay | setup-quality | trade-management | Trend Analysis | volatility-decay","200"
"Buy the Dip Score [Frank's Scanner]","https://www.tradingview.com/script/QQelfmYQ-Buy-the-Dip-Score-Frank-s-Scanner/","psydude21","https://www.tradingview.com/u/psydude21/","26/04/2026","1","0","119","educational | Pine utilities | sentiment","200"
"delta imbalance candle","https://www.tradingview.com/script/AsW0tSd8-delta-imbalance-candle/","sudhakar_kb","https://www.tradingview.com/u/sudhakar_kb/","26/04/2026","9","0","227","Candlestick analysis | Chart patterns | Cycles","200"
"Execution Window Planner [AGPro Series]","https://www.tradingview.com/script/z4VqWn5m-Execution-Window-Planner-AGPro-Series/","AGProLabs","https://www.tradingview.com/u/AGProLabs/","26/04/2026","13","0","270","decision-engine | execution-readiness | invalidation | risk-planning | setup-quality | target | trade-planner | trend-analysis | Trend Analysis","200"
"ESPI Front-Runner","https://www.tradingview.com/script/V78F9SS2-ESPI-Front-Runner/","fis_wse","https://www.tradingview.com/u/fis_wse/","26/04/2026","11","0","221","Price Volume Trend (PVT)","200"
"Double Supertrend Strategy (25m + 125m)","https://www.tradingview.com/script/rS35qgDc-Double-Supertrend-Strategy-25m-125m/","Syed5176","https://www.tradingview.com/u/Syed5176/","26/04/2026","5","0","201","concept | educational | multitimeframe","200"
"Soul Investor Daily Trend Flow (EMA 20/50 Alert)","https://www.tradingview.com/script/R2IFMz4I/","fidtrading","https://www.tradingview.com/u/fidtrading/","26/04/2026","4","0","193","Moving Averages","200"
"Blood Moons (1870 - 2026)","https://www.tradingview.com/script/YNhBb19B-Blood-Moons-1870-2026/","ryanhcs","https://www.tradingview.com/u/ryanhcs/","26/04/2026","4","0","173","Cycles","200"
"Basis-Filtered Lower BB","https://www.tradingview.com/script/TQhmIGND-Basis-Filtered-Lower-BB/","mr.dmizer","https://www.tradingview.com/u/mr.dmizer/","26/04/2026","5","0","188","Bollinger Bands (BB) | longentry | statisticaledge","200"
"Quantum Velocity Pulse: Institutional F&O Momentum","https://www.tradingview.com/script/JUho6l0x-Quantum-Velocity-Pulse-Institutional-F-O-Momentum/","BhargavMeghnathi","https://www.tradingview.com/u/BhargavMeghnathi/","26/04/2026","13","0","287","Breadth Indicators | Candlestick analysis | Chart patterns","200"
"Ehlers Decycler Oscillator [NovaLens]","https://www.tradingview.com/script/k2PygJ16-Ehlers-Decycler-Oscillator-NovaLens/","NovaLens","https://www.tradingview.com/u/NovaLens/","26/04/2026","261","1","2807","Cycles | decycler | decycleroscillator | Divergence | dsp | novalens | Oscillators | reversal","200"
"COT Index Spec und Commercials","https://www.tradingview.com/script/ORSlj4Wg/","JoeSkibbi","https://www.tradingview.com/u/JoeSkibbi/","26/04/2026","14","0","235","Fundamental Analysis","200"
"Pure Momentum Oscillator","https://www.tradingview.com/script/ezXw8sQI-Pure-Momentum-Oscillator/","BhargavMeghnathi","https://www.tradingview.com/u/BhargavMeghnathi/","26/04/2026","11","0","224","Bill Williams Indicators | Candlestick analysis | Chart patterns","200"
"Trading system Enhanced Calculator","https://www.tradingview.com/script/GtUAEvHR-Trading-system-Enhanced-Calculator/","pvpise41","https://www.tradingview.com/u/pvpise41/","26/04/2026","18","0","314","Average Directional Index (ADX)","200"
"BTCUSD Smart Signals scalping, intraday, swing V3 ELITE","https://www.tradingview.com/script/2XPYrEKk-BTCUSD-Smart-Signals-scalping-intraday-swing-V3-ELITE/","nzaucklandkaran","https://www.tradingview.com/u/nzaucklandkaran/","02/05/2026","7","0","245","Candlestick analysis | Chart patterns | forecasting","200"
"Moving Averages For All Timeframes with labels","https://www.tradingview.com/script/UXyvThCY-Moving-Averages-For-All-Timeframes-with-labels/","pvpise41","https://www.tradingview.com/u/pvpise41/","26/04/2026","5","0","221","Exponential Moving Average (EMA)","200"
"Previous High/Low Anchored VWAPs D/W/M + 2 VWAPs + PD Rays","https://www.tradingview.com/script/AcoE6gev-Previous-High-Low-Anchored-VWAPs-D-W-M-2-VWAPs-PD-Rays/","gary7766","https://www.tradingview.com/u/gary7766/","29/04/2026","13","0","286","Bands and Channels | multitimeframe | Volume","200"
"Breakout Follow Trend [Indicator]","https://www.tradingview.com/script/VGpGuyG0-Breakout-Follow-Trend-Indicator/","jzd101","https://www.tradingview.com/u/jzd101/","28/04/2026","5","0","257","Bands and Channels | Moving Averages | Volume","200"
"Combined Historical Volatility and Stochastic with Fast/Slow","https://www.tradingview.com/script/VlkRwx07-Combined-Historical-Volatility-and-Stochastic-with-Fast-Slow/","rauser","https://www.tradingview.com/u/rauser/","26/04/2026","4","0","169","Breadth Indicators","200"
"R-Multiple Progress Map [AGPro Series]","https://www.tradingview.com/script/7gqCiRoM-R-Multiple-Progress-Map-AGPro-Series/","AGProLabs","https://www.tradingview.com/u/AGProLabs/","26/04/2026","7","0","252","ATR | execution-readiness | price-action | progress-tracking | risk-management | r-multiple | setup-quality | trade-management | Trend Analysis","200"
"RKB_MechTrade","https://www.tradingview.com/script/JTzybYaU-RKB-MechTrade/","pvpise41","https://www.tradingview.com/u/pvpise41/","26/04/2026","17","3","306","Bands and Channels | Relative Strength Index (RSI)","200"
"Setup Lifecycle Tracker [AGPro Series]","https://www.tradingview.com/script/qE6465pl-Setup-Lifecycle-Tracker-AGPro-Series/","AGProLabs","https://www.tradingview.com/u/AGProLabs/","26/04/2026","7","0","221","expiry-marker | invalidation | readiness-score | risk-planning | setup-lifecycle | setup-planner | setup-quality | trade-planning | Trend Analysis | trigger-rail","200"
"Daily Turnover (CR Clean)","https://www.tradingview.com/script/T1Q9Y61D-Daily-Turnover-CR-Clean/","rahuldeshmukhishere","https://www.tradingview.com/u/rahuldeshmukhishere/","26/04/2026","1","0","134","Breadth Indicators | statistics","200"
"Trailing Stop Quality [AGPro Series]","https://www.tradingview.com/script/LdT7mCkG-Trailing-Stop-Quality-AGPro-Series/","AGProLabs","https://www.tradingview.com/u/AGProLabs/","26/04/2026","7","0","219","ATR | atr-zones | risk-management | stop-distance | swing-structure | trade-management | trailing-stop | trail-quality | Trend Analysis","200"
"Directional Volume Matrix | julzALGO","https://www.tradingview.com/script/kGLaOdut-Directional-Volume-Matrix-julzALGO/","julzALGO","https://www.tradingview.com/u/julzALGO/","26/04/2026","8","0","247","educational | multitimeframe | Volume","200"
"Stop Distance Quality [AGPro Series]","https://www.tradingview.com/script/sm91R9Bk-Stop-Distance-Quality-AGPro-Series/","AGProLabs","https://www.tradingview.com/u/AGProLabs/","26/04/2026","3","0","205","ATR | atr-strategy | execution-readiness | invalidation | risk-management | risk-reward | setup-quality | stop-loss | trade-planning | Trend Analysis","200"
"No-Progress Failure Map [AGPro Series]","https://www.tradingview.com/script/nHZ13dzL-No-Progress-Failure-Map-AGPro-Series/","AGProLabs","https://www.tradingview.com/u/AGProLabs/","26/04/2026","2","0","231","BREAKOUT-QUALITY | execution-readiness | failure-risk | progress-score | risk-planning | setup-quality | trade-management | Trend Analysis | volatilitytrading","200"
"Time Stop Planner [AGPro Series]","https://www.tradingview.com/script/lTtT94ps-Time-Stop-Planner-AGPro-Series/","AGProLabs","https://www.tradingview.com/u/AGProLabs/","26/04/2026","4","0","226","execution-readiness | invalidation | lifecycle | progress-score | risk-management | setup-quality | time-stop | trade-management | trend-analysis | Trend Analysis | Volatility","200"
"Confirmed Fibonacci (BOS + Pullback)","https://www.tradingview.com/script/ckxO7z13-Confirmed-Fibonacci-BOS-Pullback/","ukalgorithms","https://www.tradingview.com/u/ukalgorithms/","29/04/2026","1958","23","18627","breakofstructure | fibonnacci | Pivot points and levels | pullback","200"
"Soul Investor EMA 50 Trend Flow (Alert)","https://www.tradingview.com/script/ZfLsOMHT/","fidtrading","https://www.tradingview.com/u/fidtrading/","26/04/2026","3","0","137","Moving Averages","200"
"Exit Readiness Planner [AGPro Series]","https://www.tradingview.com/script/kVUTgQFz-Exit-Readiness-Planner-AGPro-Series/","AGProLabs","https://www.tradingview.com/u/AGProLabs/","26/04/2026","11","0","279","exit-planning | exit-readiness | momentum-decay | risk-management | risk-planning | risk-shift | target-proximity | trade-management | Trend Analysis | volatility-contraction","200"
"CBC - Consecutive Bull/Bear POI","https://www.tradingview.com/script/IYuoqc5A-CBC-Consecutive-Bull-Bear-POI/","tammybatubo101","https://www.tradingview.com/u/tammybatubo101/","26/04/2026","16","0","239","Candlestick analysis | Chart patterns | Trend Analysis","200"
"XAUUSD EMA Inversion [MatsukazeAlgo]","https://www.tradingview.com/script/TTntfrm1-XAUUSD-EMA-Inversion-MatsukazeAlgo/","MatsukazeAlgo","https://www.tradingview.com/u/MatsukazeAlgo/","26/04/2026","27","0","696","Candlestick analysis | fvg | Gold | ifvg | inversion | Moving Averages | multitimeframes | session | SMC | Trend Analysis | XAUUSD","200"
"Buy/Sell Signal (KenshinC)","https://www.tradingview.com/script/JeLzjqCc-Buy-Sell-Signal-KenshinC/","KenshinC","https://www.tradingview.com/u/KenshinC/","26/04/2026","19","0","329","Relative Strength Index (RSI)","200"
"Sessioni box","https://www.tradingview.com/script/zJMDFDzG/","russoantonino2112","https://www.tradingview.com/u/russoantonino2112/","26/04/2026","2","0","124","Bill Williams Indicators | Breadth Indicators | Cycles","200"
"OT Bot trend Pro","https://www.tradingview.com/script/ak2QRZLW/","Roongee","https://www.tradingview.com/u/Roongee/","26/04/2026","12","0","295","Average Directional Index (ADX) | Ichimoku Cloud | Simple Moving Average (SMA)","200"
"DMI ADX Bollinger Bands","https://www.tradingview.com/script/zyJMZGEK/","Tolga_Budak","https://www.tradingview.com/u/Tolga_Budak/","26/04/2026","3","0","217","Average Directional Index (ADX) | Bollinger Bands (BB) | Directional Movement Index (DMI)","200"
"Soul Trend EMA 50 Flow (Alert Edition)","https://www.tradingview.com/script/khc9KcMb/","fidtrading","https://www.tradingview.com/u/fidtrading/","26/04/2026","1","0","90","Moving Averages","200"
"Soul Trend EMA 50 Flow Alert","https://www.tradingview.com/script/i4R3TkCi/","fidtrading","https://www.tradingview.com/u/fidtrading/","26/04/2026","1","0","71","Moving Averages","200"
"Smart Money Concepts SMC","https://www.tradingview.com/script/QLSQE141-Smart-Money-Concepts-SMC/","priyankamkhija7855","https://www.tradingview.com/u/priyankamkhija7855/","26/04/2026","11","0","371","Candlestick analysis | concept | sentiment","200"
"CE & PE Separated V6","https://www.tradingview.com/script/tNe70en0-CE-PE-Separated-V6/","thulashimohanr","https://www.tradingview.com/u/thulashimohanr/","29/04/2026","108","0","766","Candlestick analysis | options | Wave Analysis","200"
"Soul Trend EMA 200 Flow","https://www.tradingview.com/script/I3Wb0bOS/","fidtrading","https://www.tradingview.com/u/fidtrading/","26/04/2026","3","0","115","Moving Averages","200"
"Previous high to Close Previous low to Close fib levels","https://www.tradingview.com/script/bmNMKuGE-Previous-high-to-Close-Previous-low-to-Close-fib-levels/","thulashimohanr","https://www.tradingview.com/u/thulashimohanr/","26/04/2026","4","0","192","Candlestick analysis | options | Wave Analysis","200"
"Cascade Trigger Network [forexobroker]","https://www.tradingview.com/script/hIHoIJlh-Cascade-Trigger-Network-forexobroker/","forexobroker","https://www.tradingview.com/u/forexobroker/","26/04/2026","10","0","279","Moving Averages | multitimeframe | Trend Analysis","200"
"Bias Dashboard","https://www.tradingview.com/script/Xq3Klz7m/","Oscar-Lab","https://www.tradingview.com/u/Oscar-Lab/","26/04/2026","0","0","125","Moving Averages | multitimeframe | Trend Analysis","200"
"Anchor Storm Detector [forexobroker]","https://www.tradingview.com/script/HiPetIdB-Anchor-Storm-Detector-forexobroker/","forexobroker","https://www.tradingview.com/u/forexobroker/","26/04/2026","3","0","175","Trend Analysis | Volume","200"
"Shanakan Post-it Discipline Dashboard V1","https://www.tradingview.com/script/UIZfNMLi-Shanakan-Post-it-Discipline-Dashboard-V1/","OporShanakan","https://www.tradingview.com/u/OporShanakan/","26/04/2026","2","0","140","Bands and Channels","200"
"Volatility Pulse Detector [forexobroker]","https://www.tradingview.com/script/tD8KBpXm-Volatility-Pulse-Detector-forexobroker/","forexobroker","https://www.tradingview.com/u/forexobroker/","26/04/2026","7","0","236","Cycles | Trend Analysis | Volatility","200"
"Soul Cross Flow EMA 20 50","https://www.tradingview.com/script/dz683Du7/","fidtrading","https://www.tradingview.com/u/fidtrading/","26/04/2026","3","0","118","Moving Averages","200"
"Soul Pulse EMA 13 Flow","https://www.tradingview.com/script/A32VGGbw/","fidtrading","https://www.tradingview.com/u/fidtrading/","26/04/2026","2","0","119","Moving Averages","200"
"Percent Pivot Daily","https://www.tradingview.com/script/3N9OS07W/","ema_pic","https://www.tradingview.com/u/ema_pic/","26/04/2026","11","3","230","Bands and Channels | Breadth Indicators | levels | percentile | pivot | Pivot points and levels","200"
"Soul Trend EMA 50 Flow","https://www.tradingview.com/script/ppYO9sI6/","fidtrading","https://www.tradingview.com/u/fidtrading/","26/04/2026","5","0","130","Moving Averages","200"
"L-TPI Correlation Assets","https://www.tradingview.com/script/VBBe4IOv-L-TPI-Correlation-Assets/","yanikroestiqoo00","https://www.tradingview.com/u/yanikroestiqoo00/","26/04/2026","6","0","175","statistics","200"
"Breakeven Review Planner [AGPro Series]","https://www.tradingview.com/script/EuzqidNa-Breakeven-Review-Planner-AGPro-Series/","AGProLabs","https://www.tradingview.com/u/AGProLabs/","26/04/2026","113","0","1345","breakeven | breakevenstrategy | breakout-follow-through | invalidation | planner | risk-management | r-multiple | trade-management | Trend Analysis | trend-following","200"
"Live Weekly EMAs (10, 20, 50, 200)","https://www.tradingview.com/script/pUyWFHxg-Live-Weekly-EMAs-10-20-50-200/","lexwongbiz","https://www.tradingview.com/u/lexwongbiz/","26/04/2026","2","0","150","Exponential Moving Average (EMA)","200"
"Lex's EMA Lines","https://www.tradingview.com/script/ZuGPxGUw-Lex-s-EMA-Lines/","lexwongbiz","https://www.tradingview.com/u/lexwongbiz/","26/04/2026","5","0","167","Exponential Moving Average (EMA)","200"
"Morning & Evening Star Detector [SSFX]","https://www.tradingview.com/script/lk3a0Z9z-Morning-Evening-Star-Detector-SSFX/","SimplySafeFx","https://www.tradingview.com/u/SimplySafeFx/","26/04/2026","29","0","431","Candlestick analysis | candlestickpattern | candlestick-patterns | Evening Star | Morning Star","200"
"Harmonic Auto-Validator [GBB]","https://www.tradingview.com/script/8p1nZn5C-Harmonic-Auto-Validator-GBB/","GoodBadBitcoin","https://www.tradingview.com/u/GoodBadBitcoin/","26/04/2026","717","12","4299","carney | Harmonic Patterns | harmonicpattren | harmonicsignals","200"
"Reward Room Analyzer [AGPro Series]","https://www.tradingview.com/script/RP3zFle2-Reward-Room-Analyzer-AGPro-Series/","AGProLabs","https://www.tradingview.com/u/AGProLabs/","26/04/2026","6","0","233","price-action | reward-risk | risk-management | support-and-resistance-levels | support-resistance | target-planning | trade-planning | trend-analysis | Trend Analysis","200"
"Quarter Theory - 3 Row Sessions","https://www.tradingview.com/script/KeGdrDKv-Quarter-Theory-3-Row-Sessions/","hamamiofek","https://www.tradingview.com/u/hamamiofek/","26/04/2026","3","0","148","Cycles","200"
"ELITE SYSTEM PRO (Clean Final)","https://www.tradingview.com/script/vD5Ka407-ELITE-SYSTEM-PRO-Clean-Final/","annieks27","https://www.tradingview.com/u/annieks27/","26/04/2026","8","0","251","Bands and Channels | Chart patterns","200"
"Bullish Sweep & Reclaim for BTC M15","https://www.tradingview.com/script/gJBo5mqK-Bullish-Sweep-Reclaim-for-BTC-M15/","BitcoinProMax","https://www.tradingview.com/u/BitcoinProMax/","26/04/2026","9","0","302","Candlestick Analysis | Chart patterns | Harmonic Patterns","200"
"Synthetic LTF Candles","https://www.tradingview.com/script/cWIULS22-Synthetic-LTF-Candles/","godzcopilot","https://www.tradingview.com/u/godzcopilot/","29/04/2026","7","0","197","Candlestick analysis | multitimeframe","200"
"Volume-Based Candles & Dual Moving Averages","https://www.tradingview.com/script/8pbuDicL/","Tolga_Budak","https://www.tradingview.com/u/Tolga_Budak/","26/04/2026","17","0","289","Moving Averages | Volume","200"
"Setup Candle Indicator - TCP","https://www.tradingview.com/script/G4ek71c9-Setup-Candle-Indicator-TCP/","investintrade","https://www.tradingview.com/u/investintrade/","28/04/2026","2","0","126","Candlestick analysis","200"
"Bitcoin Market Regime Detector [RegimeRisk]","https://www.tradingview.com/script/M5l3ngmK-Bitcoin-Market-Regime-Detector-RegimeRisk/","RegimeRisk","https://www.tradingview.com/u/RegimeRisk/","26/04/2026","9","0","228","Momentum Indicator (MOM) | Trend Analysis | Volatility","200"
"HTF Candle","https://www.tradingview.com/script/uo3OknYI/","Hanageman","https://www.tradingview.com/u/Hanageman/","26/04/2026","13","0","237","multitimeframe","200"
"Ut bot - Trend+volume","https://www.tradingview.com/script/EhDCu3hn-Ut-bot-Trend-volume/","BhargavMeghnathi","https://www.tradingview.com/u/BhargavMeghnathi/","26/04/2026","39","0","558","Bands and Channels | Bill Williams Indicators | Chart patterns","200"
"SMA20/EMA50 Trend","https://www.tradingview.com/script/c8vYRZZY-SMA20-EMA50-Trend/","swantylistyawati","https://www.tradingview.com/u/swantylistyawati/","26/04/2026","4","0","180","Moving Averages","200"
"Simple Trend Volume Bot","https://www.tradingview.com/script/3lPkzwSw-Simple-Trend-Volume-Bot/","BhargavMeghnathi","https://www.tradingview.com/u/BhargavMeghnathi/","26/04/2026","20","0","344","Breadth Indicators | Candlestick analysis | Chart patterns","200"
"Liquidity sweep Strong Levels Only","https://www.tradingview.com/script/GEX8Mu0S-Liquidity-sweep-Strong-Levels-Only/","Jeswin7709","https://www.tradingview.com/u/Jeswin7709/","26/04/2026","91","0","891","Candlestick analysis | Chart patterns | Cycles","200"
"MTF Andean Oscillator","https://www.tradingview.com/script/3mk4kNpw-MTF-Andean-Oscillator/","bhasjain1988","https://www.tradingview.com/u/bhasjain1988/","26/04/2026","14","0","240","multitimeframe | Oscillators | Volume","200"
"Medias Moviles para Sistema de Ciclos Fractales con IA. 3M + ATR","https://www.tradingview.com/script/6ef84gB5/","elenocaballero","https://www.tradingview.com/u/elenocaballero/","30/04/2026","4","0","231","Cycles | Fundamental Analysis | Moving Averages","200"
"Custom MACD RSL","https://www.tradingview.com/script/MymwgXMM-Custom-MACD-RSL/","astatraders77","https://www.tradingview.com/u/astatraders77/","26/04/2026","15","0","243","Candlestick analysis | Moving Averages | Trend Analysis","200"
"Custom MACD RSL","https://www.tradingview.com/script/XhqGbOv0-Custom-MACD-RSL/","astatraders77","https://www.tradingview.com/u/astatraders77/","26/04/2026","1","0","137","Candlestick analysis | Moving Averages | Trend Analysis","200"
"ATC Keltner Channel Breakout System v1.3.0","https://www.tradingview.com/script/fMYHkSTE-ATC-Keltner-Channel-Breakout-System-v1-3-0/","ATConcepts","https://www.tradingview.com/u/ATConcepts/","26/04/2026","58","0","695","Bands and Channels | educational | intradaytrading | keltnerchannel | tradingeducation | tradingindicators | Volatility | volatilitytrading","200"
"EMA Ribbon + 5 SMA","https://www.tradingview.com/script/xaSC7Gzq-EMA-Ribbon-5-SMA/","somyaagrwal567","https://www.tradingview.com/u/somyaagrwal567/","26/04/2026","0","0","125","Moving Averages | Trend Analysis","200"
"Half-yearly CPR By BitcoinBaily","https://www.tradingview.com/script/Q7qauihb-Half-yearly-CPR-By-BitcoinBaily/","bitcoinbaily","https://www.tradingview.com/u/bitcoinbaily/","26/04/2026","5","0","153","Pivot points and levels","200"
"Demand and Supply percentage Multi Timeframe","https://www.tradingview.com/script/lRI8LaLC-Demand-and-Supply-percentage-Multi-Timeframe/","bhasjain1988","https://www.tradingview.com/u/bhasjain1988/","26/04/2026","4","0","222","multitimeframe | Volume","200"
"Session Wick Zones (M15 Custom)","https://www.tradingview.com/script/dN8uRvqc-Session-Wick-Zones-M15-Custom/","yogenvasanthan123","https://www.tradingview.com/u/yogenvasanthan123/","26/04/2026","4","0","160","Candlestick analysis | statistics","200"
"10am Breakout","https://www.tradingview.com/script/m92bN5KL-10am-Breakout/","EddyPips","https://www.tradingview.com/u/EddyPips/","26/04/2026","407","1","3560","Chart patterns | educational | Volatility","200"
"RedK_Directional Index / K xDMI","https://www.tradingview.com/script/mbXXbS1f-RedK-Directional-Index-K-xDMI/","RedKTrader","https://www.tradingview.com/u/RedKTrader/","03/03/2020","748","7","21188","ADX | Average Directional Index (ADX) | Directional Movement Index (DMI) | DMI | redk | scripts | Trend Analysis","200"
"RSI direction bias - JD","https://www.tradingview.com/script/H0ysE9Xz-RSI-direction-bias-JD/","Duyck","https://www.tradingview.com/u/Duyck/","18/01/2022","3298","55","86492","Centered Oscillators | Oscillators | Trend Analysis","200"
"Linear Continuation","https://www.tradingview.com/script/b4JCGfRD-Linear-Continuation/","nickbarcomb","https://www.tradingview.com/u/nickbarcomb/","23/02/2020","258","4","9235","Moving Averages | Trend Analysis","200"
"Dekidaka-Ashi - Candles And Volume Teaming Up (Again)","https://www.tradingview.com/script/QeqcSffc-Dekidaka-Ashi-Candles-And-Volume-Teaming-Up-Again/","alexgrover","https://www.tradingview.com/u/alexgrover/","21/02/2020","988","40","33682","candles | Candlestick analysis | candlestickpattern | candlesticksignals | signals | Trend Analysis | Volume","200"
"Reversal finder","https://www.tradingview.com/script/OU82iZCq-Reversal-finder/","NS91","https://www.tradingview.com/u/NS91/","29/02/2020","3345","23","147485","breakout | Candlestick Analysis | falsebreakout | range | swingfailure","200"
"Volatility Stop MTF","https://www.tradingview.com/script/tT0t369u-Volatility-Stop-MTF/","TradingView","https://www.tradingview.com/u/TradingView/","15/04/2026","4226","41","155072","Trend Analysis | Volatility Stop","200"
"OBV Traffic Lights","https://www.tradingview.com/script/VoziHfu9-OBV-Traffic-Lights/","lejmer","https://www.tradingview.com/u/lejmer/","21/02/2020","2516","23","78208","Exponential Moving Average (EMA) | traffic-lights | Volume Indicator","200"
"Earnings, Splits, Dividends","https://www.tradingview.com/script/XUX5VVN0-Earnings-Splits-Dividends/","MichelT","https://www.tradingview.com/u/MichelT/","19/02/2020","433","19","16376","Dividends | Earnings | educational | examples | split | Volume","200"
"SMU STDEV Candles","https://www.tradingview.com/script/ULnIvZeA-SMU-STDEV-Candles/","stockmarketupdate","https://www.tradingview.com/u/stockmarketupdate/","17/02/2020","206","2","7161","Standard Deviation | Standard Deviation (Volatility)","200"
"Renko RSI","https://www.tradingview.com/script/Zr7Ztqm1-Renko-RSI/","LonesomeTheBlue","https://www.tradingview.com/u/LonesomeTheBlue/","16/02/2020","1557","18","47639","Moving Averages | Oscillators | renko | renkochart | Trend Analysis","200"
"Divergence for many indicator v3","https://www.tradingview.com/script/iN9FTv45-Divergence-for-many-indicator-v3/","LonesomeTheBlue","https://www.tradingview.com/u/LonesomeTheBlue/","05/10/2021","17156","314","416703","Centered Oscillators | Daily Pivots | Divergence | Doji | Hammer | Pivot Points | pivotsupport | Supply Zone | trendreversal | trendtrading | Volatility","200"
"Get a value from N years ago","https://www.tradingview.com/script/GQtQUo9F-Get-a-value-from-N-years-ago/","MichelT","https://www.tradingview.com/u/MichelT/","14/02/2020","46","1","5257","educational | past | Volatility","200"
"Relative Strength(RSMK) + Perks - Markos Katsanos","https://www.tradingview.com/script/qhNCXBmL-Relative-Strength-RSMK-Perks-Markos-Katsanos/","ImmortalFreedom","https://www.tradingview.com/u/ImmortalFreedom/","02/07/2020","1064","16","26502","Centered Oscillators | comparative | Indices | katsanos | Oscillators | relativestrength | Relative Strength Comparison | SPX (S&P 500 Index) | S&P 500 (SPX500)","200"
"Laguerre RSI","https://www.tradingview.com/script/B094baNp-Laguerre-RSI/","KivancOzbilgic","https://www.tradingview.com/u/KivancOzbilgic/","03/07/2023","8502","45","206323","ehlers | FR3762 | kivanc | laguerre | Oscillators | Relative Strength Index (RSI)","200"
"Mean Deviation Index","https://www.tradingview.com/script/WBA7j6tU-Mean-Deviation-Index/","lejmer","https://www.tradingview.com/u/lejmer/","27/07/2020","951","18","39888","deviation | mean | Moving Averages | pullback | Trend Analysis | Volatility","200"
"Zahorchak Measure","https://www.tradingview.com/script/6aLn4Qkl-Zahorchak-Measure/","DreamsDefined","https://www.tradingview.com/u/DreamsDefined/","07/02/2020","449","12","11075","bias | gregmorris | howtotrade | market | measure | michaelzahorchak | Moving Averages | Oscillators | Trend Analysis | zahorchak","200"
"Market EKG","https://www.tradingview.com/script/2VmbQBLn-Market-EKG/","kingthies","https://www.tradingview.com/u/kingthies/","06/02/2020","128","2","5408","BTCUSD | cryptotrading | Oscillators | pine | pinescript | Volatility","200"
"Price Convergence","https://www.tradingview.com/script/FK25igs7-Price-Convergence/","nickbarcomb","https://www.tradingview.com/u/nickbarcomb/","06/02/2020","364","3","9051","Moving Averages | Oscillators | Trend Analysis","200"
"Volume Scale by Price (VSP)","https://www.tradingview.com/script/2CV729ZY/","inno14","https://www.tradingview.com/u/inno14/","02/02/2020","688","18","26229","Volume","200"
"Bias And Sentiment Strength (BASS) Indicator by mattzab","https://www.tradingview.com/script/MEKxYFt0-Bias-And-Sentiment-Strength-BASS-Indicator-by-mattzab/","mattzab","https://www.tradingview.com/u/mattzab/","15/02/2020","2803","28","79898","bias | Bill Williams Indicators | Oscillators | Relative Strength Index (RSI) | sentiment | strength | Volume","200"
"TrendFlex Oscillator - Dr. John Ehlers","https://www.tradingview.com/script/8ZSALctc-TrendFlex-Oscillator-Dr-John-Ehlers/","ImmortalFreedom","https://www.tradingview.com/u/ImmortalFreedom/","19/10/2023","1441","20","39229","Centered Oscillators | cycleanalysis | Oscillators | reversal | sensivity | trend | Trend Analysis | zerolag","200"
"Reflex Oscillator - Dr. John Ehlers","https://www.tradingview.com/script/NI17VkdU-Reflex-Oscillator-Dr-John-Ehlers/","ImmortalFreedom","https://www.tradingview.com/u/ImmortalFreedom/","11/01/2020","934","13","18915","Centered Oscillators | cycle | Oscillators | reversal | sensivity | zerolag","200"
"Reflex & Trendflex","https://www.tradingview.com/script/6tSfPE3W-Reflex-Trendflex/","e2e4","https://www.tradingview.com/u/e2e4/","18/03/2026","765","26","19555","digitalsignalprocessing | dsp | ehlers | Oscillators | reflex | tasc | Trend Analysis | trendflex","200"
"BEST Dollar Cost Average","https://www.tradingview.com/script/e5AZKGtc-BEST-Dollar-Cost-Average/","Daveatt","https://www.tradingview.com/u/Daveatt/","30/01/2020","617","12","22073","alerts | autoview | Breadth Indicators | datawindow | daveatt | DCA | dollarcost | dollarcostaverage | labels | profitview | Trend Analysis | Volume","200"
