posicao;titulo;url;descricao;autor;url_autor;data_atualizacao;boosts;comentarios;origem;novo;views;tags;_status;_cache_inner
299;Machine Learning: Lorentzian Classification;https://www.tradingview.com/script/WhBzgfDu-Machine-Learning-Lorentzian-Classification/;█ OVERVIEW A Lorentzian Distance Classifier (LDC) is a Machine Learning classification algorithm capable of categorizing historical data from a multi-dimensional feature space. This indicator demonstrates how Lorentzian Classification can also be used to predict the direction of future price movemen…;;;29/06/2026;36126;814;editors_pick_indicators;1;1218496;forecasting | kernelestimation | knn | LDC | lorentzianclassification | machine-learning | machine_learning | machinelearning | nadaraya-watson | nadarayawatson | regressions | statistics;200;0
518;Divergence for Many Indicators v4;https://www.tradingview.com/script/n8AGnIZd-Divergence-for-Many-Indicators-v4/;Hello Traders, Here is my new year gift for the community, Digergence for Many Indicators v4 . I tried to make it modular and readable as much as I can. Thanks to Pine Team for improving Pine Platform all the time! How it works? - On each candle it checks divergences between current and any of last…;;;05/10/2021;29998;731;editors_pick_indicators;1;865353;Centered Oscillators | Divergence | Doji | Fibonacci Retracement | lonesometheblue | pivotsupport | regulardivergence | Supply Zone | trendfollowing | Trend Line Break | Volatility | Zig Zag Indicator;200;0
347;Market Structure Break & Order Block by EmreKb;https://www.tradingview.com/script/DkE7UniD/;This indicator shows the market structure break (msb) and order blocks (ob). Msb occurs after the breakout old high when the price make lower lows or occurs after the breakout old low when the price make higher highs. OB occurs after the msb, ob is the last bullish candle before high if msb is beari…;;;08/05/2023;60654;604;editors_pick_indicators;1;2094761;BEOB | BUOB | Candlestick analysis | MSB | OB | orderblock;200;0
395;Bjorgum Key Levels;https://www.tradingview.com/script/CapG3ivf-Bjorgum-Key-Levels/;Key Levels Aims to capture 3 of the most significant points in price action Breakouts False Breakouts (Traps) Back Checks These 3 points ​​alone, if properly identified, can be some of the most significant points of movement in the price history of an asset and bring significant gains to traders, if…;;;26/02/2022;23784;552;editors_pick_indicators;1;636120;amazing | Average True Range (ATR) | BEST | breakout | failedbreakout | keylevel | profitable | structure | Support and Resistance | Trend Analysis;200;0
265;ICT Killzones + Pivots [TFO];https://www.tradingview.com/script/nW5oGfdO-ICT-Killzones-Pivots-TFO/;Designed with the help of TTrades and with inspiration from the ICT Everything indicator by coldbrewrosh, the purpose of this script is to identify ICT Killzones while also storing their highs and lows for future reference, until traded through. There are 5 Killzones / sessions whose times and label…;;;26/07/2026;54978;512;editors_pick_indicators;1;1261834;educational | ict | killzone | killzones | pivot | range | sessions;200;0
549;Order Block Finder (Experimental);https://www.tradingview.com/script/R8g2YHdg-Order-Block-Finder-Experimental/;The purpose of this experimental Indicator is to help identifying Institutional Order Blocks. Often these Order Blocks can be observed at the beginning of a strong move, but there is a significant probability that these price levels will be revisited at a later point in time again. Therefore these a…;;;17/09/2020;39053;422;editors_pick_indicators;1;1343437;order | orderblock | orderblocks | Trend Analysis;200;0
306;Day Trading Booster by DGT;https://www.tradingview.com/script/bmkCcCIL-Day-Trading-Booster-by-DGT/;Timing when day trading can be everything In Stock markets typically more volatility (or price activity) occurs at market opening and closings When it comes to Forex (foreign exchange market), the world’s most traded market, unlike other financial markets, there is no centralized marketplace, curren…;;;02/03/2026;11931;391;editors_pick_indicators;1;355165;Bands and Channels | crypto | DGT | Forex | opening | openingrange | sessions | Stocks | TIME | Trend Analysis | Volume;200;0
629;Divergence for many indicator v3;https://www.tradingview.com/script/iN9FTv45-Divergence-for-many-indicator-v3/;Hello Everyone. Almost one year later, with Pine version 4, I developed new version of the Divergence for many Indicator. It analyses divergences for 10 predefined indicators and then draws line on the graph. Red for negatif divergence (means prices may go down or trend reversal), Lime for positive…;;;05/10/2021;17416;314;editors_pick_indicators;1;432592;Centered Oscillators | Daily Pivots | Divergence | Doji | Hammer | Pivot Points | pivotsupport | Supply Zone | trendreversal | trendtrading | Volatility;200;0
342;Breakout Probability (Expo);https://www.tradingview.com/script/Qt7fqntR-Breakout-Probability-Expo/;█ Overview Breakout Probability is a valuable indicator that calculates the probability of a new high or low and displays it as a level with its percentage. The probability of a new high and low is backtested, and the results are shown in a table— a simple way to understand the next candle's likelih…;;;30/03/2023;30301;296;editors_pick_indicators;1;959565;backtest | bias | breakout | breakoutstrategy | Candlestick analysis | chartanalysis | forecasting | probability | statistics | strategy | winrate;200;0
117;Volume Profile, Pivot Anchored by DGT;https://www.tradingview.com/script/utCRHZeP-Volume-Profile-Pivot-Anchored-by-DGT/;Volume Profile (also known as Price by Volume ) is an charting study that displays trading activity over a specified time period at specific price levels. It is plotted as a horizontal histogram on the finacial isntrumnet's chart that highlights the trader's interest at specific price levels. Specif…;;;28/01/2026;20812;293;editors_pick_indicators;1;581876;DGT | pivot | pivotlevels | Pivot points and levels | pointofcontrol | swing | VAH | valuearea | volumeanalysis | Volume Profile | volumeweighted | Wave Analysis;200;0
286;RedK EVEREX - Effort Versus Results Explorer;https://www.tradingview.com/script/I5qJDPxT-RedK-EVEREX-Effort-Versus-Results-Explorer/;"RedK EVEREX is an experimental indicator that explores ""Volume Price Analysis"" basic concepts and Wyckoff law ""Effort versus Result"" - by inspecting the relative volume (effort) and the associated (relative) price action (result) for each bar - showing the analysis as an easy to read ""stacked bands""…";;;03/03/2026;5337;278;editors_pick_indicators;1;191595;Candlestick analysis | Chart patterns | effortvsresult | everex | rateofflow | redk | relativevolume | vpa;200;0
349;CVD - Cumulative Volume Delta Candles;https://www.tradingview.com/script/NlM312nK-CVD-Cumulative-Volume-Delta-Candles/;█ OVERVIEW This indicator displays cumulative ​volume delta in candle form. It uses intrabar information to obtain more precise ​volume delta information than methods using only the chart's timeframe. █ CONCEPTS Bar polarity By bar polarity , we mean the direction of a bar, which is determined by lo…;;;09/01/2026;6840;236;editors_pick_indicators;1;308425;volumedelta;200;0
205;Adaptive Trend Finder (log);https://www.tradingview.com/script/tk7fHng9-Adaptive-Trend-Finder-log/;In the dynamic landscape of financial markets, the Adaptive Trend Finder (log) stands out as an example of precision and professionalism. This advanced tool, equipped with a unique feature, offers traders a sophisticated approach to market trend analysis: the choice between automatic detection of th…;;;06/12/2024;16131;227;editors_pick_indicators;1;436762;Bands and Channels | julien_eche | Linear Regression | LOG | LOGARITHMIC | logscale | regressions | trend | trendchannels | trendfollowing | trendtrading;200;0
598;Pivot Point Supertrend;https://www.tradingview.com/script/L0AIiLvH-Pivot-Point-Supertrend/;"Hello All, There are many types of SuperTrend around. Recently I thought about a Supertrend based on Pivot Points then I wrote ""Pivot Point SuperTrend"" script. It looks it has better performance on keeping you in the trend more. The idea is behind this script is finding pivot point, calculating aver…";;;04/10/2021;29002;222;editors_pick_indicators;1;898918;Centered Oscillators | lonesometheblue | Moving Averages | pivotresistance | pivotsupport | supertrend | suplyzone | support | Support and Resistance | trendfollowing | trendreversal | trendtrading;200;1
213;Mxwll Price Action Suite [Mxwll];https://www.tradingview.com/script/d2nMoLMK-Mxwll-Price-Action-Suite-Mxwll/;Introducing the Mxwll Price Action Suite! The Mxwll Price Action Suite is an all-in-one analysis indicator incorporating elements of SMC and also ideas extending beyond the trading methodology! Features Internal structures External structures Customizable Sensitivities BoS/CHoCH Order Blocks HH/LH/L…;;;30/04/2024;14261;192;editors_pick_indicators;1;366549;Chart patterns | priceaction | sentiment | smartmoney | smartmoneyconcept | smartmoneyconcepts | smartmoneyindicator | smartmoneysetup | smartmoneytrading | SMC | Trend Analysis;200;0
428;Volume Profile / Fixed Range;https://www.tradingview.com/script/kIY0znXs-Volume-Profile-Fixed-Range/;"Hello All, This script calculates and shows Volume Profile for the fixed range . Recently we have box.new() feature in Pine Language and it's used in this script as an example. Thanks to Pine Team and Tradingview!.. Sell/Buy volumes are calculated approximately!. Options: ""Number of Bars"" : Number o…";;;01/09/2022;24533;185;editors_pick_indicators;1;978913;Breadth Indicators | Daily Pivots | highertimeframes | lonesometheblue | pivotsupport | Supply Zone | support | Support and Resistance | trendtrading | Volume;200;0
201;Machine Learning Adaptive SuperTrend [AlgoAlpha];https://www.tradingview.com/script/CLk71Qgy-Machine-Learning-Adaptive-SuperTrend-AlgoAlpha/;📈🤖 Machine Learning Adaptive SuperTrend - Take Your Trading to the Next Level! 🚀✨ Introducing the Machine Learning Adaptive SuperTrend , an advanced trading indicator designed to adapt to market volatility dynamically using machine learning techniques. This indicator employs k-means clustering to ca…;;;03/10/2024;30379;181;editors_pick_indicators;1;596570;algoalpha | artificial_intelligence | Bands and Channels | kmeans | machinelearning | meanreversion | supertrend | Trend Analysis | trendfollowing | Volatility | volatilityindicator;200;0
287;Elliott Wave [LuxAlgo];https://www.tradingview.com/script/KvrhsPTp-Elliott-Wave-LuxAlgo/;The Elliott Wave indicator allows users to detect Elliott Wave (EW) impulses as well as corrective segments automatically on the chart. These are detected and displayed serially, allowing users to keep track of the evolution of an impulse or corrective wave. Fibonacci retracements constructed from d…;;;06/03/2023;17300;176;editors_pick_indicators;1;689184;elliottwaveanalyis | elliottwavecorrection | elliottwavecount | elliottwaveforecasts | elliottwaveindicator | elliottwaveprojection | elliottwaveretracement | Elliott Wave | Trend Analysis | wave | Wave Analysis;200;0
254;SuperTrend AI (Clustering) [LuxAlgo];https://www.tradingview.com/script/wP7WWjLL-SuperTrend-AI-Clustering-LuxAlgo/;The SuperTrend AI indicator is a novel take on bridging the gap between the K-means clustering machine learning method & technical indicators. In this case, we apply K-Means clustering to the famous SuperTrend indicator. 🔶 USAGE Users can interpret the SuperTrend AI trailing stop similarly to the re…;;;14/08/2023;29343;167;editors_pick_indicators;1;983190;AI | aisupertrend | luxalgo | machine_learning | machinelearning | supertrend | supertrend_reversal | supertrendstrategy | Trend Analysis;200;0
485;Auto Pitchfork, Fib Retracement and Zig Zag by DGT;https://www.tradingview.com/script/FnxXRrPG-Auto-Pitchfork-Fib-Retracement-and-Zig-Zag-by-DGT/;Pitchfork is a technical indicator for a quick and easy way for traders to identify possible levels of support and resistance of an asset's price. It is presents and based on the idea that the market is geometric and cyclical in nature Developed by Alan Andrews, so sometimes called Andrews’ Pitchfor…;;;26/08/2022;12397;162;editors_pick_indicators;1;280139;Andrew's Pitchfork | autofib | autopitchfork | Camarilla Pivot Points | DGT | fibextensions | Modified Schiff Pitchfork | Pivot Points | Schiff Pitchfork | Support and Resistance | Zigzag | Zig Zag Indicator;200;1
226;Ichimoku Oscillator;https://www.tradingview.com/script/ypZ7TSjN-Ichimoku-Oscillator/;Hello All, This is Ichimoku Oscillator that creates different oscillator layers, calculates the trend and possible entry/exit levels by using Ichimoku Cloud features. There are four layer: First layer is the distance between closing price and cloud (min or max, depending on the main trend) Second la…;;;14/02/2024;6834;161;editors_pick_indicators;1;198958;ATR | colored | Ichimoku Cloud | lonesometheblue | oscillaltor | Oscillators | sentiments | trendfollower | trendfollowing | Wave Analysis;200;0
481;[SK] Fibonacci Auto Trend Scouter;https://www.tradingview.com/script/9GviCznG-SK-Fibonacci-Auto-Trend-Scouter/;The FATS - Fibonacci Auto Trend Scouter automatically draws active trends from 2 different timeframes along with Fibonacci Support and Resistance levels. It also has a Sights feature for each timeframe which points from it's middle towards the current price. The tool is also highly customizable for…;;;04/04/2021;9850;157;editors_pick_indicators;1;304634;autodrawing | autofibonacci | automated | customizable | levels | Pivot Points | Support and Resistance | Trend Analysis;200;0
543;Divergence Indicator (any oscillator);https://www.tradingview.com/script/sxZRzQzQ-Divergence-Indicator-any-oscillator/;"A modification of the TV builtin ""Divergence indicator"" (Version 10) that can be applied to any indicator, and can be plotted on price as well. Usage: Add your favorite oscillator, RSI, Klinger, TSI, CMF, or anything else to a chart. Click the little ... (More) on the oscillator. Then add this indic…";;;09/10/2020;12140;155;editors_pick_indicators;1;269173;Divergence | divergences | divergencetrading | indicator_on_indicator | Oscillators;200;0
650;Optimized Trend Tracker;https://www.tradingview.com/script/zVhoDQME/;A brand new indicator from the developer of MOST (Moving Stop Loss) indicator Anıl Özekşi. Optimized Trend Tracker OTT is an indicator that provides traders to find an existing trend or in another words to ser which side of the current trend we are on. We are under the effect of the uptrend in cases…;;;20/07/2020;21759;155;editors_pick_indicators;1;571979;anilozeksi | FR3762 | kivanc | kivancozbilgic | MOST | Moving Averages | optimizedtrendtracker | OTT | Trend Analysis;200;0
412;Zigzag Trend/Divergence Detector;https://www.tradingview.com/script/vnzbp63L-Zigzag-Trend-Divergence-Detector/;Pullbacks are always hardest part of the trade and when it happen, we struggle to make decision on whether to continue the trade and wait for recovery or cut losses. Similarly, when an instrument is trending well, it is often difficult decision to make if we want to take some profit off the table. T…;;;05/10/2021;7119;154;editors_pick_indicators;1;309609;Divergence | hiddendivergence | Oscillators | pullbacktrade | Trend Analysis | trenddetector | Zig Zag Indicator;200;0
513;Machine Learning: kNN-based Strategy;https://www.tradingview.com/script/GpcT4M6T-Machine-Learning-kNN-based-Strategy/;kNN-based Strategy (FX and Crypto) Description: This strategy uses a classic machine learning algorithm - k Nearest Neighbours (kNN) - to let you find a prediction for the next (tomorrow's, next month's, etc.) market move. Being an unsupervised machine learning algorithm, kNN is one of the most simp…;;;23/10/2022;7155;153;editors_pick_indicators;1;271009;AI | Commodity Channel Index (CCI) | knn | machinelearning | prediction | Relative Strength Index (RSI) | Trend Analysis;200;0
423;CM MACD Custom Indicator - Multiple Time Frame - V2;https://www.tradingview.com/script/XFr7xHqZ-CM-MACD-Custom-Indicator-Multiple-Time-Frame-V2/;***For a Detailed Video Overview Showing all of the Settings... Click HERE to View Video New _CM_MacD_Ult_MTF _V2 Update 07-28-2021 Thanks to @SKTennis for help in Updating code to V2 Added Groups to Settings Pane. Added Color Plots to Settings Pane Switched MTF Logic to turn ON/OFF automatically w/…;;;17/02/2022;17912;151;editors_pick_indicators;1;436946;chrismoody | customindicator | Moving Average Convergence / Divergence (MACD) | macdcross | multi-timeframe | multitimeframe;200;0
374;Renko Candles Overlay;https://www.tradingview.com/script/rZs7YdMI-Renko-Candles-Overlay/;Hello All, For long time I got many request for Renko Candles and now here it's, Renko Candles Overlay . I tried to make almost everything optional, so you can play with the options as you want. Let see the options: Method: the option for brick scaling method: ATR, ATR/2, ATR/4, Percent, Traditional…;;;01/05/2022;8475;145;editors_pick_indicators;1;217678;alert | Candlestick analysis | Fractal | lonesometheblue | overlay | renko | renkochart | renkooverlay | renkowaves | strategy | trendreversal | Wave Analysis;200;0
346;Ichimoku Kinkō hyō 目均衡表;https://www.tradingview.com/script/HG385dBY-Ichimoku-Kink%C5%8D-hy%C5%8D-%E7%9B%AE%E5%9D%87%E8%A1%A1%E8%A1%A8/;█ OVERVIEW Ichimoku is known to be an Indicator that completes itself, for its power but also for its complexity. This is why I decided to improve the work of Goichi Hosoda in order to offer the maximum number of options for the most seasoned users but also beginners with options to simplify the rea…;;;06/03/2026;6103;144;editors_pick_indicators;1;171769;Ichimoku Cloud | ichimokukinkohyo | osc | Oscillators | Support and Resistance | supportandresistancezones;200;0
403;Indicators Overlay;https://www.tradingview.com/script/uwUfCFF8-Indicators-Overlay/;Hello All, This script shows the indicators in separate windows on the main chart. Included indicators are RSI, CCI, OBV, Stochastic, Money Flow Index, Average True Range and Chande Momentum Oscillator. indicator windows are located at the top or bottom of the chart according to last moves of the Cl…;;;11/09/2023;4946;144;editors_pick_indicators;1;92983;Centered Oscillators | Daily Pivots | indicators | lonesometheblue | mtfanalysis | overlay | panel | Trend Analysis | Trend Line Break | trendtrading | Volatility;200;0
228;Auto Chart Patterns [Trendoscope®];https://www.tradingview.com/script/WZ8B1FIW-Auto-Chart-Patterns-Trendoscope/;🎲 Introducing our most comprehensive automatic chart pattern recognition indicator. Last week, we published an idea on how to algorithmically identify and classify chart patterns. This indicator is nothing but the initial implementation of the idea. Whatever we explained in that publication that use…;;;24/05/2026;22402;142;editors_pick_indicators;1;568170;autocharting | Chart patterns | Harmonic Patterns | hewhomustnotbenamed | trendoscope | Zig Zag Indicator;200;0
310;Next Pivot Projection [Trendoscope];https://www.tradingview.com/script/dkSaWOLA-Next-Pivot-Projection-Trendoscope/;Still experimental. Extending further on the divergence backtest results - in this script we try to project next 2 pivots (including one unconfirmed pivot) 🎲 Previous experiments 1. Divergence-Backtester 2. Divergence-Backtester-V2 🎲 Additions Apart from collecting the stats on number of occurrences…;;;24/11/2023;5303;142;editors_pick_indicators;1;209659;Divergence | hewhomustnotbenamed | Pivot Points | projection | Relative Strength Index (RSI) | trendoscope | Zig Zag Indicator;200;0
366;Wedge and Flag Finder (Multi - zigzag);https://www.tradingview.com/script/n3g6JvoB-Wedge-and-Flag-Finder-Multi-zigzag/;Here is a small attempt to automatically identify wedges and flags. Tradingview standard wedge checks for only 4 pivots. In this version, I have considered 5 pivots instead - which can help reduce noise as 4 pivots forming wedge can be quite common. In future, will also try to add more pivots in pat…;;;04/01/2024;7598;141;editors_pick_indicators;1;175315;Chart patterns | Harmonic Patterns | hewhomustnotbenamed | trendoscope | Zig Zag Indicator;200;1
504;Nick Rypock Trailing Reverse (NRTR);https://www.tradingview.com/script/XAscppNW-Nick-Rypock-Trailing-Reverse-NRTR/;"This indicator was invented in 2001 by Konstantin Kopyrkin. The name ""Nick Rypock"" is derived from his surname reading in the opposite direction: Kopyrkin -> Kopyr Kin -> Kin Kopyr -> Nik Rypok The idea of the indicator is similar to the Chandelier Exit, but doesn't involve ATR component and uses a…";;;28/07/2025;10083;139;editors_pick_indicators;1;145621;HILO | nickrypock | nrtr | Pivot Points | Rate of Change (ROC) | reverse | trailingreverse | trailingstop | Trend Analysis;200;0
572;Momentum Acceleration by DGT;https://www.tradingview.com/script/BmXmwmnE-Momentum-Acceleration-by-DGT/;Italian physicist Galileo Galilei is usually credited with being the first to measure speed by considering the distance covered and the time it takes. Galileo defined speed as the distance covered during a period of time. In equation form, that is v = Δd / Δt where v is speed, Δd is change in distan…;;;04/04/2026;5733;138;editors_pick_indicators;1;198141;accelaration | alert | backtest | change | DGT | direction | experimental | Momentum Indicator (MOM) | optimization | Rate of Change (ROC) | Volume;200;0
467;Trend Type Indicator by BobRivera990;https://www.tradingview.com/script/zsDLpeBT-Trend-Type-Indicator-by-BobRivera990/;Usage: The purpose of this indicator is to programmatically determine the type of price trend using technical analysis tools. You can do a quick check on the asset’s higher and lower time frames. For example, if you are trading on an H1 chart, you can check the m5 chart to ensure that the trend is i…;;;28/04/2021;13135;137;editors_pick_indicators;1;358917;consolidation | direction | downtrend | rangetrading | sideways | Trend Analysis | trendtrading | uptrend;200;0
539;72s: Adaptive Hull Moving Average+;https://www.tradingview.com/script/ls42zPSE-72s-Adaptive-Hull-Moving-Average/;One challenging issue for beginner traders is to differentiate market conditions, whether or not the current market is giving best possibility to stack profits, as earliest, in shortest time possible, or not. On intraday, we've seen some big actions by big banks are somewhat can be defined --or circ…;;;20/10/2020;8925;137;editors_pick_indicators;1;178939;adaptive | breakout | hull | Moving Averages | strategy | strength | trend | Trend Analysis | Volatility;200;0
315;Market sessions and Volume profile - By Leviathan;https://www.tradingview.com/script/tV3rCaJ9-Market-sessions-and-Volume-profile-By-Leviathan/;This script allows you to keep track of Forex market sessions (Tokyo, London and New York), as well as Daily, Weekly and Monthly sessions. All of them are accompanied by Volume Profile options where you can view VP Histogram, Point of Control, Value Area High and Value Area Low. Colors, lines and ot…;;;11/12/2022;22581;136;editors_pick_indicators;1;611548;Forex | forexsessions | POC | sessions | VAH | VAL | Volume Indicator | Volume Profile | Volume;200;0
475;Auto Fib Speed Resistance Fans by DGT;https://www.tradingview.com/script/pKhv9SoH-Auto-Fib-Speed-Resistance-Fans-by-DGT/;Fibonacci Speed and Resistance Fan is an analytical drawing tool used to indicate the support and resistance levels of an existing trend and the price level at which possible changes in the trend may occur. A Fibonacci Speed Resistance Fan consists of a trend line drawn between two extreme points -…;;;08/02/2022;6567;135;editors_pick_indicators;1;163812;DGT | drawingtools | fibfans | fibonaccianalysis | fibonaccifan | Fibonacci Retracement | fibtimezone | Pivot Points | Support and Resistance | Zigzag | Zig Zag Indicator | zigzagpattern;200;1
312;Volume Profile Volume Delta OI Delta [Kioseff Trading];https://www.tradingview.com/script/xp9OdTFm-Volume-Profile-Volume-Delta-OI-Delta-Kioseff-Trading/;Hello! This script serves to distinguish volume delta for any asset and open interest delta for Binance perpetual futures. The image above provides further explanation of functionality and color correspondence. The image above shows the indicator calculating volume at each tick level and displaying…;;;25/02/2026;10656;134;editors_pick_indicators;1;396246;Open Interest | openinterestdelta | Volume Indicator | volumedelta | Volume Profile;200;0
152;Delta Volume Columns Pro [LucF];https://www.tradingview.com/script/F2ylEYOO-Delta-Volume-Columns-Pro-LucF/;█ OVERVIEW This indicator displays volume​​ delta information calculated with intrabar inspection on historical bars, and feed updates when running in realtime. It is designed to run in a pane and can display either stacked buy/sell volume​ columns or a signal line which can be calculated and displa…;;;27/03/2023;4398;133;editors_pick_indicators;1;185652;columns | delta | PRO | Volume Indicator | Volume;200;0
509;Linear Regression Channel;https://www.tradingview.com/script/efXI515C-Linear-Regression-Channel/;Hello Traders, There are several nice Linear Regression Channel scripts in the Public Library. and I tried to make one with some extra features too. This one can check if the Price breaks the channel and it shows where is was broken. Also it checks the momentum of the channel and shows it's increasi…;;;04/10/2021;17094;132;editors_pick_indicators;1;533577;breakout | linear-regression | Linear Regression | lonesometheblue | Moving Averages | Supply Zone | support | Trend Line Break | trendreversal | trendtrading | Volatility;200;0
373;RedK Volume-Accelerated Directional Energy Ratio (RedK VADER);https://www.tradingview.com/script/7s0lx2Bw-RedK-Volume-Accelerated-Directional-Energy-Ratio-RedK-VADER/;"The Volume-Accelerated Directional Energy Ratio (VADER) makes use of price moves (displacement) and the associated volume (effort) to estimate the positive (buying) and negative (selling) ""energy"" behind the scenes, enabling traders to ""read the market action"" in more details and adjust their tradin…";;;13/08/2022;5907;130;editors_pick_indicators;1;197129;Centered Oscillators | Energy Commodities | multitimeframe | redk | vader | Volume | volumeweighted;200;0
548;Neglected Volume by DGT;https://www.tradingview.com/script/PpjPs450-Neglected-Volume-by-DGT/;Volume is one piece of information that is often neglected, however, learning to interpret volume brings many advantages and could be of tremendous help when it comes to analyzing the markets. In addition to technicians, fundamental investors also take notice of the numbers of shares traded for a gi…;;;15/03/2026;4642;129;editors_pick_indicators;1;127561;acceleration | correlation | DGT | Divergence | Momentum Indicator (MOM) | spike | Standard Deviation | Volume | whales;200;0
337;R:R Trading System Framework;https://www.tradingview.com/script/mA35wHU5-R-R-Trading-System-Framework/;First off, huge thanks to @fikira! He was able to adapt what I built to work much more efficiently, allowing for more strategies to be used simultaneously. Simply put, I could not have gotten to this point without you. Thanks for what you do for the TV community. Second, I am fairly new to pinescrip…;;;20/08/2022;5891;128;editors_pick_indicators;1;151097;carnagecain | educational | hedging | labels | lines | multiple | Pine utilities | Portfolio management | riskreward | stoploss | takeprofit | trailingstop;200;0
413;Momentum-based ZigZag (incl. QQE) NON-REPAINTING;https://www.tradingview.com/script/gY4ilk5N-Momentum-based-ZigZag-incl-QQE-NON-REPAINTING/;I spent a lot of time searching for the best ZigZag indicator. Difficulty with all of them is that they are always betting on some pre-defined rules which identify or confirm pivot points. Usually it is time factor - pivot point gets confirmed after a particular number of candles. This methodology i…;;;25/10/2021;12283;127;editors_pick_indicators;1;393585;Moving Average Convergence / Divergence (MACD) | qqe | Relative Strength Index (RSI) | Zigzag | Zig Zag Indicator;200;0
107;Dynamic Swing Anchored VWAP (Zeiierman);https://www.tradingview.com/script/SxgyrEde-Dynamic-Swing-Anchored-VWAP-Zeiierman/;█ Overview Dynamic Swing Anchored VWAP (Zeiierman) is a price–volume tool that anchors VWAP at fresh swing highs/lows and then adapts its responsiveness as conditions change. Instead of one static VWAP that drifts away over time, this indicator re-anchors at meaningful structure points (swings). It…;;;12/08/2025;15239;125;editors_pick_indicators;1;275929;dynamicvwap | swingvwap | Trend Analysis | Volatility | vwapbounce | vwapindicator | vwapstrategy;200;0
398;Higher Time Frame Chart Overlay;https://www.tradingview.com/script/uPbOxSyo-Higher-Time-Frame-Chart-Overlay/;Hello All, This script gets OHLC values from any security and Higher/Same time frame you set, then creates the chart including last 10 candles. it shows Symbol name, Time Frame, Highest/Lowest level of last 10 candles and Close Price at the right side of the chart as well. Closing price text color c…;;;27/11/2021;4439;121;editors_pick_indicators;1;146478;Breadth Indicators | Candlestick Analysis | Daily Pivots | Hammer | lonesometheblue | overlay | pivotresistance | pivotsupport | trendfollowing | trendtrading | Volatility;200;0
486;RedK Trader Pressure Index (TPX v1.0);https://www.tradingview.com/script/v8sBugsW-RedK-Trader-Pressure-Index-TPX-v1-0/;Quick Summary --------------------- The RedK Trader Pressure Index (REDK_TPX) analyzes the changes in price bars to give the trader a clear visual insight that represents the ongoing fight between the bulls (buyers) and bears (sellers) in the market - to determine who is in control of the price acti…;;;31/07/2022;6102;120;editors_pick_indicators;1;142288;ADX | Average Directional Index (ADX) | Centered Oscillators | DMI | redk | redk_tpx | tradepressureindex;200;0
324;Strength of Divergence Across Multiple Indicators;https://www.tradingview.com/script/680R1I3Z-Strength-of-Divergence-Across-Multiple-Indicators/;Overview: One-stop shop for all your divergence needs, including: (1) A single metric for divergence strength across multiple indicators. (2) Labels that make it easy to spot where the truly strong divergence is by showing the overall divergence strength value along with the number of divergent indi…;;;20/10/2022;5292;118;editors_pick_indicators;1;143896;ccidivergence | Divergence | divergences | macddivergence | MFI | obvdivergence | Pivot Points | relative-strength-index | rsi_divergence | Standard Deviation | stochasticdivergence;200;0
558;RSI cyclic smoothed v2;https://www.tradingview.com/script/TmqiR1jp-RSI-cyclic-smoothed-v2/;Cyclic Smoothed Relative Strength Indicator The cyclic smoothed RSI indicator is an enhancement of the classic RSI , adding additional smoothing according to the market vibration, adaptive upper and lower bands according to the cyclic memory and using the current dominant cycle length as input for t…;;;05/09/2020;15329;117;editors_pick_indicators;1;492075;cycleanalysis | cycleindicator | Cycles | Oscillators | Relative Strength Index (RSI);200;0
524;Heatmap Volume [xdecow];https://www.tradingview.com/script/unWex8N4-Heatmap-Volume-xdecow/;This indicator colors the volume bars and candles according to the volume traded. The calculation of the heat map zones is done as follows: how many standard deviations the volume are distant from the average volume? For a better visual experience, place the borders and wicks of the candles in a neu…;;;25/09/2023;9342;114;editors_pick_indicators;1;309460;colored | coloredbars | heatmap | satosbar | Volume Indicator | volumespreadanalysis | volumestrengthcandles | VSA;200;0
559;Relative Strength of Volume Indicators by DGT;https://www.tradingview.com/script/JQrHr1XY-Relative-Strength-of-Volume-Indicators-by-DGT/;The Relative Strength Index (RSI) , developed by J. Welles Wilder, is a momentum oscillator that measures the speed and change of price movements. • Traditionally the RSI is considered overbought when above 70 and may be primed for a trend reversal or corrective pullback in price, and oversold or un…;;;11/02/2026;4942;114;editors_pick_indicators;1;196099;accdist | buyingvolume | DGT | Elder's Force Index (EFI) | histogram | Relative Strength Index (RSI) | rvol | sellingvolume | Trend Analysis | Volume;200;0
505;Machine Learning: Logistic Regression;https://www.tradingview.com/script/49YIV1jW-Machine-Learning-Logistic-Regression/;Multi-timeframe Strategy based on Logistic Regression algorithm Description: This strategy uses a classic machine learning algorithm that came from statistics - Logistic Regression (LR). The first and most important thing about logistic regression is that it is not a 'Regression' but a 'Classificati…;;;22/01/2021;5616;113;editors_pick_indicators;1;182130;AI | logisticregression | machinelearning | Moving Averages | regression | Trend Analysis | Volatility;200;0
615;Delta Volume Candles [LucF];https://www.tradingview.com/script/h0yZPTiS-Delta-Volume-Candles-LucF/;█ OVERVIEW This indicator plots on-chart volume delta information using candles that can replace your normal candles, tops and bottoms appended to normal candles, optional MAs of those tops and bottoms levels, a divergence channel and a chart background. The indicator calculates volume delta using i…;;;09/04/2023;5771;113;editors_pick_indicators;1;294865;balance | candles | delta | volumedelta | Volume;200;0
422;Multi ZigZag Harmonic Patterns;https://www.tradingview.com/script/Q7YifAAf-Multi-ZigZag-Harmonic-Patterns/;Combining Multizigzag with harmonic patterns - this script generates harmonic patterns based on multiple deapth zigzags. Input parameter allows to chose which Zigzag to be included in pattern identification and set different length, line color, width and style for each Zigzag combinations. Pattern r…;;;02/05/2022;5010;112;editors_pick_indicators;1;157176;Chart patterns | Harmonic Patterns | hewhomustnotbenamed | Trend Analysis | trendoscope;200;1
354;Wolfe Scanner (Multi - zigzag) [HeWhoMustNotBeNamed];https://www.tradingview.com/script/fVPGXfB3-Wolfe-Scanner-Multi-zigzag-HeWhoMustNotBeNamed/;Before getting into the script, I would like to explain bit of history around this project. Wolfe was in the back of my mind for some time and I had several attempts so far. 🎯Initial Attempt When I first developed harmonic patterns, I got many requests from users to develop script to automatically d…;;;13/10/2024;5598;111;editors_pick_indicators;1;155612;Chart patterns | Harmonic Patterns | hewhomustnotbenamed | trendoscope | wedgepatterns | wolfepattern;200;0
414;Trading ABC;https://www.tradingview.com/script/0SBnTaqJ-Trading-ABC/;Hello Traders, For a few months I have been getting requests from my followers about ABC pattern and finally I decided to make this indicator. How it works? - It creates Trend Cloud using Simple and Exponential moving averages with the lenghts 50, 100, 150, 200, 20, 40 by default and checks the tren…;;;03/09/2021;10687;111;editors_pick_indicators;1;224331;ABC | bounce | lonesometheblue | Moving Averages | Trend Analysis | Volatility | Zigzag;200;0
361;Fair Value Gap;https://www.tradingview.com/script/erbzoVY8-Fair-Value-Gap/;█ OVERVIEW This indicator displays the Fair Value Gap of the current timeframe and an additional higher timeframe. For each FVG the gaps act as targets creating bullish and bearish gaps that are often filled. █ FEATURES MTF Options MidPoint FIll Delete Old On Fill Label FVG Timeframe MTF Options Ena…;;;12/04/2022;7949;108;editors_pick_indicators;1;269112;fairvalue | fairvaluegap | fairvaluegaps | fvg | fvgbelow | fvgmtf | imbalance | imbalances | multitimeframe | Pivot points and levels | Volatility;200;0
507;Waindrops [Makit0];https://www.tradingview.com/script/dJr8hv4v-Waindrops-Makit0/;█ OVERALL Plot waindrops (custom volume profiles) on user defined periods, for each period you get high and low, it slices each period in half to get independent vwap, volume profile and the volume traded per price at each half. It works on intraday charts only, up to 720m (12H). It can plot balance…;;;10/05/2021;5516;108;editors_pick_indicators;1;81319;mtf | profile | Volume Indicator | Volume Profile | Volume | waindrops;200;0
487;Tick Chart;https://www.tradingview.com/script/ygNO2G1V-Tick-Chart/;Hello All, Tick Chart is created using ticks and each candlestick in Tick Chart shows the price variation of X consecutive ticks ( X : Number of Ticks Per Candle ). for example if you set Number of Ticks Per Candle = 100 then each candlestick is created using 100 ticks. so, Tick Charts are NOT time-…;;;22/03/2021;7936;107;editors_pick_indicators;1;166646;Candlestick analysis | lonesometheblue | TICK | tickchart | Trend Analysis | Volatility | Volume;200;1
404;Realtime 5D Profile [LucF];https://www.tradingview.com/script/tNG177SV-Realtime-5D-Profile-LucF/;█ OVERVIEW This indicator displays a realtime profile that can be configured to visualize five dimensions: ​volume, price, time, activity and age. For each price level in a bar or timeframe, you can display total or delta ​volume or ticks. The tick count measures activity on a level. The thickness o…;;;02/01/2022;5299;106;editors_pick_indicators;1;118397;Volume Profile;200;0
527;Logistic RSI, STOCH, ROC, AO, ... by DGT;https://www.tradingview.com/script/NioHIxY1-Logistic-RSI-STOCH-ROC-AO-by-DGT/;"Experimental attemt of applying Logistic Map Equation for some of widly used indicators. With this study ""Awesome Oscillator (AO)"", ""Rate of Change (ROC)"", ""Relative Strength Index (RSI)"", ""Stochastic (STOCH)"" and a custom interpretation of Logistic Map Equation is presented Calculations with Logist…";;;03/04/2026;6314;106;editors_pick_indicators;1;173595;backtest | DGT | experimental | logistic | logisticmapequation | optimization | Rate of Change (ROC) | Relative Strength Index (RSI) | Stochastic Oscillator | strategy | successrate;200;0
151;Range Filter [DW];https://www.tradingview.com/script/lut7sBgG-Range-Filter-DW/;This is an experimental study designed to filter out minor price action for a clearer view of trends. Inspired by the QQE's volatility filter, this filter applies the process directly to price rather than to a smoothed RSI. First, a smooth average price range is calculated for the basis of the filte…;;;17/02/2020;6161;105;editors_pick_indicators;1;233943;adaptive | arrays | Breadth Indicators | experimental | filter | priceaction | rangefilter | resampling | Trend Analysis | Volatility;200;0
491;Multi Time Frame Candles with Volume Info / 3D;https://www.tradingview.com/script/BcuQpa0q-Multi-Time-Frame-Candles-with-Volume-Info-3D/;Hello Traders, This is my second Multi Time Frame Candles script but with this new one, you will have some new features such volume info, remaining time to close of higher time frame candle and also developed using new features of Pine such array of lines. also I tried to make it 3D for better visua…;;;04/10/2021;6256;105;editors_pick_indicators;1;222944;Breadth Indicators | breakout | candleanalysis | highertimeframes | lonesometheblue | multitimeframeanalysis | newlow | Supply Zone | support | Support and Resistance | trendtrading | Volume;200;0
577;Support Resistance MTF;https://www.tradingview.com/script/E9l1xAQd-Support-Resistance-MTF/;"Hello Traders, This is Support Resistance script that uses Multi Time Frame. While getting Close/Open/High/Low values of Higher Time Frames the script does NOT use Security function , instead it calculates them. while choosing Higher Time Frame, you can use ""Auto"" option so it uses predefined Higher…";;;04/10/2021;10823;105;editors_pick_indicators;1;454988;Breadth Indicators | Daily Pivots | highertimeframes | lonesometheblue | multitimeframeanalysis | pivotsupport | Supply Zone | support | Support and Resistance | supportandresistancezones | Volatility;200;0
305;Volume composition / Flowly Indicators;https://www.tradingview.com/script/d4TDeuRU-Volume-composition-Flowly-Indicators/;— Overview While net volume is useful information, it can be a blunt data point. Volume composition breaks down the content of volume, allowing a more detailed look inside each volume node. Volume composition consists of the following information: Total volume (buy and sell). By default gray node. D…;;;30/01/2026;4807;104;editors_pick_indicators;1;188955;aggressivebuyers | aggressivesellers | buysellvolume | buyvolume | deltavolume | flowlyindicators | quantifytools | sellvolume | Volume Indicator | volumedelta | volumespike | Volume;200;0
576;SwingArm ATR Trend Indicator;https://www.tradingview.com/script/Dxc0Pi3n-SwingArm-ATR-Trend-Indicator/;The general idea of using SwingArms is to provide a visual confirmation of a trend change. Green for bullish (BUY) Red for bearish (SELL) A color-coded system providing an easy way for a novice to understand. Converted to TradingView based on the work of Jose Azcarate. I hope you guys enjoy.;;;19/06/2020;7237;102;editors_pick_indicators;1;362623;ATR | atrstop | reversal | trailingstop | Trend Analysis | Volatility | Volatility Stop;200;0
453;Realtime Delta Volume Action [LucF];https://www.tradingview.com/script/Xh8tLDTe-Realtime-Delta-Volume-Action-LucF/;█ OVERVIEW This indicator displays on-chart, realtime, delta volume​ and delta ticks information for each bar. It aims to provide traders who trade price action on small timeframes with volume​ and tick information gathered as updates come in the chart's feed. It builds its own candles, which are op…;;;30/12/2022;4633;101;editors_pick_indicators;1;148547;Volume;200;0
541;Voss Predictor (A Peek Into the Future) - Dr. John Ehlers;https://www.tradingview.com/script/ekkb1vlg-Voss-Predictor-A-Peek-Into-the-Future-Dr-John-Ehlers/;"I have been sitting on this for over a year, but I now present this ""Voss Predictive Filter"" multicator employing PSv4.0 upon initial release, originally formulated by the great and empowering Dr. John Ehlers for TASC - August 2019 Traders Tips. This is a slightly modified version of the original in…";;;29/09/2020;3756;100;editors_pick_indicators;1;108787;anticipate | bandpass | Centered Oscillators | correlation | Oscillators | predictive | predictor | voss;200;1
129;Tape [LucF];https://www.tradingview.com/script/8mVFTxPg-Tape-LucF/;"█ OVERVIEW This script prints an ersatz of a trading console's ""tape"" section to the right of your chart. It displays the time, price and volume​ of each update of the chart's feed. It also calculates volume​ delta for the bar. As it calculates from realtime information, it will not display informat…";;;02/05/2021;1857;99;editors_pick_indicators;1;77821;delta | Volume Indicator | Volume;200;0
236;AR Forecast Scatterplot [SS];https://www.tradingview.com/script/CQ5x2amE-AR-Forecast-Scatterplot-SS/;This is a showcase indicator of my recently released SPTS library (the partner of the SPTS indicator). This is just to show some of the practical applications of the boring statistical functions contained within the library/SPTS indicator :-). This is an autoregressive (AR), scatter plot forecaster.…;;;09/02/2024;4463;99;editors_pick_indicators;1;122929;forecasting;200;0
53;Smart Trader, Episode 03, by Ata Sabanci, Candles and Tradelines;https://www.tradingview.com/script/BZgubzrI-Smart-Trader-Episode-03-by-Ata-Sabanci-Candles-and-Tradelines/;A volume-based multi-block analysis system designed for educational purposes. This indicator helps traders understand their current market situation through aggregated block analysis, volumetric calculations, trend detection, and an AI-style narrative engine. ━━━━━━━━━━━━━━━━━━━━━━━━━━━━━━━━━━━━━━━━…;;;16/02/2026;5917;98;editors_pick_indicators;1;132266;analysischart | bestsignals | beststrategy | Candlestick analysis | forecastingtechniques | fractalstrategy | scalptrading | swingtrading | trendanalyse | Trend Analysis | Volume | volumetrading;200;0
506;VolumeHeatmap | Experimental Version of Marketorders Matrix;https://www.tradingview.com/script/peJ263bG-VolumeHeatmap-Experimental-Version-of-Marketorders-Matrix/;Dear all, I wish a Happy New Year! The last time I tried to developing a Volume Heatmap, that the Marketorders made. With the currently version I achieve my skills for that and I present it for everyone - some bugs I cannot solve today. It also possible to see the POC - also the dynamic of volume de…;;;30/10/2022;4623;97;editors_pick_indicators;1;122710;heatmap | Volume Indicator | volumeanalysis | volumeheatmap | Volume Profile | Volume;200;0
318;Oscillator Workbench — Chart [LucF];https://www.tradingview.com/script/BY9mAioc-Oscillator-Workbench-Chart-LucF/;█ OVERVIEW This indicator uses an on-chart visual framework to help traders with the interpretation of any oscillator's behavior. The advantage of using this tool is that you do not need to know all the ins and outs of a particular oscillator such as RSI, CCI, Stochastic, etc. Your choice of oscilla…;;;01/11/2022;4476;95;editors_pick_indicators;1;139463;Oscillators;200;0
376;HTF Candles & Pivots;https://www.tradingview.com/script/ooOobeTa-HTF-Candles-Pivots/;"This indicator displays HTF candles and pivot points. The candles are displayed in a box and you can select Open-Close, High-Low or both. You can show all of the past, or just ""today only"" or ""previous day only"". You can also shift one previous candle to the current one. The pivot point is the norma…";;;16/01/2024;2708;93;editors_pick_indicators;1;114884;Candlestick Analysis | hightimeframe | HTF | multi-timeframe | multitimeframeanalysis | Pivot Points | Volatility;200;0
470;Tick Data Detailed;https://www.tradingview.com/script/SG5CvYR9-Tick-Data-Detailed/;Hello All, After Tick Chart and Tick Chart RSI scripts, this is Tick Data Detailed script. Like other tick scrips this one only works on real-time bars too. it creates two tables: the table at the right shows the detailed data for Current Bar and the table at the left shows the detailed data for all…;;;30/09/2021;4597;93;editors_pick_indicators;1;90215;arrays | Breadth Indicators | lonesometheblue | TICK | tickchart | Trend Analysis | varip | Volume;200;0
411;Auto Fibonacci and Gann Fan/Retracements Combo;https://www.tradingview.com/script/YLn2bNaa-Auto-Fibonacci-and-Gann-Fan-Retracements-Combo/;Introduction This is a combination of Fibonacci and Gann fan/retracements. The script can automatically draw as many: Fibonacci Retracements Fibonacci Fan Gann Retracements Gann Fan as the user requires on the chart. Each level set or fan consists of 7 lines based on the most important ratios of Fib…;;;16/09/2021;4787;92;editors_pick_indicators;1;203412;FAN | fibonaccifan | fibonacciretracements | gannretracements | retracements | Support and Resistance;200;0
344;Andean Oscillator;https://www.tradingview.com/script/x9qYvBYN-Andean-Oscillator/;The following script is an original creation originally posted on the blog section of the broker Alpaca. The proposed indicator aims to measure the degree of variations of individual up-trends and down-trends in the price, thus allowing to highlight the direction and amplitude of a current trend. Se…;;;15/07/2022;3690;91;editors_pick_indicators;1;138226;exponential | Oscillators | trend;200;0
359;HTF Liquidity Levels;https://www.tradingview.com/script/PL0iPxy0-HTF-Liquidity-Levels/;█ OVERVIEW The indicator introduces a new representation of the previous days, weeks, and months highs & lows ( DWM HL ) with a focus on untapped levels. █ CONCEPTS Untapped Levels It is popularly known that the liquidity is located behind swing points or beyond higher time frames highs/lows (in a s…;;;04/09/2023;5497;90;editors_pick_indicators;1;249970;HIGH-LOW | highlow | highsandlows | liquidity | liquiditylevels | liquiditypool | multitimeframe | Pivot points and levels | previoushighlow | Support and Resistance | sweep | untappedlevels;200;0
377;McDonald's Pattern [LuxAlgo];https://www.tradingview.com/script/BbHc0nIt-McDonald-s-Pattern-LuxAlgo/;Tradingview asked, we delivered. This script fits a cubic Bezier curve using tops/bottoms in order to approximate a McDonalds pattern, a popular meme pattern in the crypto trading community. Traditionally the McDonalds pattern is described by an M pattern with deep retracement (> 50%), forming a McD…;;;03/02/2022;3562;90;editors_pick_indicators;1;159604;LUX | luxalgo | mcdonalds | Trend Analysis;200;0
438;Cup Finder;https://www.tradingview.com/script/bv2ARQND-Cup-Finder/;"Hello All, This script finds the Cups and you can use it while analysing the symbols. it creates circle and channel for the potential Cups and checks the number of bars included by the channel, if included bars is equal or greater than the value you set then it shows the cup. The Options: ""Number fo…";;;04/10/2021;9659;90;editors_pick_indicators;1;143368;Breadth Indicators | CUP | cuppattern | lonesometheblue | Supply Zone | support | Support and Resistance | trendtrading | Volatility;200;0
596;Stochastic Heat Map;https://www.tradingview.com/script/7PRbCBjk-Stochastic-Heat-Map/;A series of 28 stochastic oscillators plotted horizontally and stacked vertically from bottom to top as the oscillator background. Each oscillator has been interpreted and the value has been used to colour the lines in. Lower lines are shorter term stochastics and higher lines are longer term stocha…;;;29/01/2022;4968;90;editors_pick_indicators;1;154114;Momentum Oscillators | Moving Averages | Stochastic Oscillator | Trend Analysis | waves;200;0
251;Multi-Asset Performance [Spaghetti] - By Leviathan;https://www.tradingview.com/script/yJxpjg0Y-Multi-Asset-Performance-Spaghetti-By-Leviathan/;This indicator visualizes the cumulative percentage changes or returns of 30 symbols over a given period and offers a unique set of tools and data analytics for deeper insight into the performance of different assets. Multi Asset Performance indicator (also called “Spaghetti”) makes it easy to monit…;;;12/09/2024;3949;89;editors_pick_indicators;1;96293;beta | correlation | currencystrength | On Balance Volume (OBV) | Open Interest | performance | screener | spaghetti | statistics | Volatility;200;0
474;Grid Bot Simulator;https://www.tradingview.com/script/mIig3gOU-Grid-Bot-Simulator/;This script is a grid bot simulator for ranging/choppy markets. Prices are divided into grids, or trade zones, that will trigger signals each time a new zone is entered. During ranging markets, each transaction is followed by a “take profit.” As the market starts to trend, transactions are stacked (…;;;17/01/2022;5762;89;editors_pick_indicators;1;127060;automated | bot | GRID | gridbot | gridtrading | Support and Resistance;200;0
283;"Volume / Open Interest ""Footprint"" - By Leviathan";https://www.tradingview.com/script/J9a6nWwM-Volume-Open-Interest-Footprint-By-Leviathan/;This script generates a footprint-style bar (profile) based on the aggregated volume or open interest data within your chart's visible range. You can choose from three different heatmap visualizations: Volume Delta/OI Delta, Total Volume/Total OI, and Buy vs. Sell Volume/OI Increase vs. Decrease. Ho…;;;05/04/2023;11699;88;editors_pick_indicators;1;393413;delta | footprint | OI | Open Interest | orderflow | Pivot points and levels | sentiment | Volume;200;0
309;WaveTrend 3D;https://www.tradingview.com/script/clUzC70G-WaveTrend-3D/;█ OVERVIEW WaveTrend 3D (WT3D) is a novel implementation of the famous WaveTrend (WT) indicator and has been completely redesigned from the ground up to address some of the inherent shortcomings associated with the traditional WT algorithm. █ BACKGROUND The WaveTrend (WT) indicator has become a wide…;;;19/02/2023;4347;88;editors_pick_indicators;1;145690;butterworth | cipherb | cycleanalysis | digitalsignal | kernel | kernelestimation | lazybear | multitimeframe | regressions | Wave Analysis | wavetrend | wavetrendoscillator;200;0
111;Smart Money Breakout Channels [AlgoAlpha];https://www.tradingview.com/script/Hvk5WzPi-Smart-Money-Breakout-Channels-AlgoAlpha/;🟠 OVERVIEW This script draws breakout detection zones called “Smart Money Breakout Channels” based on volatility-normalized price movement and visualizes them as dynamic boxes with volume overlays. It identifies temporary accumulation or distribution ranges using a custom normalized volatility metri…;;;05/08/2025;29786;84;editors_pick_indicators;1;548701;algoalpha | Bands and Channels | breakouttrading | channelbreak | meanreversion | signal | smartmoney | Technical Analysis | Trend Analysis | trendfollower | trendfollowing | Volume;200;0
249;ABC on Recursive Zigzag [Trendoscope];https://www.tradingview.com/script/RGNBIIcD-ABC-on-Recursive-Zigzag-Trendoscope/;There are several implementations of ABC pattern in tradingview and pine script. However, we have made this indicator to provide users additional quantifiable information along with flexibility to experiment and develop their own strategy based on the patterns. 🎲 Highlights of this indicator over ot…;;;30/11/2024;6000;84;editors_pick_indicators;1;173469;ABC | abcpattern | Chart patterns | Harmonic Patterns | hewhomustnotbenamed | trendoscope | Wave Analysis;200;0
648;Extrapolated Pivot Connector - Lets Make Support And Resistances;https://www.tradingview.com/script/CtjX82Hp-Extrapolated-Pivot-Connector-Lets-Make-Support-And-Resistances/;Introduction The support and resistance methodology remain the most used one in technical analysis, this is mainly due to its simplicity, and unlike lots of techniques used in technical analysis support and resistances have a certain logic, price can sometimes appear moving into a channel, support a…;;;03/01/2020;5776;84;editors_pick_indicators;1;178207;pivot | Pivot Points | Support and Resistance | Trend Analysis;200;0
317;Extreme Trend Reversal Points [HeWhoMustNotBeNamed];https://www.tradingview.com/script/eBB5mW6b-Extreme-Trend-Reversal-Points-HeWhoMustNotBeNamed/;Using moving average crossover for identifying the change in trend is very common. However, this method can give lots of false signals during the ranging markets. In this algorithm, we try to find the extreme trend by looking at fully aligned multi-level moving averages and only look at moving avera…;;;15/12/2022;5857;82;editors_pick_indicators;1;252147;hewhomustnotbenamed | Moving Averages | Trend Analysis | trendoscope;200;0
442;Detrended Rhythm Oscillator (DRO);https://www.tradingview.com/script/nzvqcuSh-Detrended-Rhythm-Oscillator-DRO/;"How to detect the current ""market beat"" or market cycle? A common way to capture the current dominant cycle length is to detrend the price and look for common rhythms in the detrended series. A common approach is to use a Detrended Price Oscillator (DPO). This is done in order to identify and isolat…";;;01/07/2024;4225;81;editors_pick_indicators;1;111139;Cycles | detrend | Detrended Price Oscillator (DPO) | detrending | Price Oscillator (PPO) | rhythm | Zigzag;200;0
564;Quadratic Regression;https://www.tradingview.com/script/uuDEajsI-Quadratic-Regression/;Fit a quadratic polynomial (parabola) to the last length data points by minimizing the sum of squares between the data and the fitted results. The script can extrapolate the results in the future and can also display the R-squared of the model. Note that this script is subject to some limitations (m…;;;07/07/2020;2787;81;editors_pick_indicators;1;55244;extrapolation | forecast | parabola | quadratic | quadraticregression | regression | Trend Analysis;200;0
266;120x ticker screener (composite tickers);https://www.tradingview.com/script/0h0gKNcy-120x-ticker-screener-composite-tickers/;In specific circumstances, it is possible to extract data, far above the 40 `request.*()` call limit for 1 single script . The following technique uses composite tickers . Changing tickers needs to be done in the code itself as will be explained further. ⎯⎯⎯⎯⎯⎯⎯⎯⎯⎯⎯⎯⎯⎯⎯⎯⎯⎯⎯⎯⎯⎯⎯⎯⎯⎯⎯⎯⎯⎯⎯⎯⎯⎯⎯⎯⎯⎯⎯⎯⎯⎯⎯⎯⎯…;;;10/06/2023;1420;80;editors_pick_indicators;1;65484;educational | HTF | multitimeframe | screener | sentiment;200;0
454;Indicator Panel;https://www.tradingview.com/script/SWWMsMQw-Indicator-Panel/;Hello All, This script shows Indicator panel in a Table. Table.new() is a new feature and released today! Thanks a lot to Pine Team to add this new great feature! This new feature is a game changer! The script shows indicator values for each symbol and changes background color of each cell by using…;;;17/01/2022;4677;80;editors_pick_indicators;1;81186;Centered Oscillators | lonesometheblue | Moving Averages | pine | pinescript | table | tables | technicalindicators | trendfollowing | trendtrading | Volatility;200;0
489;Monte Carlo Range Forecast [DW];https://www.tradingview.com/script/ujVS2XfG-Monte-Carlo-Range-Forecast-DW/;This is an experimental study designed to forecast the range of price movement from a specified starting point using a Monte Carlo simulation. Monte Carlo experiments are a broad class of computational algorithms that utilize random sampling to derive real world numerical results. These types of alg…;;;14/03/2021;3763;80;editors_pick_indicators;1;88319;bands | Channels | forecast | forecasting | MONTECARLO | randomization | randomwalk | simulation | Support and Resistance | Trend Analysis | Volatility;200;0
409;Bjorgum AutoTrail;https://www.tradingview.com/script/EfbdipVs-Bjorgum-AutoTrail/;One Time Trade Risk Management Incorporating the new interactive feature, this script is meant as a one time trailing stop for the active trader to manage positional risk of an ongoing trade. As a crypto trader or Fx trader, many may find themselves in a position late into the evening, or perhaps da…;;;12/11/2021;5294;79;editors_pick_indicators;1;118116;automated | Average True Range (ATR) | BEST | bot | crypto | effective | Parabolic Stop and Reverse (PSAR) | risk | script | trailingstop | Volatility Stop;200;0
363;Rolling VWAP;https://www.tradingview.com/script/ZU2UUu9T-Rolling-VWAP/;█ OVERVIEW This indicator displays a Rolling Volume-Weighted Average Price. Contrary to VWAP indicators which reset at the beginning of a new time segment, RVWAP calculates using a moving window defined by a time period (not a simple number of bars), so it never resets. █ CONCEPTS If you are not alr…;;;09/01/2026;5265;78;editors_pick_indicators;1;163626;Moving Averages | Trend Analysis | Volume;200;0
512;Analog/Digital World Clock by DGT;https://www.tradingview.com/script/QH7jc8Tx-Analog-Digital-World-Clock-by-DGT/;World Clocks - something for fun Happy New Year! ps: in case no update on the charts then the clock will not update too and will lag or stop till a new update is received;;;30/03/2026;1463;76;editors_pick_indicators;1;37647;clock | Cycles | DATE | DGT | educational | Forex | forexsessions | lines | Pine utilities | TIME | UTC;200;0
238;MA Sabres [LuxAlgo];https://www.tradingview.com/script/viwa6CR8-MA-Sabres-LuxAlgo/;"The ""MA Sabres"" indicator highlights potential trend reversals based on a moving average direction. Detected reversals are accompanied by an extrapolated ""Sabre"" looking shape that can be used as support/resistance and as a source of breakouts. 🔶 USAGE If a selected moving average (MA) continues in…";;;24/10/2023;8351;74;editors_pick_indicators;1;283172;forecast | Moving Averages | reversal | sabre | stoploss;200;0
500;Delta-RSI Oscillator Strategy;https://www.tradingview.com/script/oIHW2xG2-Delta-RSI-Oscillator-Strategy/;Delta-RSI Oscillator Strategy: This strategy illustrates the use of the recently published Delta-RSI Oscillator as a stand-alone indicator. Delta-RSI represents a smoothed time derivative of the RSI, plotted as a histogram and serving as a momentum indicator. There are three optional conditions to g…;;;15/02/2021;8765;74;editors_pick_indicators;1;298067;Centered Oscillators | momentumstrategy | Oscillators | Relative Strength Index (RSI);200;0
426;Probability Distribution Histogram;https://www.tradingview.com/script/Cy6RiZcL-Probability-Distribution-Histogram/;Probability Distribution Histogram During data exploration it is often useful to plot the distribution of the data one is exploring. This indicator plots the distribution of data between different bins. Essentially, what we do is we look at the min and max of the entire data set to determine its ran…;;;16/09/2022;1152;73;editors_pick_indicators;1;53097;cdf | density | histogram | mass | normaldistribution | PDF | probability | Standard Deviation | Volatility;200;0
259;Flag Finder;https://www.tradingview.com/script/DU228Vjm-Flag-Finder/;Flag Finder Indicator is a technical analysis tool to identify bull and bear flags. What are flags Flags are continuation patterns that occur within the general trend of the security. A bull flag represents a temporary pause or consolidation before price resumes it's upward movement, while a bear fl…;;;07/08/2023;4376;72;editors_pick_indicators;1;124310;bearflagpattern | bearflags | breakout | bullflagpattern | bullflags | canslim | Chart patterns | educational | flags | ibd | pinescript | Trend Analysis;200;0
421;Fast Fourier Transform (FFT) Filter;https://www.tradingview.com/script/shVvlgMm-Fast-Fourier-Transform-FFT-Filter/;Dear friends! I'm happy to present an implementation of the Fast Fourier Transform (FFT) algorithm. The script uses the FFT procedure to decompose the input time series into its cyclical constituents, in other words, its frequency components , and convert it back to the time domain with modified fre…;;;11/11/2021;1538;72;editors_pick_indicators;1;54048;cycleanalysis | Cycles | filter | fouriertransform | Trend Analysis | Volatility;200;0
466;Auto PitchFan, Fib Extension/Retracement and ZigZag by DGT;https://www.tradingview.com/script/17xrXGad-Auto-PitchFan-Fib-Extension-Retracement-and-ZigZag-by-DGT/;Aᴜᴛᴏ PɪᴛᴄʜFᴀɴ, Fɪʙ Exᴛᴇɴꜱɪᴏɴ/Rᴇᴛʀᴀᴄᴇᴍᴇɴᴛ ᴀɴᴅ ZɪɢZᴀɢ This study aim to automate PitchFan drawing tool and combines it with Fibonacci Extentions/Retracements and ZigZag. Common setting options, applied to all components of the study Deviation , is a multiplier that affects how much the price should de…;;;12/02/2022;7634;72;editors_pick_indicators;1;175386;andrewspitchfan | Andrew's Pitchfork | Bands and Channels | DGT | fibonaccianalysis | Fibonacci Extension | Fibonacci Retracement | pitchfan | Support and Resistance | Zigzag | Zig Zag Indicator;200;0
436;RedK Slow_Smooth Average (RSS_WMA);https://www.tradingview.com/script/4nmGHAnL-RedK-Slow-Smooth-Average-RSS-WMA/;RedK Slow Smooth Average (RSS_WMA) is based on simple, multi-WMA passes to generate a moving average that sacrifices low-lag and fast responsiveness for the sake of smoothness. This smoothness enables an increased trader ability to visualize and track longer-term trends and removes the noise of smal…;;;18/10/2021;4477;70;editors_pick_indicators;1;89345;Moving Averages | redk | rss_wma | smooth | weightedmovingaverage | Weighted Moving Average (WMA);200;0
269;Z-Score Probability Indicator;https://www.tradingview.com/script/zrc6tWT4-Z-Score-Probability-Indicator/;This is the Z-Score Probability indicator. As many people like my original Z-Score indicator and have expressed more interest in the powers of the Z, I decided to make this indicator which shows additional powers of the Z-Score. Z-Score is not only useful for measuring a ticker or any other variable…;;;08/05/2024;3037;69;editors_pick_indicators;1;119834;statistics;200;0
200;Solar System in 3D [Astro Tool w/ Zodiac];https://www.tradingview.com/script/bT8hx615-Solar-System-in-3D-Astro-Tool-w-Zodiac/;Hello Traders and Developers, I am excited to announce my latest Open Source indicator. At the core, this is a demonstration of PineScript’s capabilities in Rendering 3D Animations, while at the same time being a practical tool for Financial Astrologists. This 3D Engine dynamically renders all the m…;;;16/09/2024;2648;68;editors_pick_indicators;1;92835;3d | astro | astrology | Cycles | Fundamental Analysis | statistics | zodiac;200;0
294;Market Sessions - By Leviathan;https://www.tradingview.com/script/hNpilzEG-Market-Sessions-By-Leviathan/;A simple indicator to help you keep track of 4 market sessions (default: Tokyo, London, New York, Sydney) in 4 different visual forms (boxes, timeline, zones, colored candles) with many other useful tools. You can choose between 4 different market sessions. The default ones are Tokyo, London, New Yo…;;;02/02/2023;13966;68;editors_pick_indicators;1;314159;Cycles | Forex | forexsessions | fxsessions | marketsessions | Pivot points and levels | sessions | tradingsessions | Volatility;200;0
345;Auto Trendline Indicator (based on fractals);https://www.tradingview.com/script/xYaiqwD8-Auto-Trendline-Indicator-based-on-fractals/;A tool that automatically draws out trend lines by connecting the most recent fractals. Description: The process of manual drawing out trend lines is highly subjective. Many times, we don’t trade what we see, but what we “want to see”. As a result, we draw lines pointing to the direction that we wis…;;;08/02/2023;9537;67;editors_pick_indicators;1;388881;fractalmarket | LINE | Pivot points and levels | trend | Trend Analysis;200;0
389;Head & Shoulders S/R Regular;https://www.tradingview.com/script/VAkdJwDk-Head-Shoulders-S-R-Regular/;This is my take in Head & Shoulders (regular H&S) The script will wait until a valid point E is found, which means A, C and E are alined Then it will find the highest point between C - E -> Head (= D), together with the highest point between A - C -> Left Shoulder (= B) After this, the pattern is dr…;;;10/01/2022;1824;67;editors_pick_indicators;1;74112;Trend Analysis;200;0
540;Responsive Linear Regression Channels;https://www.tradingview.com/script/kN353WpW-Responsive-Linear-Regression-Channels/;This is a linear trend indicator that can: - automagically adjust to different chart resolutions - snap to day/session boundaries on intraday - totally not do the above and use ye olde good fixed lookback window - show the regression trend and its RMSE channels - disregard the trend and just show th…;;;28/09/2020;2001;67;editors_pick_indicators;1;64719;Linear Regression | parallelchannels | Standard Deviation | Trend Analysis;200;0
547;Relative Currency Strength;https://www.tradingview.com/script/4ODvb8Q4-Relative-Currency-Strength/;This indicator shows the relative strength of the majors and crosses compared to each other. So, if you are taking a EURUSD long, are you taking it because the Euro is strong or the USD is weak or both? How do you know? This indicator will show you how strong a current is compared to the other major…;;;26/09/2020;1076;67;editors_pick_indicators;1;21410;strength | Trend Analysis;200;0
369;RedK Momentum Bars (RedK Mo_Bars);https://www.tradingview.com/script/O52gURXf-RedK-Momentum-Bars-RedK-Mo-Bars/;Momentum Bars (Mo_Bars) offers a different way to visualize (relative) momentum - and uses some simple TA concepts to provide a different perspective into how we read momentum changes and incorporate that in our trading. The idea here (and the script itself) is really super simple, and is (very loos…;;;04/05/2022;4926;66;editors_pick_indicators;1;132940;Centered Oscillators | mo_bars | Momentum Indicator (MOM) | momentum_bars | Moving Averages | redk;200;1
401;Rolling largest Impulse Murreys Lines;https://www.tradingview.com/script/iJpIEMfW-Rolling-largest-Impulse-Murreys-Lines/;Experimental: Uses Kadane's max subarray sum algorithm to find the largest impulse within a window and draws Murrey's math lines based on that impulse.;;;26/03/2025;4184;66;editors_pick_indicators;1;99307;experimental | impulse | kadane | MML | murreymath | murreymathlines | swing | Trend Analysis;200;0
561;[RS]ZigZag Multiple Methods - Forecast - patterns - labels;https://www.tradingview.com/script/3W5o68jP-RS-ZigZag-Multiple-Methods-Forecast-patterns-labels/;experimental: zigzag indicator with all the zigzag methods that im aware of(that matter atleast), theres something for all tastes there :P this will be the basis for zigzag tools i make in the future. note: some zigzags REPAINT.;;;23/11/2021;7056;66;editors_pick_indicators;1;169916;Breadth Indicators | experimental | forecast | level | multiplemethod | pattern | range | Trend Analysis | Zigzag;200;0
303;Dynamic Linear Regression Channels;https://www.tradingview.com/script/IPdDUsgl-Dynamic-Linear-Regression-Channels/;Plots new linear regression channels from points where a previous channel is broken thus keeping the length of bars in the trend dynamic. Regression channels are useful in detecting trend changes, support and resistance levels and to trade mean reversions. Note: Setting higher values of upper and lo…;;;19/12/2022;6520;65;editors_pick_indicators;1;189916;Linear Regression | Support and Resistance;200;0
371;Financial Growth;https://www.tradingview.com/script/w5VmuuDA-Financial-Growth/;This indicator will acquire the financial data provided by Tradview. the data is compare between Quarter, Annual and TTM in term of percent of growth. YoY, QoQ and CAGR is also available by this script (The minimum is 4). in addition, ploting of data, label and table also available (you can check th…;;;22/01/2023;1398;65;editors_pick_indicators;1;39835;forecasting | income | Price/Earnings Ratio (P/E Ratio) | profit | statistics | valueinvesting;200;0
616;Volume Profile [Makit0];https://www.tradingview.com/script/FQmVaaK9-Volume-Profile-Makit0/;VOLUME PROFILE INDICATOR v0.5 beta Volume Profile is suitable for day and swing trading on stock and futures markets, is a volume based indicator that gives you 6 key values for each session: POC, VAH, VAL, profile HIGH, LOW and MID levels. This project was born on the idea of plotting the RTH sessi…;;;15/02/2020;4907;65;editors_pick_indicators;1;231149;marketprofile | POC | profile | VAH | VAL | Volume Indicator | Volume Profile | Volume;200;0
224;Gann Box (Zeiierman);https://www.tradingview.com/script/aaPsyqft-Gann-Box-Zeiierman/;█ Overview The Gann Box (Zeiierman) is an indicator that provides visual insights using the principles of W.D. Gann's trading methods. Gann's techniques are based on geometry, astronomy, and astrology, and are used to predict important price levels and market trends. This indicator helps traders ide…;;;22/02/2024;5012;64;editors_pick_indicators;1;160217;fibonaccianalysis | Gann | gannangles | gannindicator | ganntool;200;0
301;CVD - Cumulative Volume Delta (Chart);https://www.tradingview.com/script/hFcy7CIq-CVD-Cumulative-Volume-Delta-Chart/;█ OVERVIEW This indicator displays cumulative ​volume delta (​CVD) as an on-chart oscillator. It uses intrabar analysis to obtain more precise ​volume delta information compared to methods that only use the chart's timeframe. The core concepts in this script come from our first ​ CVD indicator , whi…;;;09/01/2026;8458;64;editors_pick_indicators;1;341375;Trend Analysis | Volatility | Volume;200;0
333;Cup & Handle;https://www.tradingview.com/script/ZxTnUrDh-Cup-Handle/;Hi, here is my take on 'Cup & Handle' Pivot Points - ph (highest points in a certain period) are stored in an array When there is a new ph , previous ph's are compared to the latest one. A temporary test line is drawn between these 2 points. The script checks if a close (between these 2 points) does…;;;26/08/2022;2570;64;editors_pick_indicators;1;69374;Chart patterns | CUP | cupandhande | cupandhandlepattern | cuphandle | cupnhandle | cuppattern | Harmonic Patterns | Pivot Points;200;0
196;Industry Group Strength;https://www.tradingview.com/script/5NsvcOVp-Industry-Group-Strength/;The Industry Group Strength indicator is designed to help traders identify the best-performing stocks within specific industry groups. The movement of individual stocks is often closely tied to the overall performance of their industry. By focusing on industry groups, this indicator allows you to fi…;;;17/10/2024;4286;63;editors_pick_indicators;1;93118;Breadth Indicators | Portfolio management | Trend Analysis;200;0
221;TTrades Daily Bias [TFO];https://www.tradingview.com/script/xdwgV3Fx-TTrades-Daily-Bias-TFO/;Inspired by @TTrades_edu video on daily bias, this indicator aims to develop a higher timeframe bias and collect data on its success rate. While a handful of concepts were introduced in said video, this indicator focuses on one specific method that utilizes previous highs and lows. The following des…;;;12/03/2024;8394;63;editors_pick_indicators;1;217184;bias | Chart patterns | dailybias | educational | ict | ictconcepts | innercircletrader | weeklybias;200;0
385;Probability Cones;https://www.tradingview.com/script/Cp49eQt5-Probability-Cones/;A probability cone is an indicator that forecasts a statistical distribution from a set point in time into the future. Features Forecast a Standard or Laplace distribution. Change the how many bars the cones will lookback and sample in their calculations. Set how many bars to forecast the cones. Let…;;;25/01/2024;2128;63;editors_pick_indicators;1;86952;cones | distribution | forecast | forecasting | joebaus | laplace | probability | standard | Standard Deviation | Volatility;200;0
516;Screener - Mean Reversion Channel;https://www.tradingview.com/script/Lr5QD0kK-Screener-Mean-Reversion-Channel/;█ OVERVIEW This is Screener script for Mean Reversion Channel Indicator █ Description & How To Use The screener works by scanning through up to 40 symbols and list down symbols that are currently within Overbought/Oversold Zone as defined by Mean Reversion Channel indicator. The Overbought/Oversold…;;;20/12/2020;6290;63;editors_pick_indicators;1;120156;crypto | currency | dynamiclevels | dynamicsupportandresistance | Keltner Channels (KC) | Moving Averages | overbought-oversold | screener | Stocks | Trend Analysis;200;0
357;Numbers Renko;https://www.tradingview.com/script/9BKOIhdl-Numbers-Renko/;Renko with Volume and Time in the box was developed by David Weis (Authority on Wyckoff method) and his student. I like this style (I don't know what it is officially called) because it brings out the potential of Wyckoff method and Renko, and looks beautiful. I can't find this style Indicator anywh…;;;19/06/2022;1384;62;editors_pick_indicators;1;65828;renko | Volume Indicator | Volume | weiswave | wyckoff;200;0
528;[JRL] MM Fibonacci;https://www.tradingview.com/script/eIHtlRnM-JRL-MM-Fibonacci/;This is a new indicator that uses Murrey Math formulas to find the tops and bottoms, then uses those tops and bottoms to draw long-term fibonacci retracement levels. The genius of Murrey was his geometric formulas to calculate the right place to start plotting the lines, but I think the fibonacci ra…;;;03/12/2020;4645;62;editors_pick_indicators;1;94343;Fibonacci | Fibonacci Retracement | murrey | murreymath | Pivot Points | retracement | Support and Resistance;200;0
49;Smart Trader, Concentric Candles & Aristotelian Cycloids;https://www.tradingview.com/script/xZFb6Isb-Smart-Trader-Concentric-Candles-Aristotelian-Cycloids/;Smart Trader, Episode 05 Concentric Candles & Aristotelian Cycloids by Ata Sabanci The Spark — How a 2,000-Year-Old Paradox Found the Charts ━━━━━━━━━━━━━━━━━━━━━━━━━━━━━━━━━━━━━━ It started with a film about Aristotle's Wheel Paradox — a problem that puzzled mathematicians for two millennia. The se…;;;24/02/2026;3105;61;editors_pick_indicators;1;64181;Candlestick analysis | Chart patterns | chartpattren | Cycles | footprint | INNOVATIVE | intrabarindicators | miracles | predictive | smartmoneytrading | smarttrader | theory;200;1
257;Liquidation Ranges + Volume/OI Dots [Kioseff Trading];https://www.tradingview.com/script/lLaopLoy-Liquidation-Ranges-Volume-OI-Dots-Kioseff-Trading/;"Hello! Introducing a multi-faceted indicator ""Liquidation Ranges + Volume Dots"" - this indicator replicates the volume dot tools found on various charting platforms and populates a liquidation range on crypto assets! Features Volume/OI dots populated according to user settings Size of volume/OI dots…";;;25/02/2026;3592;61;editors_pick_indicators;1;175007;Bands and Channels | icebergorders | levels | liquidation | liquidationlevels | liquidationranges | sentiment | statistics | volumedots;200;0
321;HH-LL ZZ;https://www.tradingview.com/script/nlZhcXgF-HH-LL-ZZ/;Another ZigZag, yes... I believe though this concerns another angle/principle, therefore I wanted to share How does it work? Given: source for level breach -> close X breaches -> 3 Let's say this is the latest found 'lower low' (LL - blue dot under bar): This bar has been triggered because 3 bars cl…;;;20/04/2025;2659;61;editors_pick_indicators;1;126618;Pivot points and levels | Support and Resistance | Zig Zag Indicator;200;0
503;`security()` revisited [PineCoders];https://www.tradingview.com/script/00jFIl5w-security-revisited-PineCoders/;NOTE The non-repainting technique in this publication that relies on bar states is now deprecated, as we have identified inconsistencies that undermine its credibility as a universal solution. The outputs that use the technique are still available for reference in this publication. However, we do no…;;;10/06/2021;823;61;editors_pick_indicators;1;29524;pinecoders | revisited | security | Trend Analysis;200;0
393;Supertrend - Ladder ATR;https://www.tradingview.com/script/8EZaD3CW-Supertrend-Ladder-ATR/;This is a supertrend with slight twisted concept which can be very benefecial in strong trending markets to reduce stop loss distance and exit slightly quicker. ⬜ Concept ▶ When the instrument is trending up, regular ATR shows high values if there are big green candles. This affect the stoploss dist…;;;03/07/2025;6354;60;editors_pick_indicators;1;230866;Average True Range (ATR) | hewhomustnotbenamed | ladderatr | supertrend | Trend Analysis | Volatility;200;0
284;Stochastic Momentum Index (SMI) of Money Flow Index (MFI);https://www.tradingview.com/script/iCRp4B2U-Stochastic-Momentum-Index-SMI-of-Money-Flow-Index-MFI/;"""He who does not know how to make predictions and makes light of his opponents, underestimating his ability, will certainly be defeated by them."" (Sun Tzu - The Art of War) ▮ Introduction The Stochastic Momentum Index (SMI) is a technical analysis indicator that uses the difference between the curre…";;;10/10/2024;4830;59;editors_pick_indicators;1;200172;Centered Oscillators | MFI | Money Flow Index (MFI) | moneyflowindex | SMI | stochasticdivergence | stochasticmomentumindex | True Strength Index (TSI) | volumeanalysis;200;0
554;Function Polynomial Regression;https://www.tradingview.com/script/12M8Jqu6-Function-Polynomial-Regression/;Description: A function that returns a polynomial regression and deviation information for a data set. Inputs: _X: Array containing x data points. _Y: Array containing y data points. Outputs: _predictions: Array with adjusted _Y values. _max_dev: Max deviation from the mean. _min_dev: Min deviation…;;;01/04/2022;2933;59;editors_pick_indicators;1;46629;experimental | function | polynomial | regression | Trend Analysis;200;0
562;COT Net Non-Commercials vs Commercials (Updated MTF Non-Repaint);https://www.tradingview.com/script/KZJQxDgq-COT-Net-Non-Commercials-vs-Commercials-Updated-MTF-Non-Repaint/;Hello there, With this script, you can see CFTC COT Non Commercial and Commercial Positions together. This way, you can analyze net values ​​greater than 0 and smaller, as well as very dense and very shallow positions of producers and speculators. Green - Non Commercials - Speculators Red - Commerci…;;;11/12/2024;3040;59;editors_pick_indicators;1;90439;cftc | commercials | Commitment of Traders (COT) | futures | noncom | positions;200;0
178;Multitimeframe Fair Value Gap – FVG (Zeiierman);https://www.tradingview.com/script/5jS51RsP-Multitimeframe-Fair-Value-Gap-FVG-Zeiierman/;█ Overview The Multitimeframe Fair Value Gap – FVG (Zeiierman) indicator provides a dynamic and customizable visualization of institutional imbalances (Fair Value Gaps) across multiple timeframes. Built for traders who seek to analyze price inefficiencies, this tool helps highlight potential entry p…;;;04/04/2025;7644;58;editors_pick_indicators;1;163327;bullbearpower | fairvaluegap | fairvaluegaptrend | fvg | multitimeframe | multitimeframefvg | multitimeframes | Trend Analysis;200;0
335;Gann Square of 144;https://www.tradingview.com/script/7KmrAB2f-Gann-Square-of-144/;This indicator will create lines on the chart based on W.D. Gann's Square of 144. All the inputs will be detailed below Why create this indicator? I didn't find it on Tradingview (at least with open source). But the main reason is to study the strategy and be able to draw it fast. Manually drawing t…;;;21/01/2023;3493;58;editors_pick_indicators;1;133475;144 | forecasting | forecastingtechniques | Gann | Pivot points and levels | square;200;0
493;Previous Period Levels - X Alerts;https://www.tradingview.com/script/1z60BvMR-Previous-Period-Levels-X-Alerts/;====== ABOUT THIS INDICATOR - A simple but highly customisable display of previous higher time-frame OHLC values, drawn using line.new and label.new. Nothing fancy but... - Customised resolution input which excludes time frames lower than 1 hour while ext;;;19/02/2021;2940;57;editors_pick_indicators;1;83009;alerts | cross | crossover | crossunder | levels | period | previous | resolution | Simple Moving Average (SMA) | Support and Resistance | timeframe;200;0
497;Anti-Volume Stop Loss;https://www.tradingview.com/script/GpvwlRQm/;FINALLY! As everyone who tried to create, understand, or even find the Buff Pelz Dormeier Anti-volume stop-loss indicator knows that - it's not easy. Personally, I have partially, or perhaps completely figured out, the tips Buff had given in Investing with Volume Analysis book. AVSL now is ready. Pl…;;;17/12/2020;7095;57;editors_pick_indicators;1;191804;AWSL | Moving Averages | stop-loss | Trend Analysis | TTI | Volume Indicator | Volume | vpci;200;0
604;Williams Fractal Trailing Stops;https://www.tradingview.com/script/JZXkmCi2-Williams-Fractal-Trailing-Stops/;Unlike the built-in version, you can configure how many bars it takes to confirm a fractal. This indicator plots all Williams high and low fractals, and a stop line that trails the fractals up and down. Includes long and short stop alerts. You can choose whether the trail flips long-short based on t…;;;18/11/2022;3171;57;editors_pick_indicators;1;121326;trailingstop | trailingstoploss | Williams Fractal;200;0
187;Footprint IQ Pro [TradingIQ];https://www.tradingview.com/script/mxDTtwh8-Footprint-IQ-Pro-TradingIQ/;"Hello Traders! Introducing ""Footprint IQ Pro""! Footprint IQ Pro is an all-in-one Footprint indicator with several unique features. Features Calculated delta at tick level Calculated delta ratio at tick level Calculated buy volume at tick level Calculated sell volume at tick level Imbalance detection…";;;16/04/2026;5337;56;editors_pick_indicators;1;163004;delta | footprint | footprintcandles | footprintchart | footprintdelta | footprints | statistics | tradingiq | volumedelta | Volume Profile;200;0
314;Time & volume point of control / Flowly Indicators;https://www.tradingview.com/script/nY63MyD9-Time-volume-point-of-control-Flowly-Indicators/;What are TPOC & VPOC? TPOC (time point of control) and VPOC (volume point of control) are points in price where highest amount of time/volume was traded. This is considered key information in a market profile, as it shows where market participant interest was highest. Unlike full fledged market prof…;;;30/01/2026;3129;56;editors_pick_indicators;1;139047;flowlyindicators | marketprofile | POC | pointofcontrol | quantifytools | tpoc | tpoprofile | Volume Indicator | Volume Profile | Volume | vpoc | vpoprofile;200;0
331;Weighted percentile nearest rank;https://www.tradingview.com/script/4LByGQj0-Weighted-percentile-nearest-rank/;Yo, posting it for the whole internet, took the whole day to find / to design the actual working solution for weighted percentile 'nearest rank' algorithm, almost no reliable info online and a lot of library-style/textbook-style solutions that don't provide on real world production level. The princi…;;;30/11/2024;396;56;editors_pick_indicators;1;29863;nearest | percentile | Pine utilities | rank | statistics | weighted;200;0
536;Bitcoin Bullish Percent Index;https://www.tradingview.com/script/X2Y6Hyok-Bitcoin-Bullish-Percent-Index/;"Hello Traders, This is Bitcoin Bullish Percent Index script. First lets talk about what the Bullish Percent Index and how it is calculated: ""The Bullish Percent Index (BPI) is a breadth indicator based on the number of securities on Point & Figure Buy Signals, Developed by Abe Cohen in the mid-1950s…";;;10/10/2021;3327;56;editors_pick_indicators;1;68611;Breadth Indicators | Bullish Percent Index | Centered Oscillators | Hammer | lonesometheblue | pointandfigure | sentiment | Volatility;200;0
339;Fourier Extrapolator of Price w/ Projection Forecast [Loxx];https://www.tradingview.com/script/u0r2gpti-Fourier-Extrapolator-of-Price-w-Projection-Forecast-Loxx/;Due to popular demand, I'm pusblishing Fourier Extrapolator of Price w/ Projection Forecast.. As stated in it's twin indicator, this one is also multi-harmonic (or multi-tone) trigonometric model of a price series xi, i=1..n, is given by: xi = m + Sum( a*Cos(w*i) + b*Sin(w*i), h=1..H ) Where: xi - p…;;;15/08/2022;3078;55;editors_pick_indicators;1;102740;educational | fernandes | forecasting | fourier | fouriertransform | frequency | Harmonic Patterns | leastsquares | projection | quinn;200;0
72;Fair Value Gaps by DGT;https://www.tradingview.com/script/Onab2fvE-Fair-Value-Gaps-by-DGT/;Fair Value Gaps A refined, multi-timeframe Fair Value Gap (FVG) detection tool that brings institutional imbalance zones to life directly on your chart. Designed for precision, it visualizes how price delivers into inefficiencies across chart, higher, and lower (intrabar) timeframes — offering a flu…;;;03/03/2026;5478;54;editors_pick_indicators;1;121302;DGT | fairvaluegap | fvg | ict | marketstructure | mtfanalysis | multitimeframe | Trend Analysis | Wave Analysis;200;0
545;Multi Time Frame Candles;https://www.tradingview.com/script/pOHudX82-Multi-Time-Frame-Candles/;Hello Traders, This script can show (upto) 3 candles of another time frames without changing chart time frame realtime . You can choose the time frame and number of candles in the options. You have option to change body and wick colors as well. in this example number of candles is 2: You can set bod…;;;03/10/2021;3295;54;editors_pick_indicators;1;87129;Breadth Indicators | candle | Candlestick Analysis | highertimeframe | highertimeframes | lonesometheblue | multi-timeframe | multitimeframeanalysis | support | Trend Analysis | trendfollowing | trendtrading;200;0
379;Volume Footprint [LuxAlgo];https://www.tradingview.com/script/cdU6E9rm-Volume-Footprint-LuxAlgo/;This indicator estimates a volume footprint using tick data. The script automatically separates a candle into equidistant intervals with a width obtained from the average true range or a user-given width. Settings Method: Interval width calculation method. This ultimately determines the number of in…;;;24/01/2022;5840;53;editors_pick_indicators;1;310686;candles | LUX | luxalgo | Volume;200;0
415;Volume Profile Auto [line];https://www.tradingview.com/script/pTCl4kV6-Volume-Profile-Auto-line/;This project is about: - VPSV - array.new_line() - array.new_box() VPSV (pine) is one of the rare features that draws lines/figures BETWEEN bars It doesn't run on Pine script, which makes it possible to do such things. I wanted to have something similar while a restriction of Pine script is the impo…;;;08/08/2024;5275;53;editors_pick_indicators;1;237531;array | BOX | LINE | Volume | vpsv;200;0
570;Bernoulli Process - Binary Entropy Function;https://www.tradingview.com/script/bvYZ1CdF-Bernoulli-Process-Binary-Entropy-Function/;This indicator is the Bernoulli Process or Wikipedia - Binary Entropy Function . Within Information Theory, Entropy is the measure of available information, here we use a binary variable 0 or 1 (P) and (1-P) (Bernoulli Function/Distribution), and combined with the Shannon Entropy measurement. As you…;;;26/12/2024;3452;53;editors_pick_indicators;1;63287;bernoulli | Centered Oscillators | entropy | shannonentropy | Volatility | Volume;200;0
255;Market Sessions and TPO (+Forecast);https://www.tradingview.com/script/y6jyaS39-Market-Sessions-and-TPO-Forecast/;"This indicator ""Market Sessions and TPO (+Forecast)"" shows various market sessions alongside a TPO profile (presented as the traditional lettering system or as bars) and price forecast for the duration of the session. Additionally, numerous statistics for the session are shown. Features Session open…";;;19/04/2024;4006;52;editors_pick_indicators;1;160615;crypto | delta | forecasting | marketprofile | marketsessions | Open Interest | sessions | statistics | TPO | Volume;200;0
569;[PX] External Level;https://www.tradingview.com/script/a35KI2pb-PX-External-Level/;Hello everyone, today I'd like to share a script, which enables you to use external logic to plot levels on your chart. How does it work? The concept is based on two scripts. One script, which uses an external input as a trigger to print a new level and one script that calculates an output, which wi…;;;21/07/2020;1446;52;editors_pick_indicators;1;24713;crossover | levels | Oscillators | resistance_level | support | Trend Analysis;200;0
239;Zig-Zag Volume Profile (Bull vs. Bear) [Kioseff Trading];https://www.tradingview.com/script/L2LxYayS-Zig-Zag-Volume-Profile-Bull-vs-Bear-Kioseff-Trading/;"Hello! Thank you @Pinecoders and @TradingView for putting polylines in production and making this viable!! This script ""Zig Zag Volume Profile"" implements the polyline feature for Pine Script! Features Volume Profile anchored to zig zag trends Bull vs Bear profiles! Delta x price level Standard POC…";;;28/10/2023;3112;51;editors_pick_indicators;1;143218;bullvsbear | bullvsbearvolume | trendvolume | volumedelta | Volume Profile | volumeprofileanalysis | volumeprofileindicator | volumeprofiletrend | Zig Zag Indicator;200;0
328;Delta Volume Channels [LucF];https://www.tradingview.com/script/zkBuiFk7-Delta-Volume-Channels-LucF/;█ OVERVIEW This indicator displays on-chart visuals aimed at making the most of delta ​volume information. It can color bars and display two channels: one for delta ​volume, another calculated from the price levels of bars where delta ​volume divergences occur. Markers and alerts can also be configu…;;;16/04/2023;2422;51;editors_pick_indicators;1;117385;volumedelta;200;1
329;STD-Filtered, N-Pole Gaussian Filter [Loxx];https://www.tradingview.com/script/i4xZNAoy-STD-Filtered-N-Pole-Gaussian-Filter-Loxx/;This is a Gaussian Filter with Standard Deviation Filtering that works for orders (poles) higher than the usual 4 poles that was originally available in Ehlers Gaussian Filter formulas. Because of that, it is a sort of generalized Gaussian filter that can calculate arbitrary (order) pole Gaussian Fi…;;;12/10/2022;6830;51;editors_pick_indicators;1;188680;ehlers | Fisher Transform | fishertrasnform | gaussianfilter | meanreversion | npole | npolefilter | npolegaussianfilter | Standard Deviation | Standard Deviation (Volatility);200;0
437;Financials on Chart;https://www.tradingview.com/script/Lbxl9OqZ-Financials-on-Chart/;█ OVERVIEW This indicator displays your choice of up to 9 fundamentals on your chart. █ FEATURES You can configure the following attributes of the display: • Its position on your chart. • Automatic or custom height and width of rows. • The size and color of text. • The default background color (you…;;;15/04/2026;2833;51;editors_pick_indicators;1;59149;financials | Fundamental Analysis | Trend Analysis;200;0
451;Chart Oscillator;https://www.tradingview.com/script/WhfEDBDv-Chart-Oscillator/;I present you the chart oscillator where an oscillator (Stoch or RSI) is plotted on the chart itself (instead of below the chart) It is inspired on an idea of @Kablamicus Instead of having the lines between 0 and 100, here the '0-100' are - lowest(low, len) - highest(high, len) An overbought/oversol…;;;06/06/2021;1703;51;editors_pick_indicators;1;40236;Centered Oscillators | MFI-RSI | Oscillators;200;0
651;Average Sentiment Oscillator;https://www.tradingview.com/script/hz1PKu3G/;Description of this indicator from its author: Average Sentiment Oscillator Momentum oscillator of averaged bull/bear percentages. We suggest using it as a relatively accurate way to gauge the sentiment of a given period of candles, as a trend filter or for entry/exit signals. It’s a combination of…;;;18/09/2020;6751;51;editors_pick_indicators;1;119121;Oscillators | Trend Analysis;200;0
619;Uhl MA Crossover System;https://www.tradingview.com/script/Hl1Sw0I4-Uhl-MA-Crossover-System/;Today proposed indicator is based on the corrected moving average, an indicator originally proposed by Andreas Uhl professor at Salzburg University. This moving average is not the most well known, which is a pity since its design is extremely elegant. The corrected moving average (CMA) is an adaptiv…;;;05/03/2020;2234;50;editors_pick_indicators;1;46618;CMA | corrected | crossover | macross | macrossover | masystem | Moving Averages | Trend Analysis | trendstep;200;0
290;Recursive Auto-Pitchfork [Trendoscope];https://www.tradingview.com/script/hv8ghOJp-Recursive-Auto-Pitchfork-Trendoscope/;"""Say Hi"" to object oriented programming with Pinescript using types and methods. This is the beginning of new era of Pinescript where we are moving from isolated scripts containing indicator and strategies to whole ecosystem of Object Oriented Programming with libraries of highly reusable components…";;;30/11/2024;1542;49;editors_pick_indicators;1;61440;Chart patterns | hewhomustnotbenamed | trendoscope | zigzagecosystem;200;0
460;Technical Ratings;https://www.tradingview.com/script/Jdw7wW2g-Technical-Ratings/;"█ OVERVIEW This indicator calculates TradingView's well-known ""Strong Buy"", ""Buy"", ""Neutral"", ""Sell"" or ""Strong Sell"" states using the aggregate biases of 26 different technical indicators. █ FEATURES Differences with the built-in version • You can adjust the weight of the Oscillators and MAs compon…";;;15/04/2026;6989;49;editors_pick_indicators;1;133792;Centered Oscillators | Moving Averages | Oscillators;200;0
490;Monte Carlo Simulation - Random Walk;https://www.tradingview.com/script/asVG5Mjc-Monte-Carlo-Simulation-Random-Walk/;Hello All, Monte Carlo Simulation is a model used to predict the probability of different outcomes when the intervention of random variables is present. it is used by professionals in such widely disparate fields as finance, project management etc. You can find many articles about Monte Carlo Simula…;;;03/10/2021;3068;49;editors_pick_indicators;1;49030;Breadth Indicators | lonesometheblue | monte-carlo | MONTECARLO | randomwalk | Trend Analysis | Volatility;200;0
599;SPY Expected Move by VIX;https://www.tradingview.com/script/Q3jRR7sN-SPY-Expected-Move-by-VIX/;This indicator shows 1 and 2 standard deviation price move from the VWAP based on VIX. Implied Volatility (IV) is being used extensively in the Option world to project the Expected Move for the underlying instrument. VIX is used as a proxy for SPY's IV for 30 days. This indicator is meaningful only…;;;23/12/2024;2925;49;editors_pick_indicators;1;63652;expectedmove | Historical Volatility | impliedvolatility | SPDR S&P 500 ETF (SPY) | Standard Deviation | VIX CBOE Volatility Index | Volume Weighted Average Price (VWAP);200;0
62;Vdubus Divergence Wave Pattern Generator V1;https://www.tradingview.com/script/fi2LLSGz-Vdubus-Divergence-Wave-Pattern-Generator-V1/;The Vdubus Divergence Wave Theory 10 years in the making & now finally thanks to AI I have attempted to put my Trading strategy & logic into a visual representation of how I analyse and project market using Core price action & MacD. Enjoy :) A Proprietary Structural & Momentum Confluence SystemPart…;;;04/12/2025;7192;48;editors_pick_indicators;1;136041;Chart patterns | divegence | educational | Harmonic Patterns | vdubus | wave;200;0
291;Intrabar Analyzer [Kioseff Trading];https://www.tradingview.com/script/YqkWbG4M-Intrabar-Analyzer-Kioseff-Trading/;Hello! This indicator (Intrabar Analyzer) presents intrabar data in various derivative forms. On-Chart Features Traditional price data down to 1 min. Heikin-Ashi price data down to 1 min. Kagi price data down to 1 min. Point & Figure price data down to 1 min. Renko price data down to 1 min. Linebrea…;;;20/02/2023;2498;48;editors_pick_indicators;1;78754;intrabar | multitimeframe | statistics | Volume;200;0
298;Fair value bands / Flowly Indicators;https://www.tradingview.com/script/eos9U1qM-Fair-value-bands-Flowly-Indicators/;— Overview Fair value bands, like other band tools, depict dynamic points in price where price behaviour is normal or abnormal, i.e. trading at/around mean (price at fair value) or deviating from mean (price outside fair value). Unlike constantly readjusting standard deviation based bands, fair valu…;;;30/01/2026;5585;48;editors_pick_indicators;1;161212;Bands and Channels | dynamiclevels | fairvalue | fairvaluearea | fairvaluebands | overbought | oversold | quantifytools | relativevolume | Standard Deviation | timedistribution | volumedistribution;200;0
304;Electrocardiogram Chart;https://www.tradingview.com/script/NbsWKxVu-Electrocardiogram-Chart/;This is an attempt to develop alternative visualisation of financial charts. This script also makes use of new pine feature types which represents User Defined Object Types. You can refer to below documentation to understand more about this feature: www.tradingview.com www.tradingview.com 🎲 Structur…;;;15/12/2022;817;48;editors_pick_indicators;1;48784;Candlestick analysis | hewhomustnotbenamed | trendoscope;200;0
316;Interactive ATR Stop-Loss [TANHEF];https://www.tradingview.com/script/gUXnDioT-Interactive-ATR-Stop-Loss-TANHEF/;"This indicator is ""Interactive"" which means some inputs can are manually added through the first click after adding the indicator to the chart (ATR Trailing Stop-loss start point). See images below for more explanation. Why use a trailing stop-loss? A trailing stop-loss provides an exit when price m…";;;22/05/2023;3808;48;editors_pick_indicators;1;95397;ATR | atrstop | Average True Range (ATR) | interactive | stoploss | trailing | trailingstoploss | wilder;200;0
211;Ichimoku Theories [LuxAlgo];https://www.tradingview.com/script/ioQKeiwD-Ichimoku-Theories-LuxAlgo/;The Ichimoku Theories indicator is the most complete Ichimoku tool you will ever need. Four tools combined into one to harness all the power of Ichimoku Kinkō Hyō. This tool features the following concepts based on the work of Goichi Hosoda: Ichimoku Kinkō Hyō: Original Ichimoku indicator with its f…;;;16/05/2024;7565;47;editors_pick_indicators;1;242789;cycle | Cycles | Harmonic Patterns | Ichimoku Cloud | ichimokukinkohyo | luxalgo | pricetheory | targets | timetheory | waves | wavetheory;200;0
277;Sniffer;https://www.tradingview.com/script/lrDsHLST-Sniffer/;╭━━━╮╱╱╱╱╭━╮╭━╮ ┃╭━╮┃╱╱╱╱┃╭╯┃╭╯ ┃╰━━┳━╮╭┳╯╰┳╯╰┳━━┳━╮ ╰━━╮┃╭╮╋╋╮╭┻╮╭┫┃━┫╭╯ ┃╰━╯┃┃┃┃┃┃┃╱┃┃┃┃━┫┃ ╰━━━┻╯╰┻╯╰╯╱╰╯╰━━┻╯ Overview A vast majority of modern data analysis & modelling techniques rely upon the idea of hidden patterns, wether it is some type of visualisation tool or some form of a complex mach…;;;12/08/2023;1039;47;editors_pick_indicators;1;55656;Candlestick analysis | candlestickpattern | Chart patterns | formationtrading | patternrecognition | patterntrading | Pine utilities | similaritysearch | similarpattern | sniffer | structureanalysis | vectors;200;0
400;Augmented Dickey–Fuller (ADF) mean reversion test;https://www.tradingview.com/script/KjD8ByIQ-Augmented-Dickey-Fuller-ADF-mean-reversion-test/;The augmented Dickey-Fuller test (ADF) is a statistical test for the tendency of a price series sample to mean revert . The current price of a mean-reverting series may tell us something about the next move (as opposed, for example, to a geometric Brownian motion). Thus, the ADF test allows us to sp…;;;29/10/2021;2621;47;editors_pick_indicators;1;68798;mean-reversion | meanreversion | Oscillators | stationary | Trend Analysis | Volatility;200;0
418;Nunchucks;https://www.tradingview.com/script/84VJskLO-Nunchucks/;✖ Nunchucks A new way to display market data Does not flip color during current candle Displays Higher and Lower than the previous nunchuck's range Use it with current price line;;;01/06/2024;1163;47;editors_pick_indicators;1;33056;BARS | Breadth Indicators | candle | candles | kagi | linebreak | NEW | nunchuck | nunchucks | Trend Analysis | Volatility;200;0
482;Faith Indicator;https://www.tradingview.com/script/ev2TidhJ-Faith-Indicator/;This indicator compares buyers demand with sellers supply volumes and calculates which prevails. Therefore it only works if volume is published. Buyers demand is assumed for a period in which a higher high is reached with more volume. Sellers supply is recognized by a lower low combined with more vo…;;;18/03/2021;4160;46;editors_pick_indicators;1;56852;Centered Oscillators | Trend Analysis | trust | Volume;200;0
632;Laguerre RSI;https://www.tradingview.com/script/B094baNp-Laguerre-RSI/;Laguerre RSI is based on John EHLERS' Laguerre Filter to avoid the noise of RSI. Change alpha coefficient to increase/decrease lag and smoothness. Buy when Laguerre RSI crosses upwards above 20. Sell when Laguerre RSI crosses down below 80. While indicator runs flat above 80 level, it means that an…;;;03/07/2023;8718;46;editors_pick_indicators;1;217523;ehlers | FR3762 | kivanc | laguerre | Oscillators | Relative Strength Index (RSI);200;0
272;Anchored VWAP Pinch & Handoff, Intervals, and Signals;https://www.tradingview.com/script/VYu6A3GB-Anchored-VWAP-Pinch-Handoff-Intervals-and-Signals/;"""Anchored VWAP Pinch & Handoff, Intervals, and Signals"" is an AVWAP toolbox for those who like to use various VWAP trading techniques. The indicator is currently comprised of the following three sections: • The Pinch & Handoff section (shown above on chart) allows manually setting an upper and lower…";;;31/07/2023;3082;45;editors_pick_indicators;1;105007;anchored | avwap | Bands and Channels | hand-off | handoff | pinch | price | Support and Resistance | Volume Weighted Average Price (VWAP) | weighted;200;0
282;Adaptive Candlestick Pattern Recognition System;https://www.tradingview.com/script/5FQgMCiO-Adaptive-Candlestick-Pattern-Recognition-System/;█ INTRODUCTION Nearly three years in the making, intermittently worked on in the few spare hours of weekends and time off, this is a passion project I undertook to flesh out my skills as a computer programmer. This script currently recognizes 85 different candlestick patterns ranging from one to fiv…;;;18/04/2023;3053;45;editors_pick_indicators;1;124881;adaptive | Candlestick analysis | candlestickpattern | candlestickpatternbreakout | candlestickpatternformation | Moving Averages | multitimeframe | pattern | recognition | system | theory;200;0
387;Manual Harmonic Patterns - With interactive inputs;https://www.tradingview.com/script/hjjizROg-Manual-Harmonic-Patterns-With-interactive-inputs/;This script is a drawing tool which allows users to draw XABCD on the chart and script will tell whether there is any harmonic patterns on the drawings made. The script is based on interactive inputs and requires users to chose XABCD points. Please note This is not a scanner and it will not scan his…;;;26/12/2022;2785;45;editors_pick_indicators;1;77231;Chart patterns | drawingtools | Harmonic Patterns | hewhomustnotbenamed | trendoscope | Zig Zag Indicator;200;1
600;Dynamic Money Flow;https://www.tradingview.com/script/c7z3p2xh-Dynamic-Money-Flow/;Dynamic Money Flow is a volume indicator based on Marc Chaikin's Money Flow with a few improvements. It can be used to confirm break-outs and trends. Zero line crosses and divergences can provide useful signals while considering chart analysis as well. Two weaknesses of CMF have been already fixed b…;;;04/08/2024;2244;45;editors_pick_indicators;1;71684;marcchaikin | moneyflowindex | Oscillators | Trend Analysis | Volume;200;0
171;Machine Learning RSI ║ BullVision;https://www.tradingview.com/script/sHevuJyQ-Machine-Learning-RSI-BullVision/;Overview: Introducing the Machine Learning RSI with KNN Adaptation – a cutting-edge momentum indicator that blends the classic Relative Strength Index (RSI) with machine learning principles. By leveraging K-Nearest Neighbors (KNN), this indicator aims at identifying historical patterns that resemble…;;;12/04/2025;8945;44;editors_pick_indicators;1;189532;impulse | knn | machinelearning | oscillaltor | Oscillators | Relative Strength Index (RSI) | Trend Analysis | trendlineanalysis;200;0
212;Volume Bull/Bear Activity [ZC];https://www.tradingview.com/script/bNhLqnsP-Volume-Bull-Bear-Activity-ZC/;Volume Bull/Bear Activity Summary This indicator generates a summary of bull/bear activity for 20 symbols. For each symbol, two bars are displayed, colored green and red. The green bar indicates bull volume, reflecting activity within the last candle of the symbol. The red bar signifies bear volume…;;;29/04/2024;3264;44;editors_pick_indicators;1;110465;Candlestick analysis;200;0
227;Volume Footprint Voids [BigBeluga];https://www.tradingview.com/script/ZMxB93wD-Volume-Footprint-Voids-BigBeluga/;Volume Footprint Voids is a unique tool that uses lower timeframe calculation to plot different styles of single candle POC. This indicator is very powerful for scalping and finding very precise entry and exits, spotting potential trapped traders, and more. Unlike many other volume profiles, this ai…;;;27/01/2024;8365;44;editors_pick_indicators;1;259637;multitimeframe | netvolume | POC | profile | scalping | singlecandledemand | statistics | stratifytrade | volumespreadanalysis | Volume;200;0
433;Weighted Harrell-Davis Quantile Estimator with AbsoluteDeviation;https://www.tradingview.com/script/iiNI8Ml2-Weighted-Harrell-Davis-Quantile-Estimator-with-AbsoluteDeviation/;QUANTILE ESTIMATORS Weighted Harrell-Davis Quantile Estimator with Absolute Deviation Fences. DISCLAIMER: The Following indicator/code IS NOT intended to be a formal investment advice or recommendation by the author, nor should be construed as such. Users will be fully responsible by their use regar…;;;03/07/2021;1332;44;editors_pick_indicators;1;40522;absolutedeviation | harrell-davis | library | median | orderstatistics | quantiles | statistics | Trend Analysis | Volatility | Volume Indicator | volumeweighted;200;0
593;RedK_Supply/Demand Volume Viewer v1;https://www.tradingview.com/script/kfUHOMlX-RedK-Supply-Demand-Volume-Viewer-v1/;Background ============ VolumeViewer is a volume indicator, that offers a simple way to estimate the movement and balance (or lack of) of supply & demand volume based on the shape of the price bar. i put this together few years ago and i have a version of this published for another platform under di…;;;16/12/2021;1800;44;editors_pick_indicators;1;61873;balancelevels | redk | Volume Indicator | Volume | volumeviewer;200;0
47;Market Structure Dashboard | Flux Charts;https://www.tradingview.com/script/vXui7vrm-Market-Structure-Dashboard-Flux-Charts/;GENERAL OVERVIEW Market Structure Dashboard is a multi-timeframe market structure analysis indicator. It combines EMA trend detection, swing high/low tracking, market structure labels, Order Block detection, Fair Value Gap detection, liquidity sweep detection, volume analysis, volatility analysis, t…;;;10/02/2026;9702;43;editors_pick_indicators;1;128082;fluxcharts | fvg | ict | killzone | marketstructure | multitimeframe | orderblock | Pivot points and levels | priceaction | SMC | Volatility;200;1
65;Volume Gaps & Imbalances (Zeiierman);https://www.tradingview.com/script/Q7YQQq7g-Volume-Gaps-Imbalances-Zeiierman/;█ Overview Volume Gaps & Imbalances (Zeiierman) is an advanced market-structure and order-flow visualizer that maps where the market traded, where it did not, and how buyer-vs-seller pressure accumulated across the entire price range. The core of the indicator is a price-by-price volume profile buil…;;;26/11/2025;8046;43;editors_pick_indicators;1;131979;imbalanceprofile | Volume Indicator | volumedelta | volumedeltaprofile | volumegap | volumegaps | volumeindicator | Volume Profile | volumeprofileindicator;200;1
199;Volume Analysis - Heatmap and Volume Profile;https://www.tradingview.com/script/lPEr4QCA-Volume-Analysis-Heatmap-and-Volume-Profile/;Hello All! I have a new toy for you! Volume Analysis - Heatmap and Volume Profile . Honestly I started to work to develop Volume Heatmap then I decided to improve it and add more features such Volume profile, volume, difference in Buy/Sell volumes etc. I tried to put my abilities into this script an…;;;17/09/2024;5632;43;editors_pick_indicators;1;166427;boxes | cumulativevolume | educational | heatmap | lonesometheblue | lowertimeframe | lowertimeframeanalysis | POC | table | volumeanalysis | Volume Profile | Volume;200;0
231;Volume Speed [By MUQWISHI];https://www.tradingview.com/script/ZMdZlGaJ-Volume-Speed-By-MUQWISHI/;▋ INTRODUCTION : The “Volume Dynamic Scale Bar” is a method for determining the dominance of volume flow over a selected length and timeframe, indicating whether buyers or sellers are in control. In addition, it detects the average speed of volume flow over a specified period. This indicator is almo…;;;01/05/2025;2451;43;editors_pick_indicators;1;85069;cryptos | education | Forex | livetrading | potential | statistics | Stocks | tape | Trend Analysis | volumeanalysis | Volume;200;0
248;Support & Resistance AI (K means/median) [ThinkLogicAI];https://www.tradingview.com/script/FwB6GWPC-Support-Resistance-AI-K-means-median-ThinkLogicAI/;█ OVERVIEW K-means is a clustering algorithm commonly used in machine learning to group data points into distinct clusters based on their similarities. While K-means is not typically used directly for identifying support and resistance levels in financial markets, it can serve as a tool in a broader…;;;21/08/2023;5062;43;editors_pick_indicators;1;250034;AI | cluster | kmeans | kmedian | machinelearning | reversal | riskreward | statistical | stoploss | Support and Resistance | Trend Analysis;200;0
160;Multi-Layer Volume Profile [BigBeluga];https://www.tradingview.com/script/5QtH3KYD-Multi-Layer-Volume-Profile-BigBeluga/;A powerful multi-resolution volume analysis tool that stacks multiple profiles of historical trading activity to reveal true market structure. This indicator breaks down total and delta volume distribution across time at four adjustable depths — enabling traders to spot major POCs, volume shelves, a…;;;12/05/2025;7310;42;editors_pick_indicators;1;150242;deltavolume | POC | volumeanalysis | volumedelta | volumelevel | Volume Profile | volumeprofileanalysis | volumeprofileindicator | Volume;200;0
327;Machine Learning: kNN (New Approach);https://www.tradingview.com/script/3lZg4gmr-Machine-Learning-kNN-New-Approach/;Description: kNN is a very robust and simple method for data classification and prediction. It is very effective if the training data is large. However, it is distinguished by difficulty at determining its main parameter, K (a number of nearest neighbors), beforehand. The computation cost is also qu…;;;15/11/2022;2883;42;editors_pick_indicators;1;135044;forecasting | knn | machinelearning | Moving Averages | onestepprediction | statistics;200;0
382;XABCD Harmonic Pattern Custom Range Interactive;https://www.tradingview.com/script/0x1Dgqjw-XABCD-Harmonic-Pattern-Custom-Range-Interactive/;█ OVERVIEW This indicator was designed based on Harmonic Pattern Book written by Scott Carney. It was simplified to user who may always used tools such as XABCD Pattern and Long Position / Short Position, which consume a lot of time, recommended for both beginner and expert of Harmonic Pattern Trade…;;;18/06/2022;3402;42;editors_pick_indicators;1;104934;customrange | interactive | manual | Support and Resistance | Trend Analysis | xabcd;200;0
420;MESA Stochastic Multi Length;https://www.tradingview.com/script/u64LZ5N3-MESA-Stochastic-Multi-Length/;John Ehler's MESA Stochastic uses super smoothing to give solid signals. This indicator uses the same rules as every other Stochastic indicator so it would be worth looking into if you are not already familiar with reading a Stochastic. There are 4 different lengths displayed to give traders an edge…;;;09/08/2021;1338;42;editors_pick_indicators;1;42002;BOOM | dump | ehler | ehlers | highsandlows | mesa | pump | Stochastic Oscillator | supersmoother;200;0
441;RedK Compound Ratio Moving Average (CoRa_Wave);https://www.tradingview.com/script/NgLjvBWA-RedK-Compound-Ratio-Moving-Average-CoRa-Wave/;"Compound Ratio Weighted Average (CoRa_Wave) is a moving average where the weights increase in a ""logarithmically linear"" way - from the furthest point in the data to the current point - the formula to calculate these weights work in a similar way to how ""compound ratio"" works - you start with an ini…";;;14/06/2021;1226;42;editors_pick_indicators;1;36137;compounding | corawave | Moving Averages | redk;200;0
546;Polynomial Regression Bands + Channel [DW];https://www.tradingview.com/script/B0KZf6uG-Polynomial-Regression-Bands-Channel-DW/;This is an experimental study designed to calculate polynomial regression for any order polynomial that TV is able to support. This study aims to educate users on polynomial curve fitting, and the derivation process of Least Squares Moving Averages (LSMAs). I also designed this study with the intent…;;;05/10/2020;2319;42;editors_pick_indicators;1;74861;arrays | Channels | leastsquares | Linear Regression | Least Squares Moving Average (LSMA) | ludecomposition | matrix | Moving Averages | polynomial | regression | supersmoother | Trend Analysis;200;0
556;McGinley Dynamic (Improved) - John R. McGinley, Jr.;https://www.tradingview.com/script/AKsKg1ih-McGinley-Dynamic-Improved-John-R-McGinley-Jr/;"For all the McGinley enthusiasts out there, this is my improved version of the ""McGinley Dynamic"", originally formulated and publicized in 1990 by John R. McGinley, Jr. Prior to this release, I recently had an encounter with a member request regarding the reliability and stability of the general alg…";;;20/09/2020;1236;42;editors_pick_indicators;1;35310;dynamic | Exponential Moving Average (EMA) | McGinley Dynamic | mcginleydynamic;200;0
643;Volatility Stop MTF;https://www.tradingview.com/script/tT0t369u-Volatility-Stop-MTF/;This is a multi-timeframe version of our Volatility Stop , an ATR-based trend detector that can be used as a stop. ► Timeframe selection The higher timeframe can be selected using 3 different ways: • By steps (60 min., 1D, 3D, 1W, 1M, 1Y). • As a multiple of the current chart's resolution, which can…;;;15/04/2026;4436;42;editors_pick_indicators;1;164093;Trend Analysis | Volatility Stop;200;0
378;Weekly Volume Heatmap;https://www.tradingview.com/script/TbZ9rgX9-Weekly-Volume-Heatmap/;This tool is designed to visualize how the trading volume of each asset changes during the week. How to use This tool can help us better understand the market and answer many questions, such as: ◽ How to avoid getting stop hunted? Typically, trading volume decreases at certain times of the week, whi…;;;25/01/2022;1372;41;editors_pick_indicators;1;63464;heatmap | stophunt | Volume Indicator | Volume | Weekly Charts | whales;200;0
394;RedK Auto-Stepping Ladder Trader;https://www.tradingview.com/script/jja8TYjc-RedK-Auto-Stepping-Ladder-Trader/;"The RedK Auto-Stepping Ladder Trader is an experimental tool to help identify trade entry and exits for various types of trades (Trend / Momentum / Breakout and Swing trades) The underlying concept here is loosely similar to the SMAC script - in case you'd like to read some of the ""script-specific""…";;;05/12/2021;2839;41;editors_pick_indicators;1;85223;ladder | Moving Averages | redk | Trend Analysis;200;0
407;Divergence-Support/Resistence;https://www.tradingview.com/script/UkaoD896-Divergence-Support-Resistence/;Another script based on zigzag, divergence, and to yield support and resistence levels. This idea started with below two concepts: ▶ Support and resistence are simply levels where price has rejected to go further down or up. Usually, we can derive this based on pivots. But, if we start looking at ev…;;;19/10/2021;4057;41;editors_pick_indicators;1;175836;Divergence | support-and-resistance | Trend Analysis | Zig Zag Indicator;200;0
587;Revolution Volatility Bands With Range Contraction Signal VII;https://www.tradingview.com/script/fXnublKt-Revolution-Volatility-Bands-With-Range-Contraction-Signal-VII/;"Also one of my favorite indicators. Very simple and easy to use. Essentially volatility bands with a technical analysis pattern, the triangle/wedge, which I have called ""contraction signal"". Put simply: When price is written in blue, volatility overall is falling. When the outer bands start to fatte…";;;21/05/2020;2456;41;editors_pick_indicators;1;102367;Moving Averages | Trend Analysis | Volatility;200;0
138;Deviation Trend Profile [BigBeluga];https://www.tradingview.com/script/6Wr1CEuo-Deviation-Trend-Profile-BigBeluga/;🔵 OVERVIEW A statistical trend analysis tool that combines moving average dynamics with standard deviation zones and trend-specific price distribution. This is an experimental indicator designed for educational and learning purposes only. 🔵 CONCEPTS Trend Detection via SMA Slope: Detects trend shift…;;;16/06/2025;12261;40;editors_pick_indicators;1;227768;frequency | frequencyanalysis | Moving Averages | profile | statistics | Trend Analysis | trendlineanalysis | trendtrading;200;0
390;#NAME?;https://www.tradingview.com/script/41E5Ocgx-Klinger-Oscillator/;This is a version of Stephen J. Klinger's, Klinger Oscillator (sometimes called Klinger Volume Oscillator). I've changed virtually nothing about the indicator itself, but added some lookback inputs for the EMAs the oscillator is derived from (traditionally 34 and 55), and added a few other things, a…;;;15/04/2025;2172;40;editors_pick_indicators;1;69791;barcolor | confirmationindicator | klingeroscillator | klingervolumeoscillator | nononsenseforex | nononsensefx | Oscillators | Volume;200;0
623;Dekidaka-Ashi - Candles And Volume Teaming Up (Again);https://www.tradingview.com/script/QeqcSffc-Dekidaka-Ashi-Candles-And-Volume-Teaming-Up-Again/;The introduction of candlestick methods for market price data visualization might be one of the most important events in the history of technical analysis, as it totally changed the way to see a trading chart. Candlestick charts are extremely efficient, as they allow the trader to visualize the open…;;;21/02/2020;1008;40;editors_pick_indicators;1;35082;candles | Candlestick analysis | candlestickpattern | candlesticksignals | signals | Trend Analysis | Volume;200;0
18;Machine Learning RSI | AI Classification & Ranking (Zeiierman);https://www.tradingview.com/script/VrTL3VwF-Machine-Learning-RSI-AI-Classification-Ranking-Zeiierman/;█ Overview The Machine Learning RSI | AI Classification & Ranking (Zeiierman) is an adaptive RSI intelligence system that combines momentum analysis, historical analog recognition, machine learning classification, confidence scoring, and dynamic trend management into a single framework. Rather than…;;;01/06/2026;6113;39;editors_pick_indicators;0;99934;airsi | educational | fisherdiscriminant | knn | lorentzianclassification | machine_learning | machinelearning | machinelearningindicator | machinelearningrsi | mloscillator | Oscillators | Relative Strength Index (RSI);200;1
161;Best SMA Finder;https://www.tradingview.com/script/WLSrG7cX-Best-SMA-Finder/;This script, Best SMA Finder, is a tool designed to identify the most robust simple moving average (SMA) length for a given chart, based on historical backtest performance. It evaluates hundreds of SMA values (from 10 to 1000) and selects the one that provides the best balance between profitability,…;;;04/05/2025;2244;39;editors_pick_indicators;1;60956;Simple Moving Average (SMA) | statistics | Trend Analysis;200;0
191;Fibonacci Time-Price Zones;https://www.tradingview.com/script/1NHVL40I-Fibonacci-Time-Price-Zones/;🟩 Fibonacci Time-Price Zones is a chart visualization tool that combines Fibonacci ratios with time-based and price-based geometry to analyze market behavior. Unlike typical Fibonacci indicators that focus solely on horizontal price levels, this indicator incorporates time into the analysis, providi…;;;17/12/2024;7097;39;editors_pick_indicators;1;225683;Chart patterns | circles | curvature | fibonaccianalysis | Fibonacci Circles | Fibonacci Extension | Fibonacci Retracement | fibonnacci | orthogonal | Pivot points and levels | Support and Resistance | xxattaxx;200;0
218;Trailing Management (Zeiierman);https://www.tradingview.com/script/p5gGWHl5-Trailing-Management-Zeiierman/;█ Overview The Trailing Management (Zeiierman) indicator is designed for traders who seek an automated and dynamic approach to managing trailing stops. It helps traders make systematic decisions regarding when to enter and exit trades based on the calculated risk-reward ratio. By providing a clear v…;;;02/05/2026;3206;39;editors_pick_indicators;1;107645;breakevencurve | Portfolio management | riskreward | riskrewardstrategy | trailingindicator | trailingmanagement | trailingstop | trailingstrategy | trailingtool | Trend Analysis;200;0
300;Harmonic Patterns Based Trend Follower;https://www.tradingview.com/script/UivE2izt-Harmonic-Patterns-Based-Trend-Follower/;Earlier this week, published an idea on how harmonic patterns can be used for trend following. This script is an attempt to implement the same. 🎲 Process 🎯 Derive Zigzag and scan harmonic patterns for last 5 confirmed pivots 🎯 If a pattern is found, highest point of pattern will become the bullish z…;;;25/01/2023;3510;39;editors_pick_indicators;1;145392;Chart patterns | Harmonic Patterns | hewhomustnotbenamed | Trend Analysis | trendoscope;200;0
578;Hull Candles [BigBitsIO];https://www.tradingview.com/script/dyb13iDa-Hull-Candles-BigBitsIO/;This script is for custom candles based on an HMA calculation with a default period of 10 as well as an SMA of the close price, defaulted to 1 period to only show the current price. The purpose of the custom candles is to try and reduce noise from candles and help identify trends. These custom candl…;;;23/06/2020;2474;39;editors_pick_indicators;1;81443;candle | candleformation | Candlestick Analysis | custom | HMA | hull | plotcandle | Trend Analysis;200;0
256;Volume Delta Compare [Ticks ~ LTF data];https://www.tradingview.com/script/zn9dhLPS-Volume-Delta-Compare-Ticks-LTF-data/;"The ""Volume Delta Compare "" publication shows 2 different techniques to show into-depth details of Volume, using Tick and Lower-Time-Frame (LTF) data. 🔶 USAGE Check for divergences between price and volume movement Check details (why and when a ΔV developed) Or if you want to see a lot of data stack…";;;05/10/2023;865;38;editors_pick_indicators;1;80769;Volume Indicator | volumedelta;200;0
279;Range Sentiment Profile [LuxAlgo];https://www.tradingview.com/script/5UuBjDYO-Range-Sentiment-Profile-LuxAlgo/;The Range Sentiment Profile indicator is inspired from the volume profile and aims to indicate the degree of bullish/bearish variations within equidistant price areas inside the most recent price range. The most bullish/bearish price areas are highlighted through lines extending over the entire rang…;;;24/04/2023;5691;38;editors_pick_indicators;1;268104;luxalgo | range | resistances | sentiment | sentimentalanalysis | Sentiment Studies | support | Trend Analysis | Volume Profile;200;0
380;Range Volume Change;https://www.tradingview.com/script/lwOxh0Vh-Range-Volume-Change/;I was looking for a way to see if today's premarket volume is higher or lower than the previous day's premarket, but did not find any, hence, I made my own which I share with you now. I call it 'Range Volume Change' or just RVC. RVC will show the percentage of change between the selected time range…;;;23/05/2022;2386;38;editors_pick_indicators;1;102716;Volume Indicator | volumeanalysis | Volume Profile;200;0
397;RKs Notepad++ Pine Script V5;https://www.tradingview.com/script/6Jacp8xE-RKs-Notepad-Pine-Script-V5/;█ OVERVIEW After reading all the new names and renames that Pine Script V5 brought to us, I knew that my old Notepad++ User Defined Language (UDL) would need a big update, so I decided to do a complete remake using the same Dark color scheme theme of the Pine Editor. Then, I create a Notepad++ Theme…;;;11/11/2021;411;38;editors_pick_indicators;1;39694;coderstools | editortools | notepad-plus-plus | pine | pinecode | pinecoders | pinecolorstheme | pineeditor | pinescript | Trend Analysis;200;0
431;RedK Portfolio Tracker [Table Version];https://www.tradingview.com/script/UFTT8ROh-RedK-Portfolio-Tracker-Table-Version/;RedK Portfolio Tracker is a simple tool that enables a trader to monitor and track a portfolio of up to 10 holdings (+ free cash) in real time - directly on the chart Now that we have tables in Pine, this is a table version of my previously published Portfolio Tracker - The table works better in vis…;;;12/11/2021;1234;37;editors_pick_indicators;1;52933;PNL | portfolio | Portfolio management | positionmanagement | redk | table | Trend Analysis;200;0
449;Watermark;https://www.tradingview.com/script/G0I0osGM-Watermark/;"Look in the lower-left corner of this chart. If you load the script on your chart, you will see how the watermark animates. You can personalize it in the script's ""Settings/Inputs"" tab to use it in your chart snapshots. Do keep in mind that if you use it when publishing ideas, videos or scripts, Hou…";;;24/07/2022;2298;37;editors_pick_indicators;1;58452;Moving Averages;200;0
582;Bayesian BBSMA Oscillator;https://www.tradingview.com/script/8lXcviYm-Bayesian-BBSMA-Oscillator/;Sometime ago (very long ago), one of my tinkering project was to do a spam or ham classification type app to filter news I'd wanna read. So I built myself a Naive Bayes Classifier to feed me my relevant articles. It worked great, I can cut through the noise. The hassle was I needed to manually train…;;;07/06/2020;1491;37;editors_pick_indicators;1;49769;bayesian | breakout | Oscillators | probabilities | Trend Analysis;200;0
20;Whale Liquidity and Absorption Profile [AlgoAlpha];https://www.tradingview.com/script/cWm8UcfQ-Whale-Liquidity-and-Absorption-Profile-AlgoAlpha/;🟠 OVERVIEW The Whale Liquidity and Absorption Profile maps intrabar buying, selling, delta, and absorption activity into stacked horizontal profiles. It samples lower timeframe volume data inside each chart candle, then groups that activity into price bins to show where aggressive participation and…;;;16/05/2026;5214;36;editors_pick_indicators;0;127099;algoalpha | footprint | heatmap | liquidationlevels | liquidity | sentiment | Technical Analysis | Trend Analysis | trendfollowing | volumedeltaprofile | volumespreadanalysis | Volume;200;1
122;EVaR Indicator and Position Sizing;https://www.tradingview.com/script/c2fZXJII-EVaR-Indicator-and-Position-Sizing/;"The Problem: Financial markets consistently show ""fat-tailed"" distributions where extreme events occur with higher frequency than predicted by normal distributions (Gaussian or even log-normal). These fat tails manifest in sudden price crashes, volatility spikes, and black swan events that tradition…";;;18/07/2025;813;36;editors_pick_indicators;1;32215;entropy | forecasting | statistics | tailrisk | tsallis | Volatility | volatilityindicator;200;0
126;True Close – Institutional Trading Sessions (Zeiierman);https://www.tradingview.com/script/YkinBU20-True-Close-Institutional-Trading-Sessions-Zeiierman/;█ Overview True Close – Institutional Trading Sessions (Zeiierman) is a professional-grade session mapping tool designed to help traders align with how institutions perceive the market’s true close. Unlike the textbook “daily close” used by retail traders, institutional desks often anchor their risk…;;;30/06/2025;3601;36;editors_pick_indicators;1;79735;ictsession | institutionalclose | institutionaltrading | killerzone | Pivot points and levels | sessionclose | sessions | sessiontrading | tradingsessions | Trend Analysis | trueclose;200;0
247;[Excalibur] Ehlers AutoCorrelation Periodogram Modified;https://www.tradingview.com/script/MdtqpNT0-Excalibur-Ehlers-AutoCorrelation-Periodogram-Modified/;Keep your coins folks, I don't need them, don't want them. If you wish be generous, I do hope that charitable peoples worldwide with surplus food stocks may consider stocking local food banks before stuffing monetary bank vaults, for the crusade of remedying the needs of less than fortunate children…;;;17/09/2023;1018;36;editors_pick_indicators;1;52472;autocorrelation | Cycles | dominantcycle | ehlers | heatmap | periodicity | periodogram | spectrogram | spectrum | supersmoother;200;0
381;Commitment of Traders: Legacy Metrics;https://www.tradingview.com/script/195p3YlK-Commitment-of-Traders-Legacy-Metrics/;█ OVERVIEW This indicator displays the Commitment of Traders (​COT) legacy data for futures markets. █ CONCEPTS Commitment of Traders ​(​COT) data is tallied by the Commodity ​Futures Trading Commission (CFTC) , a US federal agency that oversees the trading of derivative markets such as futures in t…;;;26/03/2026;1226;36;editors_pick_indicators;1;60350;commitmentsoftraders | COT | sentiment | Trend Analysis;200;0
429;Portfolio Backtester Engine;https://www.tradingview.com/script/fhTLDun5-Portfolio-Backtester-Engine/;█ OVERVIEW Portfolio Backtester Engine (PBTE). This tool will allow you to backtest strategies across multiple securities at once. Allowing you to easier understand if your strategy is robust. If you are familiar with the PineCoders backtesting engine , then you will find this indicator pleasant to…;;;06/10/2021;2198;36;editors_pick_indicators;1;55666;backtesting | Moving Averages | Oscillators | portfolio | portfolioperformance | Trend Analysis;200;0
537;Probability of ATR Index [racer8];https://www.tradingview.com/script/P0H2AFk4-Probability-of-ATR-Index-racer8/;Deriving the indicator: PAI is an indicator I created that tells you the probability of current price moving a specified ATR distance over a specified number of periods into the future. It takes into account 4 variables: the ATR & the standard deviation of price, and the 2 parameters: ATR distance a…;;;17/10/2020;806;36;editors_pick_indicators;1;36382;Breadth Indicators | Oscillators | probability | Volatility;200;0
579;VAMA Volume Adjusted Moving Average Function;https://www.tradingview.com/script/WzvigqK7-VAMA-Volume-Adjusted-Moving-Average-Function/;This indicator is a live analysis adaptation of Richard Arms' Volume Adjusted Moving Average coded as a single function. VAMA utilizes a period length that is based on volume increments rather than time. Settings are provided for using as a pair of fast and slow moving averages. • SampleN - N volume…;;;22/11/2021;3169;36;editors_pick_indicators;1;77516;adjusted | Moving Averages | Trend Analysis | VAMA | Volume;200;0
96;Time & Sales (Tape) [By MUQWISHI];https://www.tradingview.com/script/IZnarK90-Time-Sales-Tape-By-MUQWISHI/;▋ INTRODUCTION : The “Time and Sales” (Tape) indicator generates trade data, including time, direction, price, and volume for each executed trade on an exchange. This information is typically delivered in real-time on a tick-by-tick basis or lower timeframe, providing insights into the traded size f…;;;25/04/2025;2285;35;editors_pick_indicators;1;64242;cryptos | educational | Forex | livetrading | potential | statistics | Stocks | table | tape | volumeanalysis | Volume;200;0
110;Adaptive Market Profile – Auto Detect & Dynamic Activity Zones;https://www.tradingview.com/script/TMLC5Wma-Adaptive-Market-Profile-Auto-Detect-Dynamic-Activity-Zones/;Adaptive Market Profile is an advanced indicator that automatically detects and displays the most relevant trend channel and market profile for any asset and timeframe. Unlike standard regression channel tools, this script uses a fully adaptive approach to identify the optimal period, providing you…;;;29/07/2026;3923;35;editors_pick_indicators;1;82361;adaptive | adaptivetrendfinder | Linear Regression | regression | Trend Analysis | Volume Profile;200;0
177;Log Regression Oscillator Channel [BigBeluga];https://www.tradingview.com/script/eR9y7zmm-Log-Regression-Oscillator-Channel-BigBeluga/;This unique overlay tool blends logarithmic trend analysis with dynamic oscillator behavior. It projects RSI, MFI, or Stochastic lines directly into a log regression channel on the price chart — offering an intuitive way to detect overbought/oversold momentum within the broader price structure. 🔵Key…;;;10/04/2025;4196;35;editors_pick_indicators;1;89195;Bands and Channels | Centered Oscillators | channel-oscillation | LOGARITHMIC | MFI | regression-channel | Relative Strength Index (RSI) | rsistrategy | stochasticoscillator | stochastictrading;200;0
320;Sector Rotation;https://www.tradingview.com/script/8sz9Dow4-Sector-Rotation/;This script is attempt to create and observe the real-time and historical performance of the all major sectors of Indian Market in one screen. for Data Presentation I used Short sector names so that I can manage to get space and efficient presentable data. Short Names and Actual Sector Names BNF : C…;;;05/10/2022;1509;35;editors_pick_indicators;1;57300;Breadth Indicators | educational | sector | sectorrotation | sentiment;200;0
533;Speedometer Toolbox;https://www.tradingview.com/script/1T498Yog-Speedometer-Toolbox/;Functions for drawing custom metric speedometers. See code for notes.;;;08/11/2020;2955;35;editors_pick_indicators;1;47836;experimental | Oscillators;200;0
67;Trend Line Methods (TLM);https://www.tradingview.com/script/GsRqNT8Q-Trend-Line-Methods-TLM/;Trend Line Methods (TLM) Overview Trend Line Methods (TLM) is a visual study designed to help traders explore trend structure using two complementary, auto-drawn trend channels. The script focuses on how price interacts with rising or falling boundaries over time. It does not generate trade signals…;;;15/02/2026;4659;34;editors_pick_indicators;1;105807;auxusd | bestsignals | beststrategy | BTCUSDT | educational | forcasting | forecasting | Trend Analysis | trendforecast | trendlineanalysis | Trend Line Break | trendtrading;200;0
198;Custom Pattern Detection;https://www.tradingview.com/script/WIwhv552-Custom-Pattern-Detection/;Overview Chart Patterns is a major tool for many traders. Pattern formation at specific location on the chart is used for investment/trading decisions. This indicator is designed in a way to allow investors/traders to define patterns of their choice based on certain input parameters and then detect…;;;24/09/2024;4378;34;editors_pick_indicators;1;116159;Chart patterns | educational | Harmonic Patterns;200;0
276;Seasonality [TFO];https://www.tradingview.com/script/wiXmhDwT-Seasonality-TFO/;This Seasonality indicator is meant to provide insight into an asset's average performance over specified periods of time (Daily, Monthly, and Quarterly). It is based on a 252 trading day calendar, not a 365 day calendar. Therefore, some estimations are used in order to aggregate the Daily data into…;;;09/05/2023;2256;34;editors_pick_indicators;1;62714;Cycles | educational | ict;200;0
383;Financial Statement Indicator by zdmre;https://www.tradingview.com/script/wiJMcWZ7-Financial-Statement-Indicator-by-zdmre/;Knowing how to work with the datas in a company's financial statements is an essential skill for stock investors. The meaningful interpretation and analysis of balance sheets, income statements, and cash flow statements to discern a company's investment qualities is the basis for smart investment ch…;;;03/11/2025;823;34;editors_pick_indicators;1;26469;financials | Stocks | Trend Analysis;200;0
480;RSI Bar Chart;https://www.tradingview.com/script/JLrxIM5v-RSI-Bar-Chart/;A different way to plot several RSI at once, 5 RSI with different options: - source, length, timeframe - size of indicator (width) - color change - limit change (30, 70), labels will be changed accordingly - type of RSI line (line, arrow), linewidth - offset label (at the right) There are 4 colors (…;;;27/01/2023;1000;34;editors_pick_indicators;1;34613;Oscillators | Relative Strength Index (RSI);200;0
492;Donchian Zig-Zag [LuxAlgo];https://www.tradingview.com/script/Nj6CMJkP-Donchian-Zig-Zag-LuxAlgo/;"The following indicator returns a line bouncing of the extremities of a Donchian channel, with the aim of replicating a ""zig-zag"" indicator. The indicator can both be lagging or lagging depending on the settings user uses. Various extended lines are displayed in order to see if the peaks and troughs…";;;15/02/2021;3569;34;editors_pick_indicators;1;174732;apophenia | Donchian Channels (DC) | lines | LUX | luxalgo | trend | Trend Analysis | Zigzag | Zig Zag Indicator;200;0
496;Moving Regression Prediction Bands;https://www.tradingview.com/script/zOaMXJ65-Moving-Regression-Prediction-Bands/;Introducing the Moving Regression Prediction Bands indicator. Here I aimed to combine the principles of traditional band indicators (such as Bollinger Bands), regression channel and outlier detection methods. Its upper and lower bands define an interval in which the current price was expected to fal…;;;18/02/2022;3852;34;editors_pick_indicators;1;119446;Linear Regression | Moving Averages | regression | regression-trend-channel | Volatility;200;0
242;Sync Frame (MTF Charts) [Kioseff Trading];https://www.tradingview.com/script/LbobwUkJ-Sync-Frame-MTF-Charts-Kioseff-Trading/;"Hello! This indicator ""Sync Frame"" displays various lower timeframe charts for the asset on your screen! 5 lower timeframe candle charts shown Timeframes auto-calculated using the new timeframe.from_seconds() function Heikin-Ashi candles available Baseline chart type available Dynamic Scaling for ea…";;;05/11/2023;1463;33;editors_pick_indicators;1;59731;lowertimeframe | LTF | mtfanalysis | multi-timeframe | multitimeframe | multitimeframeanalysis | statistics;200;0
263;Liquidity Sentiment Profile [LuxAlgo];https://www.tradingview.com/script/asr7nOb2-Liquidity-Sentiment-Profile-LuxAlgo/;The Liquidity Sentiment Profile is an advanced charting tool that measures by combining PRICE and VOLUME data over specified anchored periods and highlights within a sequence of profiles the distribution of the liquidity and the market sentiment at specific price levels. The Liquidity Sentiment Prof…;;;27/06/2023;8588;33;editors_pick_indicators;1;375449;consolidation | consolidationzone | liquidity | LUX | luxalgo | marketsentiment | supply_and_demand | Support and Resistance | supportandresistancezones | Trend Analysis | Volume;200;0
296;Golden Pocket;https://www.tradingview.com/script/wtMG0NgE-Golden-Pocket/;Golden Pocket This marks up the fibonacci retracement levels of 0.65 and 0.618 by default, these levels are often referred to as the golden pocket. They are known by this because when price has an impulse either to the up or downside, price will end up retracing at some point. This Golden pocket oft…;;;28/03/2023;2690;33;editors_pick_indicators;1;144939;Chart patterns | fib | golden | multitimeframe | Pivot points and levels | pocket | retracement;200;0
368;Zigzag Volume Bars;https://www.tradingview.com/script/lInQUv2i-Zigzag-Volume-Bars/;Back to my favourite topic - Zigzags. Here is an indicator which can help you visualise volume data on Zigzag swing highs and lows. Settings are pretty simple and provides variety of display options Display options are as demonstrated in the chart has following main types. Regular Plus/Minus - Stack…;;;10/03/2022;644;33;editors_pick_indicators;1;48928;hewhomustnotbenamed | Volume Indicator | Volume | Zig Zag Indicator;200;0
552;Resampling Filter Pack [DW];https://www.tradingview.com/script/hIXxuhEV-Resampling-Filter-Pack-DW/;This is an experimental study that calculates filter values at user defined sample rates. This study is aimed to provide users with alternative functions for filtering price at custom sample rates. First, source data is resampled using the desired rate and cycle offset. The highest possible rate is…;;;13/10/2020;2114;33;editors_pick_indicators;1;33198;alma | arrays | butterworth | ehma | Exponential Moving Average (EMA) | gaussian | Moving Averages | rma | supersmoother | Trend Analysis | Zero Lag Exponential Moving Average (ZLEMA);200;0
560;Volume by Session;https://www.tradingview.com/script/niY5OYf7-Volume-by-Session/;This indicator shows volume separated by session. The aim is clarify which session a volume bar occurred in and how it compares to the average of that session - NOT ALL SESSIONS. The logic is that there is little value comparing for example the volume of the London session against volume of the Lond…;;;06/09/2020;1296;33;editors_pick_indicators;1;46317;Volume;200;0
295;Financials - Comparing Companies;https://www.tradingview.com/script/yRFF3z4J-Financials-Comparing-Companies/;Hello All For a while I have been working on this indicator to compare financials of the companies and sort them accordingly. Finally I completed and published it. I preferred using new object type feature in Pine language™ and I hope it might be an example and helpful for the developers. First of a…;;;05/02/2023;1356;32;editors_pick_indicators;1;36487;educational | EPS | financials | Fundamental Analysis | lonesometheblue | object | pricetobookratio | pricetoearnings | pricetosales | profitmargin | tables | Trend Analysis;200;0
323;Tick Statistics;https://www.tradingview.com/script/K9n3ueax-Tick-Statistics/;Tick Statistics: I have seen many questions/queries related to tick data in TV telegram channels. This script will help pine scripts to understand how ticks work, how to capture and process tick data. This is an educational indicator script for pine scripters. The indicator shall work only on real t…;;;26/09/2022;347;32;editors_pick_indicators;1;28716;educational | Pine utilities;200;0
343;Point of Control V2;https://www.tradingview.com/script/5a8QKPSH-Point-of-Control-V2/;The genesis of this project was to create a POC library that would be available to deliver volume profile information via pine to other scripts of indicators and strategies. This is a republish of an invite only script to open access This is the indicator version of the library function. A few point…;;;31/07/2022;3636;32;editors_pick_indicators;1;126587;POC | pointofcontrol | Price Volume Trend (PVT) | volumeanalysis | Volume | Volume Weighted Average Price (VWAP);200;1
446;Swing High/Low Anchored Spiral;https://www.tradingview.com/script/J8fs5jMi-Swing-High-Low-Anchored-Spiral/;Fit the estimate of an Archimedean spiral to the price, with a central point determined by swing high/lows. Users can determine which historical swing high/low to use as the spiral central point and can choose the number of turns it should make. You can create cool shapes, cool enough to satisfy you…;;;31/05/2021;2653;32;editors_pick_indicators;1;122789;apophenia | Fibonacci Spirals | figures | Trend Analysis;200;0
40;Liquidity Thermal Map [BigBeluga];https://www.tradingview.com/script/G30eUYdH-Liquidity-Thermal-Map-BigBeluga/;🔵 OVERVIEW Liquidity Thermal Map visualizes where the highest traded volume has accumulated across price levels over a fixed lookback period. Instead of plotting classic volume profiles with bars, the indicator builds a horizontal thermal heatmap directly on the chart, highlighting areas of strong a…;;;09/03/2026;8358;31;editors_pick_indicators;1;142008;Bands and Channels | liquidity | liquiditypool | liquidityzone | POC | pointofcontrol | supportandresistancezones | Volume Indicator | volumepriceanalysis | volumespreadanalysis | Volume | volumetrading;200;0
232;Christmas Toolkit [LuxAlgo];https://www.tradingview.com/script/k6XcSuxO-Christmas-Toolkit-LuxAlgo/;It's that time of the year... and what would be more appropriate than displaying Christmas-themed elements on your chart? The Christmas Toolkit displays a tree containing elements affected by various technical indicators. If you're lucky, you just might also find a precious reindeer trotting toward…;;;21/12/2023;1317;31;editors_pick_indicators;1;85961;christmas | luxalgo | Moving Averages | Pine utilities | reindeer | Relative Strength Index (RSI) | sentimentalanalysis | stochasticoscillator | TREE;200;0
350;Naked Intrabar POC;https://www.tradingview.com/script/cgHGBnH9-Naked-Intrabar-POC/;This indicator with an unfortunate and very non PC sounding name approximates (!) the intrabar point of control (POC) either from time or volume at price. Due to pine limitations, bin size and the sample lower time frame selection will have at least some effect on the accuracy of the approximation.…;;;03/07/2022;1531;31;editors_pick_indicators;1;61163;multitimeframe | pointofcontrol | profile | TPO;200;0
352;Liquidity Heatmap LTF [LuxAlgo];https://www.tradingview.com/script/ZX1z1Z2r-Liquidity-Heatmap-LTF-LuxAlgo/;This indicator displays column heatmaps highlighting candle bodies with the highest associated volume from a lower user selected timeframe. Settings LTF Timeframe: Lower timeframe used to retrieve the closing/opening price and volume data. Must be lower than the current chart timeframe. Other settin…;;;31/05/2022;5007;31;editors_pick_indicators;1;338439;candles | Candlestick Analysis | liquidity | LTF | LUX | luxalgo | mtfanalysis | multitimeframe | multitimeframeanalysis | volumeanalysis | Volume;200;0
463;John Ehlers - The Price Radio;https://www.tradingview.com/script/W5lBL0MV-John-Ehlers-The-Price-Radio/;Price curves consist of much noise and little signal. For separating the latter from the former, John Ehlers proposed in the Stocks&Commodities May 2021 issue an unusual approach: Treat the price curve like a radio wave. Apply AM and FM demodulating technology for separating trade signals from the u…;;;28/05/2021;1680;31;editors_pick_indicators;1;41819;AM | Breadth Indicators | elhers | filter | FM | johnehlers | modulate | Oscillators | radio | wave;200;0
526;Technical Rank;https://www.tradingview.com/script/czknkFNs-Technical-Rank/;Hello Traders, Technical Rank (TR) was authored by John Murphy . Technical Rank shows how a security is performing relative to its peers. Multiple moving averages, rate of change and the Relative Strength Index (RSI) indicators are used to calculate the Technical Rank. These values are mathematicall…;;;28/12/2020;906;31;editors_pick_indicators;1;27776;Centered Oscillators | lonesometheblue | Oscillators | rank | technicalanaylsis | Trend Analysis;200;0
607;Trend Following MAs 3D;https://www.tradingview.com/script/Vb8jW3I2-Trend-Following-MAs-3D/;Hello All, This is Moving Averages Trend Following 3D indicator. The idea is based on direction of MAs and relation between 20 moving averages (5 to 100 period). Option to show different type of MAs: EMA, SMA, RMA, WMA, VWMA. As I haved tested it looks succesful at calculating trend direction and tr…;;;04/10/2021;1869;31;editors_pick_indicators;1;44921;3d | Centered Oscillators | Daily Pivots | Linear Regression | lonesometheblue | Moving Averages | trendfollowing | Trend Line Break | trendreversal | trendtrading;200;0
608;(JS) Squeeze Pro Overlays;https://www.tradingview.com/script/1i4BNwMU-JS-Squeeze-Pro-Overlays/;So this was something I planned on doing in the future, I knew it would take some time to put together but here it is, the Squeeze Pro 2 Overlays. On my original Squeeze Pro, I had made several overlay indicators to go along with it, this time my goal was to combine all that stuff into a single indi…;;;01/04/2020;3890;31;editors_pick_indicators;1;84932;Bollinger Bands (BB) | Centered Oscillators | Keltner Channels (KC) | squeeze | squeezemomentum | squeezepro;200;0
613;Modified OBV w/ Divergence Detection by Cryptorhythms;https://www.tradingview.com/script/2VlZhblV-Modified-OBV-w-Divergence-Detection-by-Cryptorhythms/;Apirine OBV-M Modified OBV w/ MA Selection by Cryptorhythms Intro Released in the April 2020 issue of TASC, and created by Vitali Apirine. Description OBV-M is of course based on the classic indicator on balance volume originally developed by Joe Granville. Apirine then smooths the calculation and a…;;;22/03/2020;2307;31;editors_pick_indicators;1;77614;Breadth Indicators | cryptorhythms | divergencedetection | divergences | modified | modifiedobv | obv-m | On Balance Volume (OBV) | signals | Volume;200;0
145;Langlands-Operadic Möbius Vortex (LOMV);https://www.tradingview.com/script/rXrAfveF-Langlands-Operadic-M%C3%B6bius-Vortex-LOMV/;Langlands-Operadic Möbius Vortex (LOMV) Where Pure Mathematics Meets Market Reality A Revolutionary Synthesis of Number Theory, Category Theory, and Market Dynamics 🎓 THEORETICAL FOUNDATION The Langlands-Operadic Möbius Vortex represents a groundbreaking fusion of three profound mathematical framewo…;;;07/06/2025;1689;30;editors_pick_indicators;1;36325;Trend Analysis | Volatility | Volume;200;0
203;Monte Carlo (Polyline Traceback) [Kioseff Trading];https://www.tradingview.com/script/L1ZVVqbX-Monte-Carlo-Polyline-Traceback-Kioseff-Trading/;"Hello! This script ""Monte Carlo (Polyline Traceback) "" performs a Monte Carlo simulation using polylines! By using polylines, and tracing back the initial simulation to its origin point, we can better replicate the ideal output of a Monte Carlo simulation! Such as: The image above shows the output o…";;;11/08/2024;1331;30;editors_pick_indicators;1;56042;kioseff | kiosefftrading | monte-carlo | MONTECARLO | simulations | statistics;200;0
244;Monte Carlo Simulation - Your Strategy [Kioseff Trading];https://www.tradingview.com/script/cvEVOXaH-Monte-Carlo-Simulation-Your-Strategy-Kioseff-Trading/;Hello! This script “Monte Carlo Simulation - Your Strategy” uses Monte Carlo simulations for your inputted strategy returns or the asset on your chart! Features Monte Carlo Simulation: Performs Monte Carlo simulation to generate multiple future paths. Asset Price or Strategy: Can simulate either fut…;;;29/09/2023;1464;30;editors_pick_indicators;1;73432;forecasting | monte-carlo | MONTECARLO | statistics | strategyforecasting | strategytesting;200;0
289;Flare;https://www.tradingview.com/script/5QSO13Ib-Flare/;🔶 METHODS • Pine Script™ introduces methods ( 1 , 2 )! Much kuddos for the developers, Tradingview, and all who has worked on it! • This educational script will show the simplified way of writing built-in methods, not to create a new method. 🔹 Simplified way of writing built-in methods: · Instead of…;;;27/02/2023;1058;30;editors_pick_indicators;1;54218;educational | methods;200;0
399;No Duplicates Interval Range & EQ;https://www.tradingview.com/script/JpKfECGC-No-Duplicates-Interval-Range-EQ/;Generates Range & EQ levels and removes duplicates. Prioritizes by higher timeframe for duplicates. For example, on Monday's open, weekly open is displayed while daily open is hidden automatically.;;;04/11/2021;1578;30;editors_pick_indicators;1;41516;levels | mtfanalysis | range | Support and Resistance;200;0
43;Swing Profile [BigBeluga];https://www.tradingview.com/script/gFlv7t7R-Swing-Profile-BigBeluga/;🔵 OVERVIEW Swing Profile is a dynamic swing-based volume profiling tool that builds a complete volume profile for each completed market swing. Instead of using fixed sessions or time ranges, the indicator anchors its profile strictly between confirmed swing highs and swing lows, allowing traders to…;;;02/03/2026;12153;29;editors_pick_indicators;1;217727;Bands and Channels | bigbeluga | pointofcontrol | swingtrading | swingtradingsetup | volumeanalysis | Volume Profile | volumeprofileanalysis | volumeprofileindicator | volumeprofiler | Volume;200;0
98;Delta Ladder [Kioseff Trading];https://www.tradingview.com/script/EkBUz93v-Delta-Ladder-Kioseff-Trading/;Hello! This script presents volume delta data in various forms! Features Classic mode: Volume delta boxes oriented to the right of the bar (sell closer / buy further) On Bar mode: Volume delta boxes oriented on the bar (sell left / buy right) Pure Ladder mode: Pure volume delta ladder PoC highlighti…;;;12/03/2026;5314;29;editors_pick_indicators;1;122986;delta | deltaladder | ladder | statistics | volumedelta;200;0
188;Asset Rotation System [InvestorUnknown];https://www.tradingview.com/script/s40vmZM4-Asset-Rotation-System-InvestorUnknown/;"Overview This system creates a comprehensive trend ""matrix"" by analyzing the performance of six assets against both the US Dollar and each other. The objective is to identify and hold the asset that is currently outperforming all others, thereby focusing on maintaining an investment in the most ""opt…";;;31/01/2025;2694;29;editors_pick_indicators;1;89324;educational | statistics | Trend Analysis;200;0
252;All Candlestick Patterns on Backtest [By MUQWISHI];https://www.tradingview.com/script/OsTuKG4q-All-Candlestick-Patterns-on-Backtest-By-MUQWISHI/;▋ INTRODUCTION : The “All Candlestick Patterns on Backtest” indicator generates a table that offers a clear visualization of the historical return percentages for each candlestick pattern strategy over a specified time period. This table serves as an organized resource, serving as a launching point…;;;20/09/2023;2778;29;editors_pick_indicators;1;120504;backtesting | bearishpattern | bullishpattern | Candlestick analysis | candlestickpattern | cryptomarket | educational | Forex | return | statistics | Stocks | table;200;0
391;Average Lines;https://www.tradingview.com/script/De2slurk-Average-Lines/;Average Lines This script beholds several new exiting Pine stuff: - linefill, fill of line.new - last_bar_index, gives the bar_index of the last bar, already at the beginning of the script! (like 'timenow', but now with bar_index) The script is about pivot points, if there is one, it draws a line fr…;;;16/08/2022;550;29;editors_pick_indicators;1;33950;Trend Analysis;200;0
452;Performance Table;https://www.tradingview.com/script/BmvtK3GH-Performance-Table/;This indicator is based on the Performance section in the TradingView's sidebar and uses new Pine tables functionality. It compares the current price of the symbol to its past price and calculates the rate of return to make it easier to track the performance of the symbol. Note that the Performance…;;;25/01/2022;972;29;editors_pick_indicators;1;32813;performance | rateofreturn | Trend Analysis;200;0
597;Bar Balance [LucF];https://www.tradingview.com/script/lcgCwWwI-Bar-Balance-LucF/;Bar Balance extracts the number of up, down and neutral intrabars contained in each chart bar, revealing information on the strength of price movement. It can display stacked columns representing raw up/down/neutral intrabar counts, or an up/down balance line which can be calculated and visualized i…;;;01/05/2020;994;29;editors_pick_indicators;1;23477;balance | BAR | strength | Trend Analysis;200;0
620;VQZL Z-Score;https://www.tradingview.com/script/3JKrk2at-VQZL-Z-Score/;Volatility Qaulity Zero Line attempts to keep a trader out of ranging markets, but the original calculation on TradingView had to be adjusted for each instrument. To avoid this issue, I have applied a z-score calculation to the VQZL so the result is standardized for all instruments. A Z-Score is sim…;;;05/03/2020;1744;29;editors_pick_indicators;1;53855;CHOP | nnfx | Standard Deviation | trend | trendtrading | vqzl | z-score;200;0
638;Bias And Sentiment Strength (BASS) Indicator by mattzab;https://www.tradingview.com/script/MEKxYFt0-Bias-And-Sentiment-Strength-BASS-Indicator-by-mattzab/;Bias And Sentiment Strength (BASS) Indicator is designed to be a quick visualization as to the market strength. Pair with Alligator, MACD, or Moving Average lines on your chart for good results. How to use this indicator: Blue above 0 is positive sentiment, red below 0 is negative sentiment. If you…;;;15/02/2020;2912;29;editors_pick_indicators;1;86698;bias | Bill Williams Indicators | Oscillators | Relative Strength Index (RSI) | sentiment | strength | Volume;200;0
50;Clusters Volume Profile [LuxAlgo];https://www.tradingview.com/script/lpnsjMbH-Clusters-Volume-Profile-LuxAlgo/;The Clusters Volume Profile indicator utilizes K-Means clustering to categorize historical price action into distinct groups and generates individual volume profiles for each detected cluster. This tool provides a unique perspective on volume distribution by isolating price behaviors based on proxim…;;;06/02/2026;6108;28;editors_pick_indicators;1;135942;AI | kmeans | liquidity | luxalgo | ml | pointofcontrol | VOLUMEBREAKOUT | Volume Profile;200;0
97;RSI Radar Multi Time Frame;https://www.tradingview.com/script/8UtWhfo3-RSI-Radar-Multi-Time-Frame/;Hello All! First of all many Thanks to Tradingview and Pine Team for developing Pine Language all the time! Now we have a new feature and it's called Polylines and I developed RSI Radar Multi Time Frame . This script is an example and experimental work, you can use it as you wish. The scripts gets R…;;;24/10/2023;1678;28;editors_pick_indicators;1;55974;array | curve | educational | lonesometheblue | matrix | multitimeframe | multitimeframeanalysis | Oscillators | polyline | radarlowertimeframe | relativestregthindex;200;0
250;Signal Adapter;https://www.tradingview.com/script/MTpDMwlj-Signal-Adapter/;"This Signal Adapter script can compose a signal based on inputs from other simple (non-signal) indicators and can forwards it to the ""Template Trailing Strategy"". It allows the user to combine up to eight external inputs and define the conditions that will trigger the start, end, cancel start and ca…";;;06/01/2025;1579;28;editors_pick_indicators;1;91335;adapter | composite | conditions | Pine utilities | signal | template;200;0
308;Economic Calendar (Import from Spreadsheet);https://www.tradingview.com/script/E0KaEY2L-Economic-Calendar-Import-from-Spreadsheet/;This script draws vertical lines to mark Economic Calendar Events. Datetime of events is defined by user in Settings via a standardized line of text. Motivation for coding this script: All traders should be aware of economic calendar events. At times, when you really need to pay attention to an upco…;;;28/07/2023;794;28;editors_pick_indicators;1;37510;announcement | CPI | economiccalendar | fed | FOMC | Fundamental Analysis | Macroeconomics | sentiment;200;0
457;'Golden ratio' Cubes - 'GoRaC';https://www.tradingview.com/script/eIs1vcDX-Golden-ratio-Cubes-GoRaC/;The difference between 2 points is plotted here using 'Golden ratio' cubes (working differently than my 'Golden ratio spiral - 'GoRaS') The 2 points can be 'high/low' or 'max(open/close)/min(open/close)', with the possibility of higher resolution, the following examples are with 1 week resolution By…;;;14/05/2021;1112;28;editors_pick_indicators;1;37162;Support and Resistance | Trend Analysis;200;0
469;Reverse Stochastic Momentum Index On Chart;https://www.tradingview.com/script/rCfo5HHf-Reverse-Stochastic-Momentum-Index-On-Chart/;"Introducing the Reverse Stochastic Momentum Index ""On Chart"" version According to Investopedia : “The Stochastic Momentum Index (SMI) is a more refined version of the stochastic oscillator, employing a wider range of values and having a higher sensitivity to closing prices.” The SMI is considered a…";;;04/02/2023;2276;28;editors_pick_indicators;1;97960;caretaker | Centered Oscillators | krownscryptocave | Oscillators | stochasticmomentumindex | Trend Analysis;200;0
551;Spearman Rank Correlation Coefficient;https://www.tradingview.com/script/y5n6dlJm-Spearman-Rank-Correlation-Coefficient/;I'm pleased to introduce this script in honor of the new array functions introduced to PineScript version 4.0. This update is a long time coming and opens the door to amazing scripting possibilities! Definition Named after Charles Spearman and denoted by the Greek letter ‘ ρ ’ (rho), the Spearman ra…;;;30/06/2022;697;28;editors_pick_indicators;1;20344;Centered Oscillators | correlation | Correlation Coefficient (CC) | correlations | Oscillators | pearsonscoefficient | rank | Trend Analysis;200;0
563;Average Force;https://www.tradingview.com/script/5v1UnBrN-Average-Force/;Average Force is an oscillator that calculates sentiment, then smooths the result to produce a nice indicator for determining the trend.;;;27/08/2020;1757;28;editors_pick_indicators;1;29477;Oscillators | Trend Analysis;200;0
148;Mandelbrot-Fibonacci Cascade Vortex (MFCV);https://www.tradingview.com/script/PkfLCPYI-Mandelbrot-Fibonacci-Cascade-Vortex-MFCV/;Mandelbrot-Fibonacci Cascade Vortex (MFCV) - Where Chaos Theory Meets Sacred Geometry A Revolutionary Synthesis of Fractal Mathematics and Golden Ratio Dynamics What began as an exploration into Benoit Mandelbrot's fractal market hypothesis and the mysterious appearance of Fibonacci sequences in nat…;;;29/05/2025;1124;27;editors_pick_indicators;1;35431;Trend Analysis | Volatility | Williams %R (%R);200;0
195;Ehlers Loops [BigBeluga];https://www.tradingview.com/script/23wJeDFf-Ehlers-Loops-BigBeluga/;The Ehlers Loops indicator is based on the concepts developed by John F. Ehlers, which provide a visual representation of the relationship between price and volume dynamics. This tool helps traders predict future market movements by observing how price and volume data interact within four distinct q…;;;21/10/2024;3452;27;editors_pick_indicators;1;131601;ehlers | ehlersloops | scatterplot | statistics | trendanalyisis | Trend Analysis | volumeanalysis | volumepriceanalysis;200;0
215;Heat Map Seasons;https://www.tradingview.com/script/zuS134uh-Heat-Map-Seasons/;Heat Map Seasons indicator Indicator offers traders a unique perspective on market dynamics by visualizing seasonal trends and deviations from typical price behavior. By blending regression analysis with a color-coded heat map, this indicator highlights periods of heightened volatility and helps ide…;;;09/04/2024;2699;27;editors_pick_indicators;1;107173;btcusdanalysis | Cycles | Linear Regression | lineregression | regression | sentiment | sentimentalanalysis | sentiment-indicator | trendanlysis;200;0
245;Statistical Package for the Trading Sciences [SS];https://www.tradingview.com/script/VR5P3DRM-Statistical-Package-for-the-Trading-Sciences-SS/;This is SPTS. It stands for Statistical Package for the Trading Sciences. Its a play on SPSS (Statistical Package for the Social Sciences) by IBM (software that, prior to Pinescript, I would use on a daily basis for trading). Let's preface this indicator first: This isn't so much an indicator as it…;;;23/11/2023;385;27;editors_pick_indicators;1;40267;statistics;200;0
292;Recession Warning Traffic Light;https://www.tradingview.com/script/lxXLkR1w-Recession-Warning-Traffic-Light/;This is an indicator that uses 6 different metrics to determine the combined probability of a recession and compares the high probability warning periods against actual historical periods of recession. GREEN tells us that the referenced recession indicators are not exhibiting any warning. Observe th…;;;24/01/2025;976;27;editors_pick_indicators;1;38673;forecasting | GDP | Gold | M2 | recession | rhodium | sentiment | Trend Analysis | unemployment | yieldcurve;200;0
319;Average Volume Profile;https://www.tradingview.com/script/dQ9Wjj11-Average-Volume-Profile/;Average Volume Profile is an abstract based on a user suggestion. The information displayed could be summed up as a volume profile divided by a market profile. This indicator is a profile which displays the average volume of an area (of price). It also calculates and displays the highest average vol…;;;18/10/2022;1178;27;editors_pick_indicators;1;69138;averagevolume | averagevolumeprofile | educational | marketprofile | Volume Profile | Volume;200;0
419;Zigzag Cloud;https://www.tradingview.com/script/zlyn2RHt-Zigzag-Cloud/;This is Bollinger Band built on top of Zigzags instead of regular price + something more. Indicator presents 7 lines and cloud around it. This can be used to visualize how low or high price is with respect to its past movement. Middle line is moving average of last N zigzag pivots Lines adjacent to…;;;05/10/2021;1497;27;editors_pick_indicators;1;85495;Bollinger Bands (BB) | Moving Averages | Standard Deviation | Zigzag | zigzagcloud;200;0
567;Pre-Market Volume Profile;https://www.tradingview.com/script/fclmmkpH/;This indicator displays the pre-market volume (note: without the post-market of the previous day). Unusual pre-market volume often indicates that institutional market makers are moving the market, which is a good sign for unusual high price movement. The indicator helps me to spot stocks, if a pre-m…;;;03/01/2021;1057;27;editors_pick_indicators;1;60146;average | premarket | Smoothed Moving Average (SMMA) | Volume;200;0
573;TF Segmented Linear Regression;https://www.tradingview.com/script/FGvtpiFR-TF-Segmented-Linear-Regression/;Fit a line at successive intervals, where the interval period is determined by a user-selected time frame, this allows the user to have an estimate of the intrinsic trend within various intervals. Settings Timeframe : Determine the period of the interval, if the timeframe is weekly then a new line w…;;;23/06/2020;3400;27;editors_pick_indicators;1;60390;LINE | linear | Parallel Channel | segmented | timeframe | Trend Analysis;200;0
590;Correlation Cycle, CorrelationAngle, Market State - John Ehlers;https://www.tradingview.com/script/wyyXKHDn-Correlation-Cycle-CorrelationAngle-Market-State-John-Ehlers/;"Hot off the press, I present this ""Correlation Cycle, CorrelationAngle, and Market State"" multicator employing PSv4.0, originally formulated by Dr. John Ehlers for TASC - June 2020 Traders Tips. Basically it's an all-in-one combination of three Ehlers' indicators. This power packed triplet indicator…";;;13/05/2020;1337;27;editors_pick_indicators;1;49304;angle | Centered Oscillators | correlation | cycle | ehlers | Oscillators | state | Trend Analysis;200;0
602;Enhanced Time Segmented Volume;https://www.tradingview.com/script/672uPH9q-Enhanced-Time-Segmented-Volume/;Time Segmented Volume was developed by Worden Brothers, Inc to be a leading indicator by comparing various time segments of both price and volume. Essentialy it is designed to measure the amount of money flowing in and out of an instrument. Time Segmented Volume was originally ported to TradingView…;;;16/04/2020;1370;27;editors_pick_indicators;1;44312;Centered Oscillators | leading | leadingindicator | nnfx | nononseforex | nononsensefx | Oscillators | trend | trendtrading | tsv | Volume;200;0
649;LSMA - A Fast And Simple Alternative Calculation;https://www.tradingview.com/script/PcO280uj-LSMA-A-Fast-And-Simple-Alternative-Calculation/;"Introduction At the start of 2019 i published my first post ""Approximating A Least Square Moving Average In Pine"", who aimed to provide alternatives calculation of the least squares moving average (LSMA), a moving average who aim to estimate the underlying trend in the price without excessive lag. T…";;;02/01/2020;583;27;editors_pick_indicators;1;29056;leastsquares | Least Squares Moving Average (LSMA) | Moving Averages | sma | zerolag;200;0
2;Initial Balance Auction Intelligence by DGT;https://www.tradingview.com/script/ks2QGulb-Initial-Balance-Auction-Intelligence-by-DGT/;Initial Balance Auction Intelligence (ɪʙAUC) - Market State Engine ɪʙAUC is an Auction Market Theory framework that tracks how price develops after the Initial Balance (IB), rather than treating it as static support/resistance. Using configurable post-IB auction windows, it identifies: Acceptance ·…;;;23/08/2026;1077;26;editors_pick_indicators;0;22242;Bands and Channels | Chart patterns | Trend Analysis;200;1
90;FlowScope [Hapharmonic];https://www.tradingview.com/script/0j7OWDAT-FlowScope-Hapharmonic/;FlowScope: Uncover the Market's True Intent 🔬 Ever wished you could look inside the candles and see where the real action is happening? FlowScope is your microscope for the market's flow, designed to give you a powerful edge by revealing the volume distribution that price action alone can't show you…;;;04/09/2025;3178;26;editors_pick_indicators;1;66068;Candlestick analysis | Chart patterns | intrabar | intraday | marketprofile | orderblocks | POC | smartmoneyconcepts | Volume;200;0
91;VWAP Price Channel;https://www.tradingview.com/script/Psnjpa2Y-VWAP-Price-Channel/;VWAP Price Channel cuts the crust off of a traditional price channel (Donchian Channel) by anchoring VWAPs at the highs and lows. By doing this, the flat levels, characteristic of traditional Donchian Channels, are no more! Author's Note: This indicator is formed with no inherent use, and serves sol…;;;30/08/2025;3817;26;editors_pick_indicators;1;128671;anchoredvwap | donchianchannel | Donchian Channels (DC) | educational | notwendys | supertrend | trailingstoploss | Trend Line Break | Volume Weighted Average Price (VWAP) | wecutthecorners;200;0
104;Volume Rotor Clock [hapharmonic];https://www.tradingview.com/script/8nJGAsbV-Volume-Rotor-Clock-hapharmonic/;🕰️ Volume Rotor Clock The Volume Rotor Clock is an indicator that separates buy and sell volume, compiling these volumes over a recent number of bars or a specified past period, as defined by the user. This helps to reveal accumulation (buying) or distribution (selling) behavior, showing which side…;;;19/08/2025;886;26;editors_pick_indicators;1;36971;clock | obv-ema | powerlawclock | sma | smartmoney | smartmoneyconcepts | smartmoneyindicator | Volume Indicator | Volume Profile | Volume;200;0
113;BE-Indicator Aggregator toolkit;https://www.tradingview.com/script/Jz2cEhpf-BE-Indicator-Aggregator-toolkit/;█ Overview: BE-Indicator Aggregator toolkit is a toolkit which is built for those we rely on taking multi-confirmation from different indicators available with the traders. This Toolkit aid's traders in understanding their custom logic for their trade setups and provides the summarized results on ho…;;;24/07/2025;471;26;editors_pick_indicators;1;32321;analysetechnique | anlysis | educational | statistics | toolkit;200;0
168;Elastic Volume-Weighted Student-T Tension;https://www.tradingview.com/script/Sgfm0BJ3-Elastic-Volume-Weighted-Student-T-Tension/;Overview The Elastic Volume-Weighted Student-T Tension Bands indicator dynamically adapts to market conditions using an advanced statistical model based on the Student-T distribution. Unlike traditional Bollinger Bands or Keltner Channels, this indicator leverages elastic volume-weighted averaging t…;;;20/05/2025;1180;26;editors_pick_indicators;1;32273;Bands and Channels | Centered Oscillators | deviations | distribution | evwma | statisticalprobability | studentt | Volatility | volumeweighted;200;0
278;ATR OSC and Volume Screener (ATROSCVS);https://www.tradingview.com/script/pvpyfZ2h-ATR-OSC-and-Volume-Screener-ATROSCVS/;In today's world of trading, having the right tools and indicators can make all the difference. With the vast number of cryptocurrencies available, I've found it challenging to keep track of the market's overall direction and make informed decisions. That's where the ATR OSC and Volume Screener come…;;;03/05/2023;313;26;editors_pick_indicators;1;32596;heatmap | Oscillators | Volume;200;0
285;Modified Mannarino Market Risk Indicator MMMRI MMRI;https://www.tradingview.com/script/snuFoPT6-Modified-Mannarino-Market-Risk-Indicator-MMMRI-MMRI/;"Modified Mannarino Market Risk Indicator MMMRI was developed by ""Nobody Special Finance"" as an enhancement to the original MMRI developed by Gregory Mannarino. The original and modified version were created as a way to gauge current level of risk in the market. This published indicator includes both…";;;14/03/2023;1897;26;editors_pick_indicators;1;69625;Fundamental Analysis | mannarino | market | mmmri | mmri | modified | risk;200;0
402;All-Time High/Low Widget;https://www.tradingview.com/script/1UW4IRTx-All-Time-High-Low-Widget/;It's a pretty simple widget to track all-time high and all-time low values. You can plot the levels and display some stats when all-time happened and how far away are we at this moment. Also, you can create alerts to get notified on ATH/ATL breakout. Thanks to @Verleiht for helping me with the code.…;;;03/11/2021;1129;26;editors_pick_indicators;1;51452;alltimehigh | alltimehighbreakout | alltimehighresistance | alltimehighs | alltimelow | alltimelows | alltimenewhigh | ATH | athbreakout | Trend Analysis;200;0
410;Liquidity Levels [LuxAlgo];https://www.tradingview.com/script/qAkfJgFu-Liquidity-Levels-LuxAlgo/;The Peak Activity Levels indicator displays support and resistance levels from prices accompanied by significant volume. The indicator includes a histogram returning the frequency of closing prices falling between two parallel levels, each bin shows the number of bullish candles within the levels. 1…;;;12/11/2023;5681;26;editors_pick_indicators;1;359597;histogram | levels | levelsandzones | LUX | luxalgo | Pivot points and levels | Trend Analysis | Volume | zones;200;0
479;Higher Order Pivots;https://www.tradingview.com/script/x2LlRvBe-Higher-Order-Pivots/;"First order pivot points are defined as 3 or 5 bar ""V"" shaped patterns. For example a high with a lower high either side of the peak and in the case of the 5 bar variant with lower highs adjacent to a high below the peak. Second order pivot points are defined by three first order pivots in the same…";;;23/03/2021;1739;26;editors_pick_indicators;1;102912;Pivot Points | Trend Analysis;200;0
538;Resampling Reverse Engineering Bands [DW];https://www.tradingview.com/script/pK0AIDt2-Resampling-Reverse-Engineering-Bands-DW/;This is an experimental study designed to reverse engineer price levels from centered oscillators at user defined sample rates. This study aims to educate users on the process of oscillator reverse engineering, and to give users an alternative perspective on some of the most commonly used oscillator…;;;28/10/2020;2798;26;editors_pick_indicators;1;49541;bands | Centered Oscillators | engineering | resampling | reverse | Trend Analysis | Volatility;200;0
641;Reflex & Trendflex;https://www.tradingview.com/script/6tSfPE3W-Reflex-Trendflex/;█ OVERVIEW Reflex and Trendflex are zero-lag oscillators that decompose price into independent cycle and trend components using SuperSmoother filtering. These indicators isolate each component separately, providing clearer identification of cyclical reversals (Reflex) versus trending movements (Tren…;;;18/03/2026;794;26;editors_pick_indicators;1;20639;digitalsignalprocessing | dsp | ehlers | Oscillators | reflex | tasc | Trend Analysis | trendflex;200;0
29;Volume Bubbles [QuantAlgo];https://www.tradingview.com/script/CjNK8au1-Volume-Bubbles-QuantAlgo/;🟢 Overview The Volume Bubbles indicator is a multi-layered volume cluster detection system that identifies statistically significant volume events directly on your price chart, classifying them by magnitude (Small, Medium, Big) and direction (Buy, Sell, Mixed). By combining adaptive percentile thres…;;;23/03/2026;4307;25;editors_pick_indicators;1;100420;BTCUSD | indicators | pinescript | quantalgo | scalping | signals | Volume Indicator | volumebubbles | volumecluster | volumedelta | Volume | XAUUSD;200;0
79;Options Max Pain Calculator [BackQuant];https://www.tradingview.com/script/vsPwh0vN-Options-Max-Pain-Calculator-BackQuant/;"Options Max Pain Calculator A visualization tool that models option expiry dynamics by calculating ""max pain"" levels, displaying synthetic open interest curves, gamma exposure profiles, and pin-risk zones to help identify where market makers have the least payout exposure. What is Max Pain? Max Pain…";;;22/12/2025;3699;25;editors_pick_indicators;1;85929;backquant | blackscholes | chart | educational | forecasting | heatmap | levels | maxpain | optionstrading | trading | Volatility;200;0
123;Divergence Screener [Trendoscope®];https://www.tradingview.com/script/zewvHAvQ-Divergence-Screener-Trendoscope/;🎲Overview The Divergence Screener is a powerful TradingView indicator designed to detect and visualize bullish and bearish divergences, including hidden divergences, between price action and a user-selected oscillator. Built with flexibility in mind, it allows traders to customize the oscillator typ…;;;05/07/2025;5956;25;editors_pick_indicators;1;110794;Chart patterns | Divergence | hewhomustnotbenamed | Relative Strength Index (RSI) | trendoscope;200;0
130;Dominance Pie Chart;https://www.tradingview.com/script/a4lgCDZ1-Dominance-Pie-Chart/;A different type of charting, the pie chart, here for showing the available dominance on one chart, together with the total % dominance per ticker and between brackets the % rise/fall. Can be used in every timeframe (It is normal it takes some time to be loaded) Cheers!;;;23/11/2021;556;25;editors_pick_indicators;1;29539;Trend Analysis | Volatility;200;0
223;Order Chain [Kioseff Trading];https://www.tradingview.com/script/JNCGeDj7-Order-Chain-Kioseff-Trading/;"Hello! This indicator ""Order Chain"" uses live tick data (varip) to retrieve live tick volume. This indicator must be used on a live market with volume data Features Live Tick Volume Live Tick Volume Delta Orders are appended to boxes, whose width and height are scaled proportional to the size of the…";;;05/03/2024;1786;25;editors_pick_indicators;1;80631;CVD | orderflow | tickdata | volumedelta;200;0
240;Volume and Price Z-Score [Multi-Asset] - By Leviathan;https://www.tradingview.com/script/CBnACnmq-Volume-and-Price-Z-Score-Multi-Asset-By-Leviathan/;This script offers in-depth Z-Score analytics on price and volume for 200 symbols. Utilizing visualizations such as scatter plots, histograms, and heatmaps, it enables traders to uncover potential trade opportunities, discern market dynamics, pinpoint outliers, delve into the relationship between pr…;;;12/09/2024;1855;25;editors_pick_indicators;1;83084;beta | heatmap | meanreversion | Moving Averages | scatterplot | screener | statistics | strength | Volume | zscore;200;0
262;Cycles Analysis;https://www.tradingview.com/script/fqnXJggs-Cycles-Analysis/;I strongly believe in cycles, so I wanted to create something that would give a visual representation of bull/bear markets and give a prediction based on the previous data. It's up to you how to decide what is a bull/bear cycle. There is no single rule for all assets because 20% drop in SP500 starts…;;;29/11/2024;1543;25;editors_pick_indicators;1;76680;Cycles | forecasting | statistics;200;0
271;Interactive Motive Wave Checklist;https://www.tradingview.com/script/ypAxpurY-Interactive-Motive-Wave-Checklist/;Here is an interactive tool that can be used for learning a bit about Elliott Waves 🎲 How it works? The script upon load asks users to enter 6 pivots in an order. Once all 6 pivots are selected on the interactive chart, the script will calculate if the structure is a valid motive wave. When you load…;;;16/06/2023;2792;25;editors_pick_indicators;1;64702;Chart patterns | diagonalwave | educational | hewhomustnotbenamed | impulsewave | trendoscope | Wave Analysis;200;0
302;Musashi_Fractal_Dimension;https://www.tradingview.com/script/ertRXbpf-Musashi-Fractal-Dimension/;=== Musashi-Fractal-Dimension === This tool is part of my research on the fractal nature of the markets and understanding the relation between fractal dimension and chaos theory. To take full advantage of this indicator, you need to incorporate some princ;;;20/12/2022;1819;25;editors_pick_indicators;1;59312;chaos | dimension | FDI | reversal | trend | Trend Analysis | Volatility;200;0
338;the Flasher;https://www.tradingview.com/script/ToCOzXOT-the-Flasher/;Briefly flashes chart background colors as a visual alert whenever a condition occurs, from the insatiable mind of @scarf . Special thanks to @LucF for his advice on improving efficiency when working with dynamic tables.;;;15/08/2022;664;25;editors_pick_indicators;1;38221;blink | blinker | chart | educational | flash | flasher | Pine utilities | screen | visual | visuals;200;0
427;{Gunzo} Market Trading Sessions (Tokyo, London, New York);https://www.tradingview.com/script/ItaQLrXM/;Market Trading Sessions is a tool designed to help traders to find the best times of the day for price action trading. It displays non-overlapping visuals for the major trading sessions : Oceania, Asia, Europe, and USA. OVERVIEW : This tool has been designed to match all the following requirements t…;;;18/07/2021;2069;25;editors_pick_indicators;1;64072;GMT | london | marketsessions | newyork | sessions | sydney | timezone | tokyo | tradingsessions | Trend Analysis;200;0
432;Normalized Oscillators Spider Chart [LuxAlgo];https://www.tradingview.com/script/9K34g20s-Normalized-Oscillators-Spider-Chart-LuxAlgo/;This indicator displays a spider chart overlaid on the user’s current chart allowing the visualization of information given by various normalized oscillators. It is possible to customize the spider chart by hiding certain oscillators from within the settings which removes their corresponding spokes…;;;28/06/2021;2207;25;editors_pick_indicators;1;94436;chart | customize | dashboard | LUX | luxalgo | meter | Oscillators | Relative Strength Index (RSI) | scale | spider | Trend Analysis | visualization;200;0
468;security free MTF example - JD;https://www.tradingview.com/script/Ql1FjjfX-security-free-MTF-example-JD/;"This script is not intended for trading purposes but gives some examples how you can get values from previous candles in other timeframes, without using security calls. NOTE: the ""open"", ""high"" and ""low"" values are calculated ""on the fly"", as the bar progresses, the ""close"" is determined at the end…";;;26/05/2020;568;25;editors_pick_indicators;1;19921;mtf | security | Trend Analysis | Volatility;200;0
94;Angled Volume Profile [Trendoscope];https://www.tradingview.com/script/MgsLckWl-Angled-Volume-Profile-Trendoscope/;Volume profile is useful tool to understand the demand and supply zones on horizontal level. But, what if you want to measure the volume levels over trend line? In trending markets, the feature to measure volume over angled levels can be very useful for traders who use these measures. Here is an att…;;;24/11/2024;1102;24;editors_pick_indicators;1;52090;hewhomustnotbenamed | trendoscope | Volume Profile | Volume;200;0
147;Support and Resistance Logistic Regression | Flux Charts;https://www.tradingview.com/script/rS3xqWYx-Support-and-Resistance-Logistic-Regression-Flux-Charts/;"💎 GENERAL OVERVIEW Introducing our new Logistic Regression Support / Resistance indicator! This tool leverages advanced statistical modeling ""Logistic Regressions"" to identify and project key price levels where the market is likely to find support or resistance. For more information about the proces…";;;29/05/2025;10744;24;editors_pick_indicators;1;219015;breakout | breakouttrading | fluxcharts | logisticregression | Pivot points and levels | regression | regressions | retest | statistics | support_and_resistance;200;0
219;Periodic Activity Tracker [LuxAlgo];https://www.tradingview.com/script/2GaipHlg-Periodic-Activity-Tracker-LuxAlgo/;The Periodic Activity Tracker tool periodically tracks the cumulative buy and sell volume in a user-defined period and draws the corresponding matching bars and volume delta for each period. Users can select a predefined aggregation period from the following options: Hourly, Daily, Weekly, and Month…;;;17/04/2024;2795;24;editors_pick_indicators;1;101588;activity | delta | liquidity | luxalgo | periodic | trend | Trend Analysis | volumeanalysis | volumedata | Volume;200;0
362;Tick travel ⍗;https://www.tradingview.com/script/CtWzT4VA-Tick-travel/;This script is a further exploration of 'ticks' (only on realtime - live bars), based on my previous script: - www.tradingview.com - What are 'ticks'? ... Once the script’s execution reaches the rightmost bar in the dataset, if trading is currently active on the chart’s symbol, then Pine indicators…;;;07/04/2022;565;24;editors_pick_indicators;1;37767;educational;200;0
417;Candle Body Shapes;https://www.tradingview.com/script/vY7SIFia-Candle-Body-Shapes/;Experimental: displays the frequency of candle types. reference: its a exploration of this topic: www.elitetrader.com;;;20/08/2021;687;24;editors_pick_indicators;1;33817;experimental | frequency | Oscillators | pattern;200;0
464;Adjustable MA & Alternating Extremities [LuxAlgo];https://www.tradingview.com/script/Mk7UyOFU-Adjustable-MA-Alternating-Extremities-LuxAlgo/;Returns a moving average allowing the user to control the amount of lag as well as the amplitude of its overshoots thanks to a parametric kernel. The indicator displays alternating extremities and aims to provide potential points where price might reverse. Due to user requests, we added the option t…;;;03/05/2021;3068;24;editors_pick_indicators;1;106198;adjustable | bands | kernel | lag | LUX | luxalgo | Moving Averages | reversal | trend | Trend Analysis | trendtrading;200;1
521;Moving Average Entanglement;https://www.tradingview.com/script/QVsW9gUP-Moving-Average-Entanglement/;"This script uses the gap in moving averages standardized to the average true range to determine entry and exit points. The red line represents the current percentage of ATR that is deemed ""The Dead Zone"" - a move that is too small to be reliable. The histogram represents the gap between moving avera…";;;12/12/2020;990;24;editors_pick_indicators;1;21622;Average True Range (ATR) | Moving Average Convergence / Divergence (MACD) | Volatility;200;0
612;Trend Following Moving Averages;https://www.tradingview.com/script/9UiewdMD-Trend-Following-Moving-Averages/;While analysing a chart, one of the biggest problem is to see if there is trend or not. While thinking about it, I found the idea to analyse moving averages in channel and their momentum according to channel width. I already published it as Trend Following Bar as you see at bottom of the chart. How…;;;02/10/2021;5508;24;editors_pick_indicators;1;184224;lonesometheblue | Moving Averages | Trend Analysis | trendtrading | Volatility;200;0
625;OBV Traffic Lights;https://www.tradingview.com/script/VoziHfu9-OBV-Traffic-Lights/;The idea with On-balance volume (OBV) is to see price movement based on volume instead of the distance between the open and close of a candle. This can be used to find the relationship between volume and price action much easier than normal volume bars. This version spices the OBV up a bit by basing…;;;21/02/2020;2732;24;editors_pick_indicators;1;85560;Exponential Moving Average (EMA) | traffic-lights | Volume Indicator;200;0
58;Volume Cluster Profile [VCP] (Zeiierman);https://www.tradingview.com/script/lDxohpMZ-Volume-Cluster-Profile-VCP-Zeiierman/;█ Overview Volume Cluster Profile (Zeiierman) is a volume profile tool that builds cluster-enhanced volume-by-price maps for both the current market window and prior swing segments. Instead of treating the profile as a raw histogram only, VCP detects the dominant volume peaks (clusters) inside the p…;;;06/01/2026;3845;23;editors_pick_indicators;1;90893;marketprofile | POC | Price Volume Trend (PVT) | volumecluster | volumeclusterprofile | Volume Profile | volumeprofilebreakout | volumeprofileindicator | volumeprofilestrategy;200;0
233;Dividend Calendar (Zeiierman);https://www.tradingview.com/script/eETJcnc8-Dividend-Calendar-Zeiierman/;█ Overview The Dividend Calendar is a financial tool designed for investors and analysts in the stock market. Its primary function is to provide a schedule of expected dividend payouts from various companies. Dividends, which are portions of a company's earnings distributed to shareholders, represen…;;;22/11/2023;702;23;editors_pick_indicators;1;54874;dividend | dividendgrowth | Dividends | dividendstocks | dividendyield | Fundamental Analysis | portfolio | portfolio-allocation | Portfolio management;200;0
267;Open Interest Chart [LuxAlgo];https://www.tradingview.com/script/xGnUhodO-Open-Interest-Chart-LuxAlgo/;The Open Interest Chart displays Commitments of Traders %change of futures open interest , with a unique circular plotting technique, inspired from this publication Periodic Ellipses . 🔶 USAGE Open interest represents the total number of contracts that have been entered by market participants but ha…;;;08/06/2023;2864;23;editors_pick_indicators;1;147500;chart | Commitment of Traders (COT) | COT | educational | interest | luxalgo | open | Open Interest;200;0
293;RSI Impact Heat Map [Trendoscope];https://www.tradingview.com/script/zsmaLEyI-RSI-Impact-Heat-Map-Trendoscope/;Here is a simple tool to measure and display outcome of certain RSI event over heat map. 🎲 Process 🎯Event Event can be either Crossover or Crossunder of RSI on certain value. 🎯Measuring Impact Impact of the event after N number of bars is measured in terms of highest and lowest displacement from the…;;;12/02/2023;593;23;editors_pick_indicators;1;57190;heatmap | hewhomustnotbenamed | Relative Strength Index (RSI) | scatter | scatterplot | statistics | trendoscope;200;0
353;TASC 2022.6 Ehlers' Loops - Sectors;https://www.tradingview.com/script/AudL9ZEK-TASC-2022-6-Ehlers-Loops-Sectors/;Inspired by the latest TASC article, the crocker graph is expanded to show 5 tickers. for commodity also draws a side box with current tickers candles so it can be used as standalone.;;;11/10/2023;696;23;editors_pick_indicators;1;28884;Cycles | ehler | graph | Oscillators | security | tasc | Trend Analysis;200;0
531;Equivolume Bars;https://www.tradingview.com/script/abwBbB9h-Equivolume-Bars/;"Equivolume bars. Width is determined by volume. Please note that equivolume bars are rendered independently of the time scale. Makes use of @LonesomeTheBlue's ""Start the Script on Last Nth Bar"" in order to prevent time out. As such you are only able to view the most recent bars and no bar replay bey…";;;16/11/2020;876;23;editors_pick_indicators;1;19999;equivolume | Volume;200;0
555;SMA Directional Matrix [LuxAlgo];https://www.tradingview.com/script/hefeKydL-SMA-Directional-Matrix-LuxAlgo/;This script was created in collaboration with alexgrover and displays a simple & elegant panel showing the direction of simple moving averages with periods in a user-selected range (Min, Max). The displayed number in the panel is the period of a simple moving average and the symbol situated at the r…;;;10/09/2020;1954;23;editors_pick_indicators;1;92641;dashboard | Moving Averages | panel | trend | Trend Analysis;200;0
624;Reversal finder;https://www.tradingview.com/script/OU82iZCq-Reversal-finder/;This script is used to visually highlight candles which may signal a reversal following a false break of a support or resistance level. Inputs are: Lookback period: look for the highest high and the lowest low of the prior x bars. SMA length: used for a simple moving average of the range (high minus…;;;29/02/2020;3496;23;editors_pick_indicators;1;155631;breakout | Candlestick Analysis | falsebreakout | range | swingfailure;200;0
88;DeltaFlow Volume Profile [BigBeluga];https://www.tradingview.com/script/JUWuAXdx-DeltaFlow-Volume-Profile-BigBeluga/;🔵 OVERVIEW The DeltaFlow Volume Profile builds a compact volume profile next to price and enriches every bin with flow context : bullish vs. bearish participation (%), a per-bin Delta % , an optional Delta Heat Map , and a PoC band with the bin’s absolute volume. This lets you see not just where vol…;;;15/09/2025;6939;22;editors_pick_indicators;1;172770;bigbeluga | delta | deltavolume | heatmap | heatmap-visualization | pointofcontrol | volumeanalysis | volumedelta | Volume Profile | volumeprofileanalysis | volumeprofileindicator | Volume;200;0
141;Trend Impulse Channels (Zeiierman);https://www.tradingview.com/script/d3IaFa7c-Trend-Impulse-Channels-Zeiierman/;█ Overview Trend Impulse Channels (Zeiierman) is a precision-engineered trend-following system that visualizes discrete trend progression using volatility-scaled step logic. It replaces traditional slope-based tracking with clearly defined “trend steps,” capturing directional momentum only when pric…;;;09/06/2025;6279;22;editors_pick_indicators;1;119238;Bands and Channels | breakoutchannels | breakouttrading | pullbackchannels | rangechannels | rangetrading | steptrend | Trend Analysis | trendchannels | trendimpulse | trendtrading;200;0
235;Intersection Value Functions;https://www.tradingview.com/script/gD1gDOyI-Intersection-Value-Functions/;Winning entry for the first Pinefest contest. The challenge required providing three functions returning the intersection value between two series source1 and source2 in the event of a cross, crossunder, and crossover. Feel free to use the code however you like. 🔶 CHALLENGE FUNCTIONS 🔹 crossValue()…;;;07/11/2023;1605;22;editors_pick_indicators;1;72486;doaks | fvgsaredogs | horses | macross | pinefest | Pine utilities | smako | thisisthelasttag | waifu | yay;200;0
243;Tops & Bottoms - Time of Day Report;https://www.tradingview.com/script/ucux0RJL-Tops-Bottoms-Time-of-Day-Report/;█ OVERVIEW The indicator tracks and reports the percentage of occurrence of daily tops and bottoms by the time of the day. █ CONCEPTS At certain times during the trading day, the market reverses and marks the high or low of the day. Tops and bottoms are vital when entering a trade, as they will deci…;;;15/11/2023;1362;22;editors_pick_indicators;1;95765;bottom | bottoms | Candlestick Analysis | educational | highofday | lowofday | reports | statistics | timeofday | TOP | TOPS | topsbottoms;200;0
488;Matrix Library (Linear Algebra, incl Multiple Linear Regression);https://www.tradingview.com/script/LLTeExKe-Matrix-Library-Linear-Algebra-incl-Multiple-Linear-Regression/;What's this all about? Ever since 1D arrays were added to Pine Script, many wonderful new opportunities have opened up. There has been a few implementations of matrices and matrix math (most notably by TradingView-user tbiktag in his recent Moving Regression script: ). However, so far, no comprehens…;;;11/03/2021;605;22;editors_pick_indicators;1;35438;linearalgebra | Linear Regression | mathematics | matrices | matrix | multiplelinearregression | regression;200;0
515;Black-Scholes Options Pricing Model;https://www.tradingview.com/script/dgMumvhd-Black-Scholes-Options-Pricing-Model/;"This is an updated version of my ""Black-Scholes Model and Greeks for European Options"" indicator, that i previously published. I decided to make this updated version open-source, so people can tweak and improve it. The Black-Scholes model is a mathematical model used for pricing options. From this m…";;;02/06/2020;1508;22;editors_pick_indicators;1;51004;asian | asianoption | binaryoptions | binaryoptionstrategies | black-scholes | greeks | impliedvolatility | optionpricing | options | Trend Analysis | Volatility;200;0
529;[blackcat] L2 Ehlers SwamiCharts RSI;https://www.tradingview.com/script/9Pd60GmZ-blackcat-L2-Ehlers-SwamiCharts-RSI/;"Level: 2 Background John F. Ehlers introuced SwamiCharts RSI in his ""Cycle Analytics for Traders"" chapter 16 on 2013. Function SwamiCharts retain the core functionality of the technical indicators with which you're already familiar, while packing much more information into an easy-to interpret heat…";;;25/11/2020;288;22;editors_pick_indicators;1;13760;ehlers | johnehlers | swamichart | Trend Analysis;200;0
542;Multi-Sub by jchang274;https://www.tradingview.com/script/cJ2OMO9s/;How it begin? Traders and investors use market breadth in order to assess the index’s overall health. Market breadth can be a reliable, if not an accurate, indicator of an upcoming price rise in the index. Similarly, it can also provide early warning signs for a future price decline. What is it？ Mar…;;;03/10/2020;666;22;editors_pick_indicators;1;12510;lei | lonecapital | Trend Analysis;200;0
19;Polynomial/Linear Regression Volume Profile [BigBeluga];https://www.tradingview.com/script/4rlNNL5e-Polynomial-Linear-Regression-Volume-Profile-BigBeluga/;Polynomial/Linear Regression Volume Profile is a state-of-the-art charting framework that blends advanced statistical modeling with localized volume distribution analysis. By evolving past traditional, static horizontal volume profiles, this indicator dynamically curves the volume profile matrix aro…;;;01/06/2026;3743;21;editors_pick_indicators;0;73352;Bands and Channels | curve | linear-regression | pointofcontrol | polynomial | polynomialregression | polynomialregressionanalysis | profile | volumepriceanalysis | Volume Profile | volumespreadanalysis | Volume;200;1
42;Stop Loss Cascades (Breakouts) [Kioseff Trading];https://www.tradingview.com/script/CJX3k6l2-Stop-Loss-Cascades-Breakouts-Kioseff-Trading/;"Hello friends and traders! 🔹Introduction This indicator "" Stop-Loss Clustering (Breakouts) "" attempts to model trader stop-loss placement logic and identify price areas where a large amount of stop losses might cluster. The idea is, if stop losses are indeed highly concentrated in a specific area, p…";;;19/03/2026;3232;21;editors_pick_indicators;1;75777;kiosefftrading | liquidity | liquiditygrab | liquiditypool | liquiditysweep | liquidityzone | stop | stoploss | stops | Volatility | Volatility Stop | Volume;200;0
99;10x Bull Vs. Bear VP Intraday Sessions [Kioseff Trading];https://www.tradingview.com/script/3mKewfnN-10x-Bull-Vs-Bear-VP-Intraday-Sessions-Kioseff-Trading/;"Hello! This script ""10x Bull Vs. Bear VP Intraday Sessions"" lets the user configure up to 10 session ranges for Bull Vs. Bear volume profiles! Features Up To 10 Fixed Ranges! Volume Profile Anchored to Fixed Range Delta Ladder Anchored to Range Bull vs Bear Profiles! Standard Poc and Value Area Line…";;;02/11/2023;6171;21;editors_pick_indicators;1;139270;bullvsbear | intraday | marketsessions | multitimeframe | volumedelta | Volume Profile;200;0
194;Market Stats Panel [Daveatt];https://www.tradingview.com/script/51ywcZIw-Market-Stats-Panel-Daveatt/;█ Introduction I've created a script that brings TradingView's watchlist stats panel functionality directly to your charts. This isn't just another performance indicator - it's a pixel-perfect (kidding) recreation of TradingView's native stats panel. Important Notes You might need to adjust manually…;;;26/11/2024;1529;21;editors_pick_indicators;1;94254;Pine utilities | polyline | Portfolio management | Trend Analysis | watchlist;200;0
204;LOWESS (Locally Weighted Scatterplot Smoothing) [ChartPrime];https://www.tradingview.com/script/hyeoDyZn-LOWESS-Locally-Weighted-Scatterplot-Smoothing-ChartPrime/;LOWESS (Locally Weighted Scatterplot Smoothing) ⯁ OVERVIEW The LOWESS (Locally Weighted Scatterplot Smoothing) [ ChartPrime ] indicator is an advanced technical analysis tool that combines LOWESS smoothing with a Modified Adaptive Gaussian Moving Average. This indicator provides traders with a sophi…;;;05/08/2024;6301;21;editors_pick_indicators;1;121248;BOS | breaks | gaussian | lowess | Moving Averages | trend | Trend Analysis;200;0
216;Index Generator [By MUQWISHI];https://www.tradingview.com/script/EyHkVAVH-Index-Generator-By-MUQWISHI/;▋ INTRODUCTION : The “Index Generator” simplifies the process of building a custom market index, allowing investors to enter a list of preferred holdings from global securities. It aims to serve as an approach for tracking performance, conducting research, and analyzing specific aspects of the globa…;;;19/05/2024;825;21;editors_pick_indicators;1;48034;educational | Fundamental Analysis | index | investment | marketcap | statistics | Stocks;200;0
241;Machine Learning using Neural Networks | Educational;https://www.tradingview.com/script/lxhedC8E-Machine-Learning-using-Neural-Networks-Educational/;The script provided is a comprehensive illustration of how to implement and execute a simplistic Neural Network (NN) on TradingView using PineScript. It encompasses the entire workflow from data input, weight initialization, implicit neuron calculation, feedforward computation, backpropagation for w…;;;27/05/2026;2946;21;editors_pick_indicators;1;149250;AI | artificialintelligence | educational | forecasting | machinelearning | ml | neural | neuralnetworks | statistics;200;0
261;Developing Market Profile / TPO [Honestcowboy];https://www.tradingview.com/script/XMKe97Vn-Developing-Market-Profile-TPO-Honestcowboy/;The Developing Market Profile Indicator aims to broaden the horizon of Market Profile / TPO research and trading. While standard Market Profiles aim is to show where PRICE is in relation to TIME on a previous session (usually a day). Developing Market Profile will change bar by bar and display PRICE…;;;03/07/2023;1160;21;editors_pick_indicators;1;69940;breadthindicators | liquidity | marketprofile | marketsentiment | marketstructure | sentiment | Supply Zone | Support and Resistance | supportandresistancezones | Trend Analysis | trendtrading | volatilty;200;0
313;Minervini Qualifier;https://www.tradingview.com/script/zDQQ3mFb-Minervini-Qualifier/;The Minervini Qualifier indicator calculates the qualifying conditions from Mark Minervini’s book “Trade like a Stock Market Wizard”. The condition matching is been shown as fill color inside an SMA 20day envelope curve. If the envelope color is red, current close price is below the SMA20 and when b…;;;03/12/2022;1220;21;editors_pick_indicators;1;49373;Fundamental Analysis | minervini | qualifiers | sentiment | Trend Analysis;200;0
444;Technical Ratings on Multi-frames / Assets;https://www.tradingview.com/script/8EA9MvZ5-Technical-Ratings-on-Multi-frames-Assets/;█ OVERVIEW This indicator is a modified version of TECHNICAL RATING v1.0 available in the public library to provide a quick overview of consolidated technical ratings performed on 12 assets in 3 timeframes.The purpose of the indicator is to provide a quick overview of the current status of the custo…;;;07/01/2024;1614;21;editors_pick_indicators;1;48192;Technical Analysis | Trend Analysis;200;0
448;Adapting a built-in [PineCoders];https://www.tradingview.com/script/J8kODTBn-Adapting-a-built-in-PineCoders/;█ OVERVIEW This Pine script shows how it can be quite simple to personalize a built-in indicator for your needs. █ OUR SCRIPT Our objective was to add the current values for volume​ and its moving average in prominent view, and use brighter colors than the built-in. We started with the source code f…;;;01/06/2021;757;21;editors_pick_indicators;1;23200;Volume;200;0
639;TrendFlex Oscillator - Dr. John Ehlers;https://www.tradingview.com/script/8ZSALctc-TrendFlex-Oscillator-Dr-John-Ehlers/;"Hot off the press, I present this NEW ""TrendFlex Oscillator"" employing PSv4.0, originally formulated by Dr. John Ehlers for TASC - February 2020 Traders Tips. John Ehlers might describe it's novel characteristics as being a reversal sensitive near zero-lag averaging indicator retaining the TREND com…";;;19/10/2023;1546;21;editors_pick_indicators;1;40877;Centered Oscillators | cycleanalysis | Oscillators | reversal | sensivity | trend | Trend Analysis | zerolag;200;0
131;Circular Candlestick Chart;https://www.tradingview.com/script/3BjFD0A2-Circular-Candlestick-Chart/;An original (but impractical) way to represent a candlestick chart using circles arc. The most recent candles are further away from the circle origin. Note that OHLC values follow a clockwise direction. A higher arc length would indicate candles with a higher body or wick range. The Length settings…;;;29/12/2021;707;20;editors_pick_indicators;1;34249;candles | chart | circles | percentile | Trend Analysis;200;0
193;Scatter Plot;https://www.tradingview.com/script/v7cK12j0-Scatter-Plot/;The Price Volume Scatter Plot publication aims to provide intrabar detail as a Scatter Plot . 🔶 USAGE A dot is drawn at every intrabar close price and its corresponding volume , as can seen in the following example: Price is placed against the white y-axis, where volume is represented on the orange…;;;08/12/2024;892;20;editors_pick_indicators;1;54761;linear | regression | regressions | scatter | statistics | Volume;200;0
51;Central Bank Liquidity Gap Indicator;https://www.tradingview.com/script/udTI2IUw-Central-Bank-Liquidity-Gap-Indicator/;This indicator measures the gap between global liquidity growth and stock market growth to identify potential buying opportunities. Liquidity drives markets. When central banks print money, that liquidity eventually flows into stocks and other assets. If we spot when liquidity growth is outpacing ma…;;;21/02/2026;702;19;editors_pick_indicators;1;32389;credit | Cycles | fed | fedbalancesheet | M2 | moneysupply | statistics | Trend Analysis;200;0
100;T-Virus Sentiment [hapharmonic];https://www.tradingview.com/script/jpbq3J0S-T-Virus-Sentiment-hapharmonic/;🧬 T-Virus Sentiment: Visualize the Market's DNA Remember the iconic T-Virus vial from the first Resident Evil? That powerful, swirling helix of potential has always fascinated me. It sparked an idea: what if we could visualize the market's underlying health in a similar way? What if we could capture…;;;23/08/2025;806;19;editors_pick_indicators;1;29711;3d | ADX | emacrossover | macdivergence | marketstructure | obvoscillator | On Balance Volume (OBV) | rsi_divergence | smartmoney | Trend Analysis | volumeprofie | Volume;200;0
101;Intraday Spark Chart [AstrideUnicorn];https://www.tradingview.com/script/k2bR8xoL-Intraday-Spark-Chart-AstrideUnicorn/;The Intraday Spark Chart (ISC) is a minimalist yet powerful tool designed to track an asset’s performance relative to its daily opening price. Inspired by Nasdaq's trading-floor analog dashboards, it visualizes intraday percentage changes as a color-coded sparkline, helping traders quickly gauge mom…;;;04/10/2025;2005;19;editors_pick_indicators;1;47719;Centered Oscillators | Cycles | Trend Analysis;200;0
202;D-Shape Breakout Signals [LuxAlgo];https://www.tradingview.com/script/oYAzaWB9-D-Shape-Breakout-Signals-LuxAlgo/;The D-Shape Breakout Signals indicator uses a unique and novel technique to provide support/resistance curves, a trailing stop loss line, and visual breakout signals from semi-circular shapes. 🔶 USAGE D-shape is a new concept where the distance between two Swing points is used to create a semi-circl…;;;29/08/2024;3934;19;editors_pick_indicators;1;131186;Bands and Channels | breakout | Chart patterns | circle | Cycles | luxalgo | pattern | reversals | shape | signals;200;0
253;CE - 42MACRO Equity Factor Table;https://www.tradingview.com/script/b3PcU8qn-CE-42MACRO-Equity-Factor-Table/;This is Part 1 of 2 from the 42MACRO Recreation Series The CE - 42MACRO Equity Factor Table is a whole toolbox packaged in a single indicator. It aims to provide a probabilistic insight into the market realized GRID Macro Regime, use a multiplex of important Assets and Indices to form a high probabi…;;;25/08/2023;646;19;editors_pick_indicators;1;45619;correlations | crypto | deflation | educational | goldilocks | inflation | Macroeconomics | reflation | riskon-riskoff | statistics | Stocks | Trend Analysis;200;0
260;Volume Forks [Trendoscope];https://www.tradingview.com/script/qAMnMxZI-Volume-Forks-Trendoscope/;🎲 Volume Forks - Advanced Price Analysis with Recursive Auto-Pitchfork and Angled Volume Profile The Volume Forks Indicator is a comprehensive research tool that combines two innovative techniques, Recursive Auto-Pitchfork and Angled Volume Profile . This indicator provides traders with valuable ins…;;;30/11/2024;1197;19;editors_pick_indicators;1;65549;Chart patterns | hewhomustnotbenamed | trendoscope | Volume Profile | Zig Zag Indicator;200;0
341;Relative Bandwidth Filter;https://www.tradingview.com/script/5egLveLn-Relative-Bandwidth-Filter/;This is a very simple script which can be used as measure to define your trading zones based on volatility. Concept This script tries to identify the area of low and high volatility based on comparison between Bandwidth of higher length and ATR of lower length. Relative Bandwidth = Bandwidth / ATR B…;;;30/07/2022;1430;19;editors_pick_indicators;1;48287;Bands and Channels | hewhomustnotbenamed | trendoscope | Volatility;200;0
408;CAGR Custom Range;https://www.tradingview.com/script/SkmMrMe0-CAGR-Custom-Range/;█ OVERVIEW This script calculates an annualized Compound Annual Growth Rate from two points in time which you can select on the chart. It previews an upcoming feature where Pine scripts will be able to provide users with interactive inputs for time and price values. 👉🏼 We are looking for feedback on…;;;15/04/2026;1309;19;editors_pick_indicators;1;38662;Trend Analysis;200;0
476;Correlation [array's];https://www.tradingview.com/script/69wrTtLX-Correlation-array-s/;This script isn't about creating a correlation script with labels, there is a perfect working example of @Mango2Juice (Correlation Matrix, which was inspired by @Daveatt's Correlation Matrix) The intention was making it with the use of as less code as possible, looping through array's The Pine corre…;;;03/04/2021;448;19;editors_pick_indicators;1;18039;Trend Analysis | Volatility;200;0
534;RSI buy sell force ver 1;https://www.tradingview.com/script/15KB0KGb-RSI-buy-sell-force-ver-1/;Very simple script with no security MTF that show RSI buy and sell force blue above red =bullish period red above blue =bearish period or you can try above 0 or bellow 0 as signal if you want i will add signal after to this one;;;29/10/2020;1294;19;editors_pick_indicators;1;80378;Oscillators;200;0
553;Example: Graph style - 4th Dimension RSI;https://www.tradingview.com/script/Faku8iLD-Example-Graph-style-4th-Dimension-RSI/;EXPERIMENTAL: Drawing RSI in the 4th dimension(time). It shows the fluctuations of the RSI and price change over a period of time(10) in a scatter like graph. there is a inversion of axis to make possible graphing the 2 properties.;;;07/09/2020;487;19;editors_pick_indicators;1;14281;4d | Breadth Indicators | experimental | graph | Oscillators | scatter;200;0
574;[RS]Donchian HL Width - Cycle Information;https://www.tradingview.com/script/HfIZHwba-RS-Donchian-HL-Width-Cycle-Information/;Experimental: some information on cyclical new peaks using Donchian Channel % Widths.;;;18/04/2021;817;19;editors_pick_indicators;1;23064;Breadth Indicators | cycle | donchianwidth | experimental | Oscillators | Trend Analysis;200;0
580;Funamental and financials;https://www.tradingview.com/script/4n9Sh3Lz-Funamental-and-financials/;"Earnings and Quarterly reporting and fundamental data at a glance. A study of the financial data available by the ""financial"" functions in pinescript/tradingview As far as I know, this script is unique. I found very few public examples of scripts using the fundamental data. and none that attempt to…";;;10/06/2020;642;19;editors_pick_indicators;1;15879;beyondtechnicalanalysis | cashflow | Equity | financials | fundamental-analysis | marketcap | marketcapitalization | Trend Analysis;200;0
626;Earnings, Splits, Dividends;https://www.tradingview.com/script/XUX5VVN0-Earnings-Splits-Dividends/;Example of requesting Earnings, Splits, Dividends using pine-script. That way is inner representation of data in TradingView, so it can be changed any time. It's just an example of requesting of the data. Description of the series. Earnings: time: report date (unix time stamp) open: estimate value l…;;;19/02/2020;436;19;editors_pick_indicators;1;16847;Dividends | Earnings | educational | examples | split | Volume;200;0
637;Volume Scale by Price (VSP);https://www.tradingview.com/script/2CV729ZY/;Volume Scale by Price (VSP) show volume of bar in y-axis (price-axis) with options below: 1. Number of histogram * Number of histogram = 0 => do not plot volume histogram * Number of histogram = 1 => plot volume of 21 lasted bar (bar to bar ) * Number of histogram = 2 => plot volume of 21 bar next h…;;;02/02/2020;702;19;editors_pick_indicators;1;27151;Volume;200;0
9;Chess;https://www.tradingview.com/script/HmMDG0mr-Chess/;Play real, full games of Chess against the computer , live on your chart. The first playable chess on TradingView. 🟩 HIGHLIGHTS ⭐ Genuine independent gameplay - infinite different games possible. ⭐ The computer ranked over 1200 at Blitz across 100+ rated games on a popular online chess website. ⭐ Op…;;;30/07/2026;494;18;editors_pick_indicators;0;24302;chess | educational | GAME | PLAY;200;1
184;*Auto Backtest & Optimize Engine;https://www.tradingview.com/script/JQoXsbQ8-Auto-Backtest-Optimize-Engine/;Full-featured Engine for Automatic Backtesting and parameter optimization. Allows you to test millions of different combinations of stop-loss and take profit parameters, including on any connected indicators. ⭕️ Key Futures Quickly identify the optimal parameters for your strategy. Automatically gen…;;;11/03/2025;3367;18;editors_pick_indicators;1;77861;auto | backtest | Candlestick analysis | engine | optimization | optimizer | Pine utilities | statistics | strategy;200;1
206;Oscillator Scatterplot Analysis [Trendoscope®];https://www.tradingview.com/script/hLKTlpwc-Oscillator-Scatterplot-Analysis-Trendoscope/;In this indicator, we demonstrate how to plot oscillator behavior of oversold-overbought against price movements in the form of scatterplots and perform analysis. Scatterplots are drawn on a graph containing x and y-axis, where x represent one measure whereas y represents another. We use the library…;;;28/07/2024;669;18;editors_pick_indicators;1;41702;hewhomustnotbenamed | Oscillators | statistics | trendoscope;200;0
210;Sticky Notes, Checklist, To-do, Journal [algoat];https://www.tradingview.com/script/Tlz0MxsJ-Sticky-Notes-Checklist-To-do-Journal-algoat/;I forgot to bring my notes again... Ever feel like your trading notes are all over the place, much like your portfolio after a market dip? Worry not! With this script, you'll have all your trading notes, tasks, and brilliant (or not so brilliant) ideas neatly organized right on your chart. It's like…;;;12/07/2024;2324;18;editors_pick_indicators;1;57689;algoat | BEST | CHECKLIST | educational | journal | notes | overdue | Pine utilities | stickynotes | TO-DO | todo;200;0
237;Volume Profile with a few polylines;https://www.tradingview.com/script/HBMP20tn-Volume-Profile-with-a-few-polylines/;"The base of ""Volume Profile with a few polylines"" is another script of mine, Volume Profile (Maps) . The structure of maps is used to gather the data. However, the drawings is done with polylines. This enables coders to draw an entire volume profile with just a few polylines, while the range is broa…";;;05/02/2024;813;18;editors_pick_indicators;1;60752;educational | Volume;200;1
264;Trend Correlation Heatmap;https://www.tradingview.com/script/96Cld5iS-Trend-Correlation-Heatmap/;Hello everyone! I am excited to release my trend correlation heatmap, or trend heatmap for short. Per usual, I think its important to explain the theory before we get into the use of the indicator, so let's get into the theory! The theory: So what is a correlation? Correlation is the relationship on…;;;27/06/2023;625;18;editors_pick_indicators;1;51127;statistics | Trend Analysis;200;0
281;3D Engine Overlay;https://www.tradingview.com/script/gaTNbZEC-3D-Engine-Overlay/;The Overlay 3D Engine is an advanced and innovative indicator designed to render 3D objects on a trading chart using Pine Script language. This tool enables users to visualize complex geometric shapes and structures on their charts, providing a unique perspective on market trends and data. It is rec…;;;08/05/2023;374;18;editors_pick_indicators;1;38561;3-D | 3d | 3dengine | engine | overlay | Pine utilities;200;0
370;Short Volume Stamper;https://www.tradingview.com/script/nLYgzrMB-Short-Volume-Stamper/;Hello! BE SURE TO RUN THE SCRIPT WITH BAR REPLAY TO SEE WHAT IT DOES! I hope you like it! This script calculates the total short volume, total volume, and the short volume / total volume ratio since the 2-year high price. In addition, the approximate dollar value of all short volume since the 2-year…;;;23/04/2022;1345;18;editors_pick_indicators;1;54890;shortvolume | Volume;200;0
386;Synthetic Price Action Generator;https://www.tradingview.com/script/uqelSkN1-Synthetic-Price-Action-Generator/;"NOTICE: First thing you need to know, it ""DOES NOT"" reflect the price of the ticker you will load it on. THIS IS NOT AN INDICATOR FOR TRADING! It's a developer tool solely generating random values that look exactly like the fractals we observe every single day. This script's generated candles are as…";;;09/01/2022;299;18;editors_pick_indicators;1;42851;action | Candlestick Analysis | generator | price | synthesizer | synthetic;200;0
388;Median Convergence Divergence;https://www.tradingview.com/script/odyzZlzU-Median-Convergence-Divergence/;Introduction The Median Convergence Divergence (MCD) is a derivative of the Moving Average Convergence Divergence (MACD). The difference is the change in the use of the measure of central tendency. In MACD, moving average (mean) is used, whereas, in MCD, the median is used instead. The purpose of us…;;;01/01/2022;708;18;editors_pick_indicators;1;40748;convergence | Divergence | Moving Average Convergence / Divergence (MACD) | MCD | median | medianconvergencedivergence | movingaverageconvergencedivergence;200;0
472;Unicode font function - JD;https://www.tradingview.com/script/Bi1gJhKa-Unicode-font-function-JD/;"Pinescript only allows the use of one type of font in texts and label, which causes some inconveniences: - It's hard to make a label or text ""look nice"" and clear because it's not possible to use a different font for titles, etc. - Because the default Pinescript font is not a monospaced font, (in Pi…";;;15/04/2021;156;18;editors_pick_indicators;1;8535;Oscillators;200;0
478;RedK_Portfolio Tracker v2: few enhancements and display options;https://www.tradingview.com/script/U8imfw8n-RedK-Portfolio-Tracker-v2-few-enhancements-and-display-options/;This is an update for the PTracker v1 that I published couple of days ago. wanted to publish this as a separate script to get a chance to show how the new Portfolio Summary Infobox can be displayed on the price chart as an option. In my opinion, that info box is the most important element in this to…;;;28/03/2021;549;18;editors_pick_indicators;1;19022;labelbox | portfolio | Portfolio management | portfoliotracker | positionmanagement | ptracker | redk | Trend Analysis;200;0
510;Projection;https://www.tradingview.com/script/ONEeyHXe-Projection/;Greetings Traders! I have decided to release a few scripts as open-source as I'm sure others can benefit from them and perhaps make them better.(Be sure to check my Profile for the other scripts as well: www.tradingview.com). This one is called Projection. Projection is based off the same Principle…;;;17/12/2020;750;18;editors_pick_indicators;1;25242;Average True Range (ATR) | Candlestick Analysis | priceprediction | priceprojection | projection | projections | Trade Management | trademanager | Trend Analysis;200;0
514;Indices Sector SigmaSpikes;https://www.tradingview.com/script/B3aLMAHh-Indices-Sector-SigmaSpikes/;█ OVERVIEW “The benchmark Dow Jones Industrial Average is off nearly 300 points as of midday today...” “So what? Is that a lot or a little? Should we care?” -Adam H Grimes- This screener aims to provide Bird-Eye view across sector indices, to find which sector is having significant or 'out-of-norm'…;;;29/06/2021;894;18;editors_pick_indicators;1;24915;bursa | bursamalaysia | grimes | Historical Volatility | Indices | screener | sigma | sigmaspikes | Standard Deviation | Volatility;200;0
532;Pixel Art;https://www.tradingview.com/script/0Drbssaq-Pixel-Art/;"Having Fun with Arrays. I couldn't load all of the images into their respective arrays without getting an ""Internal Pine error"" So I commented out some of them. You can pop them back in, but make sure to disable another in its place. Vader Pine Logo &hearts Bitcoin pAulse";;;12/11/2020;195;18;editors_pick_indicators;1;9641;array | Bitcoin (Cryptocurrency) | heatmap | mari | mario | pixel | pixelart | Relative Strength Index (RSI) | vader;200;0
585;ATR Based Trendlines - JD;https://www.tradingview.com/script/bugFWu53-ATR-Based-Trendlines-JD/;This script draws trendlines from the pivot points in the price chart. The angle of the trendlines is determined by (a percentage of) the atr. The angle follows the change in price, dictated by the atr at the moment where the pivot point is detected. The atr percentage determines if the trendline fo…;;;25/05/2020;2900;18;editors_pick_indicators;1;144552;atrtrendlines | Trend Analysis;200;0
601;Fearzone Panel;https://www.tradingview.com/script/MC8mXGlm-Fearzone-Panel/;"FearZone is strategy described in the book (Swedish): ""Framgångsrik Aktiehandel"" by: Peter Nilsson, Jonny Torsell, Johan Hellström Idea: FearZone tries to indicate when a stock has fallen to a level where fear, instead of common sense, control the further development. It is only intended for (very)…";;;21/04/2020;962;18;editors_pick_indicators;1;28100;Volatility;200;0
628;Renko RSI;https://www.tradingview.com/script/Zr7Ztqm1-Renko-RSI/;This is live and non-repainting Renko RSI tool. The tool has it’s own engine and not using integrated function of Trading View. Renko charts ignore time and focus solely on price changes that meet a minimum requirement. Time is not a factor on Renko chart but as you can see with this script Renko RS…;;;16/02/2020;1597;18;editors_pick_indicators;1;50196;Moving Averages | Oscillators | renko | renkochart | Trend Analysis;200;0
633;Mean Deviation Index;https://www.tradingview.com/script/WBA7j6tU-Mean-Deviation-Index/;The Mean Deviation Index (MDX) is used to see how much price is deviating from the mean. This indicator takes both volatility and mean deviation in consideration. It uses the standard deviation of the ATR to filter an EMA, and uses this as the mean. It then only plots > or < 0 if price is more than…;;;27/07/2020;976;18;editors_pick_indicators;1;42190;deviation | mean | Moving Averages | pullback | Trend Analysis | Volatility;200;0
30;Monte Carlo CT [SS];https://www.tradingview.com/script/9q1VcIPG-Monte-Carlo-CT-SS/;"This is the Monte Carlo CT indicator. CT stands for ""central tendencies"" and is the real distinguishing characteristic of this indicator against other Monte Carlo based indicators. In statistics, Central Tendency is a single value that attempts to describe a set of data by identifying the central po…";;;22/08/2026;1527;17;editors_pick_indicators;1;26467;forecasting | statistics;200;1
45;Breakout Volume Delta | Flux Charts;https://www.tradingview.com/script/BsWaPtEz-Breakout-Volume-Delta-Flux-Charts/;GENERAL OVERVIEW: Breakout Volume Delta is an indicator that measures breakout strength using lower-timeframe volume delta. It estimates buyer vs. seller participation within the breakout candle by summing bullish and bearish sub-candle volumes, then visualizes that dominance by splitting the candle…;;;26/02/2026;5464;17;editors_pick_indicators;1;111607;breakout | fluxcharts | multitimeframe | Pivot points and levels | swinghigh | swinglow | Volume;200;0
46;HTF Floating Candles w/ Volume Footprint [theUltimator5];https://www.tradingview.com/script/ykVjs2dW-HTF-Floating-Candles-w-Volume-Footprint-theUltimator5/;This indicator is designed to pull higher-timeframe candles outside of the chart, and add the footprint volume data to give a complete snapshot of the Higher Timeframe (HTF) trading range and volume data without cluttering your view. IMPORTANT! This uses the new request.footprint() call, which may m…;;;21/06/2026;1167;17;editors_pick_indicators;1;38391;Candlestick analysis | Volume Profile | Volume;200;0
106;Angle Market Structure [BigBeluga];https://www.tradingview.com/script/llHSdjyH-Angle-Market-Structure-BigBeluga/;🔵 OVERVIEW Angle Market Structure is a smart pivot-based tool that dynamically adapts to price action by accelerating breakout and breakdown detection. It draws market structure levels based on pivot highs/lows and gradually adjusts those levels closer to price using an angle threshold. Upon breakou…;;;11/08/2025;3404;17;editors_pick_indicators;1;87066;BOS | breakoutsignal | breakouttrading | choch | deviation | marketstructure | Pivot points and levels | Trend Analysis | Volatility;200;0
132;Tensor Market Analysis Engine (TMAE);https://www.tradingview.com/script/jcRhuIRl-Tensor-Market-Analysis-Engine-TMAE/;# Tensor Market Analysis Engine (TMAE) ## Advanced Multi-Dimensional Mathematical Analysis System *Where Quantum Mathematics Meets Market Structure* --- ## 🎓 THEORETICAL FOUNDATION The Tensor Market Analysis Engine represents a revolutionary synthesis of three cutting-edge mathematical frameworks th…;;;24/06/2025;2215;17;editors_pick_indicators;1;48837;Fractal | Trend Analysis | Volatility;200;0
150;Bear Market Probability Model;https://www.tradingview.com/script/8jAHmKXS-Bear-Market-Probability-Model/;# Bear Market Probability Model: A Multi-Factor Risk Assessment Framework The Bear Market Probability Model represents a comprehensive quantitative framework for assessing systemic market risk through the integration of 13 distinct risk factors across four analytical categories: macroeconomic indica…;;;30/05/2025;618;17;editors_pick_indicators;1;28049;educational | Fundamental Analysis;200;0
153;BERLIN Candles;https://www.tradingview.com/script/RdDlqjfh-BERLIN-Candles/;A problem with Heikin Ashi is that while it gives you a great overview of overall direction, it is rarely possible to use it as a replacement for normal japanese candlesticks. The reason for this is that actual price data is lost, since the candles are more akin to a moving average than a different…;;;21/02/2020;934;17;editors_pick_indicators;1;31004;berlin | candles | Candlestick Analysis | heiken-ashi | heikenashi | heikin-ashi | heikinashi | Ichimoku Cloud | Trend Analysis;200;0
229;Modern Portfolio Theory;https://www.tradingview.com/script/tt7060BW-Modern-Portfolio-Theory/;Modern Portfolio Theory The indicator is designed to apply the principles of Modern Portfolio Theory, a financial theory developed by Harry Markowitz. MPT aims to maximize portfolio returns for a given level of risk by diversifying investments. User Inputs: Users can customize various parameters, in…;;;03/02/2024;1113;17;editors_pick_indicators;1;51470;educational | Portfolio management | Standard Deviation;200;0
234;Liquidity Price Depth Chart [LuxAlgo];https://www.tradingview.com/script/93TdE1fd-Liquidity-Price-Depth-Chart-LuxAlgo/;The Liquidity Price Depth Chart is a unique indicator inspired by the visual representation of order book depth charts, highlighting sorted prices from bullish and bearish candles located on the chart's visible range, as well as their degree of liquidity. Note that changing the chart's visible range…;;;14/11/2023;11050;17;editors_pick_indicators;1;466457;depth | liquidity | luxalgo | SORT | supplydemandanalytics | Trend Analysis | Volatility | Volume;200;0
364;Earnings Price Move Cheat Sheet [KT];https://www.tradingview.com/script/oKUj0d2n-Earnings-Price-Move-Cheat-Sheet-KT/;Hello! This script looks to distinguish replicable sequences and correlations between earnings releases and price. The indicator calculates the average 1-session to 20-session performance of an asset prior to an earnings release, and the 1-session to 20-session performance of an asset subsequent an…;;;23/04/2022;968;17;editors_pick_indicators;1;41987;Earnings;200;0
447;Quality Screen;https://www.tradingview.com/script/vdzfb2WA-Quality-Screen/;An attempt to show fundamental stats which describes quality of the stock. Following parameters are depicted: SOLVENCY DEBT_TO_EQUITY Very Good : 0 - 1 Good : 1 - 2 High risk : > 2 DEBT_TO_ASSET Very Good : < 0.4 Good : 0.4 - 0.6 High Risk : > 0.6 LONG_TERM_DEBT_TO_ASSETS Very Good : < 0.4 Good : 0.…;;;05/06/2021;750;17;editors_pick_indicators;1;26241;financials | quality | Trend Analysis;200;0
459;Max Gain;https://www.tradingview.com/script/Hl4UHEB9-Max-Gain/;This indicator is meant to be used for coming up with price targets based on past performances of rallies/selloffs. It shows how much a trade could have made over a 30-day period (or other length of time) in terms of percentage gain. It also show how much could have been lost in terms of percentage…;;;09/05/2021;3578;17;editors_pick_indicators;1;71203;Oscillators | Support and Resistance;200;0
520;MTF Oscillator Framework [PineCoders];https://www.tradingview.com/script/Wvcqygsx-MTF-Oscillator-Framework-PineCoders/;This framework allows Pine coders to quickly build a complete multi-timeframe oscillator from any calculation producing values around a centerline, whether the values are bounded or not. Insert your calculation in the script and you have a ready-to-publish MTF Oscillator offering a plethora of prese…;;;02/12/2020;780;17;editors_pick_indicators;1;21456;Oscillators | pinecoders;200;0
523;Efficient Work [LucF];https://www.tradingview.com/script/yG0rpNzO-Efficient-Work-LucF/;█ OVERVIEW Efficient Work measures the ratio of price movement from close to close ( resulting work ) over the distance traveled to the high and low before settling down at the close ( total work ). The closer the two values are, the more Efficient Work approaches its maximum value of +1 for an up m…;;;04/12/2020;1246;17;editors_pick_indicators;1;25020;efficient | Oscillators | WORK;200;0
588;Reminder Message (with color picker) - ApopheniaPays;https://www.tradingview.com/script/KLNJvOaF-Reminder-Message-with-color-picker-ApopheniaPays/;This is a very simple script. It displays a message above the latest price. I coded it because I need a constant reminder to keep me from overtrading. You can customize several options: - The message text - How high above the latest price the message is displayed - How often it is displayed. 1=displ…;;;20/05/2020;647;17;editors_pick_indicators;1;15049;colorpicker | labels | text | Trend Analysis;200;0
28;CVD Profiles [TradingIQ];https://www.tradingview.com/script/zHFJQYwG-CVD-Profiles-TradingIQ/;Hello Traders! 🔹 CVD Profiles CVD Profiles is a profile-based order flow visualization tool designed to show how participation distributes across price levels - not just over time, but through price itself . Think volume profile data + TPO time segmenting! Instead of looking at cumulative delta as a…;;;04/04/2026;2706;16;editors_pick_indicators;1;76776;CVD | cvddivergence | cvdprofile | delta | tradingiq | Volume Indicator | volumedelta | volumedeltaprofile | Volume Profile | volumeprofileindicator;200;0
34;Volume Spread Analysis IQ [TradingIQ];https://www.tradingview.com/script/9MpC4ifP-Volume-Spread-Analysis-IQ-TradingIQ/;Hello Traders! 🔹Volume Spread Analysis IQ This indicator was most voted on for our indicator competition - so here it is! Hope you guys like it :D Volume Spread Analysis IQ is a chart-reading tool built to help traders judge effort, result, and background context in a way that is visual and practica…;;;24/03/2026;1654;16;editors_pick_indicators;1;58322;Oscillators | statistics | tradingiq | volumepriceanalysis | volumes | volumespreadanalysis | Volume | volumetrading;200;0
66;Match Finder [theUltimator5];https://www.tradingview.com/script/ddvP5qAZ-Match-Finder-theUltimator5/;Match Finder is the dating app of indicators. It takes your current ticker and finds the most compatible match over a recent time period. The match may not be Mr. right, but it is Mr. right now. It doesn't forecast future connection, but it tells you current compatibility for today. Jokes aside, it…;;;19/08/2026;1387;16;editors_pick_indicators;1;59132;Chart patterns;200;0
69;Holographic Market Microstructure | AlphaNatt;https://www.tradingview.com/script/0Nz4M9e7-Holographic-Market-Microstructure-AlphaNatt/;Holographic Market Microstructure | AlphaNatt A multidimensional, holographically-rendered framework designed to expose the invisible forces shaping every candle — liquidity voids, smart money footprints, order flow imbalances, and structural evolution — in real time. --- 📘 Overview The Holographic…;;;10/11/2025;2191;16;editors_pick_indicators;1;65267;Pivot points and levels | Trend Analysis | Volume;200;0
76;Dynamic Equity Allocation Model;https://www.tradingview.com/script/HjgCUw6g-Dynamic-Equity-Allocation-Model/;"""Cash is Trash""? Not Always. Here's Why Science Beats Guesswork. Every retail trader knows the frustration: you draw support and resistance lines, you spot patterns, you follow market gurus on social media—and still, when the next bear market hits, your portfolio bleeds red. Meanwhile, institutional…";;;03/10/2025;1384;16;editors_pick_indicators;1;52317;educational | Fundamental Analysis | Portfolio management;200;1
124;Logarithmic Moving Average (LMA) [QuantAlgo];https://www.tradingview.com/script/gaMszEIG-Logarithmic-Moving-Average-LMA-QuantAlgo/;🟢 Overview The Logarithmic Moving Average (LMA) uses advanced logarithmic weighting to create a dynamic trend-following indicator that prioritizes recent price action while maintaining statistical significance. Unlike traditional moving averages that use linear or exponential weights, this indicator…;;;01/07/2025;2274;16;editors_pick_indicators;1;61721;indicators | LOGARITHMIC | Moving Averages | quantalgo | scalping | signals | statistics | Trend Analysis | trendfollowing;200;0
135;Bitcoin Power Law Clock [LuxAlgo];https://www.tradingview.com/script/kjPMckBt-Bitcoin-Power-Law-Clock-LuxAlgo/;The Bitcoin Power Law Clock is a unique representation of Bitcoin prices proposed by famous Bitcoin analyst and modeler Giovanni Santostasi. It displays a clock-like figure with the Bitcoin price and average lines as spirals, as well as the 12, 3, 6, and 9 hour marks as key points in the cycle. 🔶 US…;;;20/06/2025;1529;16;editors_pick_indicators;1;43831;Bitcoin (Cryptocurrency) | btcpowerlaw | clock | Cycles | Fibonacci Spirals | forecast | forecasting | Linear Regression | luxalgo | powerlaw | powerlawclock;200;0
169;Dynamic RSI Regression Bands (Zeiierman);https://www.tradingview.com/script/h4xuU8kN-Dynamic-RSI-Regression-Bands-Zeiierman/;█ Overview The Dynamic RSI Regression Bands (Zeiierman) is a regression channel tool that dynamically resets based on RSI overbought and oversold conditions. It adapts to trend shifts in real time, creating a highly responsive regression framework that visualizes market sentiment and directional mom…;;;21/04/2025;2691;16;editors_pick_indicators;1;69678;Bands and Channels | dynamicregressionchannel | dynamicrsi | regressionbands | regressionchannel | Relative Strength Index (RSI) | rsibreakout;200;0
173;BIN Based Support and Resistance [SS];https://www.tradingview.com/script/AtzwB4pU-BIN-Based-Support-and-Resistance-SS/;"This indicator presents a version of an alternative way to determine support and resistance, using a method called ""Bins"". Bins provide for a flexible and interesting way to determine support and resistance levels. First off, let's discuss BINS: Bins are ranges or containers into which your data poi…";;;07/04/2025;1573;16;editors_pick_indicators;1;44229;Support and Resistance;200;0
180;Multi-Anchored Linear Regression Channels [TANHEF];https://www.tradingview.com/script/hVn0eEko-Multi-Anchored-Linear-Regression-Channels-TANHEF/;█ Overview: The 'Multi-Anchored Linear Regression Channels ' plots multiple dynamic regression channels (or bands) with unique selectable calculation types for both regression and deviation. It leverages a variety of techniques, customizable anchor sources to determine regression lengths, and user-d…;;;24/10/2025;2018;16;editors_pick_indicators;1;48862;Bands and Channels | correlation | linear | Linear Regression | linreg | meanreversion | multi | regression | slope | Trend Analysis;200;0
186;Doubled Numbered Square of Nine Progression | Regression;https://www.tradingview.com/script/dh3Cpnga-Doubled-Numbered-Square-of-Nine-Progression-Regression/;The Doubled Number Square of Nine Progression | Regression Indicator enables forecasting of support and resistance levels using the SQ9 progression or regression from a user-selected pivot price. The indicator also plots adjustable pivots on both the chart and the Square of Nine. How to use to forec…;;;10/03/2025;1746;16;editors_pick_indicators;1;48193;forecastingtechniques | Gann | patrickmikula | squareof9 | supportandresitance;200;1
217;Higher-timeframe requests;https://www.tradingview.com/script/W1YpYcOI-Higher-timeframe-requests/;"█ OVERVIEW This publication focuses on enhancing awareness of the best practices for accessing higher-timeframe (HTF) data via the request.security() function. Some ""traditional"" approaches, such as what we explored in our previous `security()` revisited publication, have shown limitations in their…";;;30/03/2024;952;16;editors_pick_indicators;1;64422;highertimeframe | HTF | multitimeframe | repainting | requestsecurity;200;0
275;[MAD] Position starter & calculator;https://www.tradingview.com/script/qvCJKcW3-MAD-Position-starter-calculator/;The tool you're using is a financial instrument trading planner and analyzer. Here is how to use it: Trade Planning: You can plan your trade entries and exits, calculating potential profits, losses, and their ratio (P/L ratio). You can define up to five target closing prices with varying volumes, wh…;;;16/06/2024;1270;16;editors_pick_indicators;1;41967;riskmangement | statistics;200;0
340;Multiple Frequency Volatility Correlation;https://www.tradingview.com/script/DHPw18Sb-Multiple-Frequency-Volatility-Correlation/;This is a complex indicator that looks to provide some insight into the correlation between volume and price volatility. Rising volatility is depicted with the color green while falling volatility is depicted with purple. Lightness of the color is used to depict the length of the window used, darker…;;;04/08/2022;1246;16;editors_pick_indicators;1;57004;correlation | Oscillators | Volatility | Volume;200;0
392;Diluted Earnings Per Share Signal [AstrideUnicorn];https://www.tradingview.com/script/ToaTQAbG-Diluted-Earnings-Per-Share-Signal-AstrideUnicorn/;"Earnings Per Share (EPS) is a financial metric closely monitored by investors. The so-called ""positive earnings surprise"" - a situation when EPS reading for a stock beats the value forecasted by analysts gives a bullish signal for this stock. The EPS reading lower than the analysts' estimate gives a…";;;22/12/2021;2647;16;editors_pick_indicators;1;55517;earningsanalysis | signals | Stocks | Trend Analysis;200;0
498;Intraday Volume Swings;https://www.tradingview.com/script/dFY6oRQi-Intraday-Volume-Swings/;Volume swings are defined as increasing volume and higher highs/lower lows over a minimum of three bars. This script tracks volume swings over an intraday chart and stores the final lowest low swing / highest high swing over the course of the day. The final high swing and low swing are then plotted…;;;08/02/2021;6087;16;editors_pick_indicators;1;190110;Volume | volumeswing;200;0
508;Moving Regression;https://www.tradingview.com/script/0GhsW1KR-Moving-Regression/;Moving Regression is a generalization of moving average and polynomial regression. The procedure approximates a specified number of prior data points with a polynomial function of a user-defined degree. Then, polynomial interpolation of the last data point is used to construct a Moving Regression ti…;;;26/02/2021;1104;16;editors_pick_indicators;1;25972;buysellsignal | convolution | forecast | Linear Regression | Moving Averages | regression | Trend Analysis;200;0
544;Dynamic Dots Dashboard (a Cloud/ZLEMA Composite);https://www.tradingview.com/script/kjj8hdDK-Dynamic-Dots-Dashboard-a-Cloud-ZLEMA-Composite/;The purpose of this indicator is to provide an easy-to-read binary dashboard of where the current price is relative to key dynamic supports and resistances. The concept is simple, if a dynamic s/r is currently acting as a resistance, the indicator plots a dot above the histogram in the red box. If a…;;;06/10/2020;741;16;editors_pick_indicators;1;34002;composite | crypto | Cryptocurrency | Forex | Ichimoku Cloud | Moving Averages | Trend Analysis | Zero Lag Exponential Moving Average (ZLEMA);200;0
550;Combo Strategy 123 Reversal & Fractal Chaos Bands;https://www.tradingview.com/script/ApsQmW8f-Combo-Strategy-123-Reversal-Fractal-Chaos-Bands/;"This is combo strategies for get a cumulative signal. First strategy This System was created from the Book ""How I Tripled My Money In The Futures Market"" by Ulf Jensen, Page 183. This is reverse type of strategies. The strategy buys at market, if close price is higher than the previous close during…";;;18/09/2020;1720;16;editors_pick_indicators;1;71948;bands | chaos | fractalchaos | Oscillators | reversal | strategy | Trend Analysis;200;0
568;Linear Regression (All Data);https://www.tradingview.com/script/NUeh5q6T-Linear-Regression-All-Data/;The tool plots a linear regression line using the entire history of an instrument on chart. There are may be issues on intraday timeframes less then 1h. On daily, weekly and monthly charts it works without problem. If an instrument has a lot of data points, you may not see the line (this is TV featu…;;;29/07/2020;1045;16;editors_pick_indicators;1;51352;Linear Regression | lineartrend | regression | regressionanalysis | Trend Analysis;200;0
584;Time Range Statistics;https://www.tradingview.com/script/XLV4MwjK-Time-Range-Statistics/;A good amount of users requested a text box showing various price statistics, the following script returns various of these stats in a user-selected range, and include classical ones such as a central tendency measurement (mean), dispersion (normalized range) and percent change, but also include les…;;;29/05/2020;1189;16;editors_pick_indicators;1;40247;BOX | correlation | INFO | label | mean | range | statistics | text | timeframe | Trend Analysis | Volume;200;0
631;Relative Strength(RSMK) + Perks - Markos Katsanos;https://www.tradingview.com/script/qhNCXBmL-Relative-Strength-RSMK-Perks-Markos-Katsanos/;"If you are desperately looking for a novel RSI, this isn't that. This is another lesser known novel species of indicator. Hot off the press, in multiple stunning color schemes, I present my version of ""Relative Strength (RSMK)"" employing PSv4.0, originally formulated by Markos Katsanos for TASC - Ma…";;;02/07/2020;1080;16;editors_pick_indicators;1;27460;Centered Oscillators | comparative | Indices | katsanos | Oscillators | relativestrength | Relative Strength Comparison | SPX (S&P 500 Index) | S&P 500 (SPX500);200;0
3;BYO Pattern V1 [Trendoscope];https://www.tradingview.com/script/e2S2v4fl-BYO-Pattern-V1-Trendoscope/;🎲 Overview BYO Pattern V1 (Build Your Own Pattern) is a highly flexible open-source indicator that empowers traders to design, define, and automatically detect custom geometric patterns based on Fibonacci ratios between zigzag pivots. Unlike traditional harmonic or chart pattern indicators that come…;;;22/08/2026;840;15;editors_pick_indicators;0;19377;Chart patterns | Harmonic Patterns | hewhomustnotbenamed | trendoscope;200;1
77;First Passage Time - Distribution Analysis;https://www.tradingview.com/script/NWJy3xPv-First-Passage-Time-Distribution-Analysis/;"The First Passage Time (FPT) Distribution Analysis indicator is a sophisticated probabilistic tool that answers one of the most critical questions in trading: ""How long will it take for price to reach my target, and what are the odds of getting there first?"" Unlike traditional technical indicators t…";;;26/10/2025;2087;15;editors_pick_indicators;1;57287;distribution | firstpassagetime | Historical Volatility | probability | quant | sentiment | statistic | statistics;200;0
127;Open Interest Footprint IQ [TradingIQ];https://www.tradingview.com/script/lLG6gDb4-Open-Interest-Footprint-IQ-TradingIQ/;Hello Traders! Th e Open Interest Footprint IQ indicator is an advanced visualization tool designed for cryptocurrency markets. It provides a granular, real-time breakdown of open interest changes across different price levels, allowing traders to see how aggressive market participation is distribut…;;;24/06/2025;2556;15;editors_pick_indicators;1;73267;footprint | Open Interest | openinterestbuiltup | openinterestdelta | openinterestflow | openinterestprofile | sentiment | statistics | tradingiq;200;0
128;Zigzag Candles;https://www.tradingview.com/script/cgbTZXz3-Zigzag-Candles/;Can't deny that I am obsessed with zigzags. Been doing some crazy experiments with it and have many more in pipeline. I believe zigzag can be used to derive better trend following methods. Here is an attempt to visualize zigzag as candlesticks. Next steps probably to derive moving average, atr (alth…;;;21/08/2021;2121;15;editors_pick_indicators;1;65539;Candlestick Analysis | hewhomustnotbenamed | Trend Analysis | zigzagcandles | Zig Zag Indicator;200;0
174;Probability Grid [LuxAlgo];https://www.tradingview.com/script/9royDOd6-Probability-Grid-LuxAlgo/;The Probability Grid tool allows traders to see the probability of where and when the next reversal would occur, it displays a 10x10 grid and/or dashboard with the probability of the next reversal occurring beyond each cell or within each cell. 🔶 USAGE By default, the tool displays deciles (percenti…;;;09/04/2025;4175;15;editors_pick_indicators;1;107999;Chart patterns | Cycles | forecast | forecasting | GRID | luxalgo | pivot | prediction | probability | supportandresistancezones;200;0
176;Tetris with Auto-Play;https://www.tradingview.com/script/vau4Jd2L-Tetris-with-Auto-Play/;This indicator is implemented in Pine Script™ v6 and serves as a demonstration of TradingView's capabilities. The core concept is to simulate a classic Tetris game by creating a grid-based environment and managing game state entirely within Pine Script. Key Technical Aspects: Grid Representation: Th…;;;06/04/2025;333;15;editors_pick_indicators;1;25106;educational | tetris;200;0
214;Percent Rank Histogram;https://www.tradingview.com/script/hcOKNCdK-Percent-Rank-Histogram/;This Pine script indicator is designed to create a visual representation of the percent rank for multiple financial instruments. Here's a breakdown of its key features: Percent Rank Calculation: The core functionality of this Pine script indicator revolves around the calculation of the percent rank…;;;08/02/2024;670;15;editors_pick_indicators;1;48049;btctrend | histogram | percentrank | Relative Strength Comparison | Trend Analysis | trendlineanalysis;200;0
273;Kernel Regression Toolkit;https://www.tradingview.com/script/ARPbTa5N-Kernel-Regression-Toolkit/;"This toolkit provides filters and extra functionality for non-repainting Nadaraya-Watson estimator implementations made by @jdehorty. For the sake of ease I have nicknamed it ""kreg"". Filters include a smoothing formula and zero lag formula. The purpose of this script is to help traders test, experim…";;;25/05/2023;1878;15;editors_pick_indicators;1;68088;kernel | regression | regressions | Trend Analysis;200;0
334;Blockchain Fundamentals - Active Address Sentiment Osc. [CR];https://www.tradingview.com/script/fRA2t8gk-Blockchain-Fundamentals-Active-Address-Sentiment-Osc-CR/;Blockchain Fundamentals: Active Address Sentiment Oscillator AASO Back with another script today, this one is a useful tool in helping to determine bitcoins value. We are looking at 2 data sources: the daily active addresses on the BTC blockchain, and the daily returns of BTC. THIS INDICATOR WILL ON…;;;03/12/2025;667;15;editors_pick_indicators;1;31642;address | Bitcoin (Cryptocurrency) | bitcoinanalysis | blockchain | BTC | cryptorhythms | Fundamental Analysis | Growth | Value;200;0
375;FINRA Daily Short Sale Volume;https://www.tradingview.com/script/4KIgeLGo-FINRA-Daily-Short-Sale-Volume/;█ OVERVIEW This indicator displays the Daily Short Sale ​Volume data reported by FINRA for US Stocks markets, namely NASDAQ, NYSE and NYSE ARCA. █ CONCEPTS Daily Short Sale ​Volume data is different from the bi-monthly Short Interest data also reported by FINRA. Whereas Short Interest represents ope…;;;15/04/2026;1010;15;editors_pick_indicators;1;48135;Volume;200;0
425;KINSKI Volume Regression Trend;https://www.tradingview.com/script/wCbldhhg/;Regression trends are typically used to determine when a price is unusually far from its baseline. The script calculates the linear regression of volume and price to determine the trend direction and strength. This can be used to determine the volume support for upward/downward trends. As a special…;;;20/03/2022;1195;15;editors_pick_indicators;1;42995;Linear Regression | regressionanalysis | Volume Indicator | Volume Profile | volumetrendanalysis;200;0
571;Relative Candle;https://www.tradingview.com/script/k6OlgKAO-Relative-Candle/;This script visualizes the relative movement of a single OHLC candle compared to an index (or another symbol). The vertical location of the candle indicates the general positive/negative comparison of the bar vs the index. The color of the candle indicates how the candle moved relative to the index.…;;;02/11/2020;427;15;editors_pick_indicators;1;10633;Moving Averages | ohlc | relativestrength | Trend Analysis;200;0
24;AI Predictive Flow (Zeiierman);https://www.tradingview.com/script/qaaxkW1P-AI-Predictive-Flow-Zeiierman/;█ Overview AI Predictive Flow (Zeiierman) is a pattern-based oscillator that estimates future price direction by comparing the current market state to similar historical conditions. Instead of relying on traditional indicators like momentum or moving averages alone, the script builds a multi-feature…;;;20/04/2026;2704;14;editors_pick_indicators;1;86471;aiindicator | aioscillator | aistrategy | Momentum Indicator (MOM) | Momentum Oscillators | Oscillators | patternrecognition | predictivealgorithms | Relative Strength Index (RSI);200;0
27;Multi Timeframe Volume Profiles [TradingIQ];https://www.tradingview.com/script/qnX9nxw0-Multi-Timeframe-Volume-Profiles-TradingIQ/;Hello Traders! 🔹 Multi-Timeframe Volume Profiles Multi-Timeframe Volume Profiles is a visualization tool designed to show how volume and participation develop across multiple timeframes - all in one view. Instead of switching between charts and trying to mentally piece together context, this tool le…;;;09/04/2026;3060;14;editors_pick_indicators;1;74064;multitimeframe | volumedelta | Volume Profile;200;0
158;TASC 2025.06 Cybernetic Oscillator;https://www.tradingview.com/script/QwMaFZTL-TASC-2025-06-Cybernetic-Oscillator/;"█ OVERVIEW This script implements the Cybernetic Oscillator introduced by John F. Ehlers in his article ""The Cybernetic Oscillator For More Flexibility, Making A Better Oscillator"" from the June 2025 edition of the TASC Traders' Tips . It cascades two-pole highpass and lowpass filters, then scales t…";;;14/05/2025;880;14;editors_pick_indicators;1;28484;Cycles | ehlers | filter | highpass | lowpass | Oscillators;200;0
159;Dynamic Volume Clusters with Retest Signals (Zeiierman);https://www.tradingview.com/script/5kgRA3dl-Dynamic-Volume-Clusters-with-Retest-Signals-Zeiierman/;█ Overview The Dynamic Volume Clusters with Retest Signals indicator is designed to detect key Volume Clusters and provide Retest Signals. This tool is specifically engineered for traders looking to capitalize on volume-based trends, reversals, and key price retest points. The indicator seamlessly c…;;;15/05/2025;1852;14;editors_pick_indicators;1;53582;clustering | priceclustering | rangetrading | volumecluster | Volume;200;0
172;Half Causal Estimator;https://www.tradingview.com/script/QETnobDk-Half-Causal-Estimator/;Overview The Half Causal Estimator is a specialized filtering method that provides responsive averages of market variables (volume, true range, or price change) with significantly reduced time delay compared to traditional moving averages. It employs a hybrid approach that leverages both historical…;;;17/04/2025;354;14;editors_pick_indicators;1;26903;change | Cycles | forecasting | gaussian | kernel | kernelestimation | Moving Averages | smoothing | truerange;200;0
197;Periodic Linear Regressions [LuxAlgo];https://www.tradingview.com/script/mKEtjG7e-Periodic-Linear-Regressions-LuxAlgo/;The Periodic Linear Regressions (PLR) indicator calculates linear regressions periodically (similar to the VWAP indicator) based on a user-set period (anchor). This allows for estimating underlying trends in the price, as well as providing potential supports/resistances. 🔶 USAGE The Periodic Linear…;;;25/09/2024;6619;14;editors_pick_indicators;1;162858;bands | linear-regression | Linear Regression | luxalgo | Parallel Channel | periodic | regression | support | Support and Resistance | supportandresistancezones | Trend Analysis;200;0
274;Intraday Intensity Modes;https://www.tradingview.com/script/S7HGang6-Intraday-Intensity-Modes/;"Intraday Intensity Index was created by David Bostian and its use was later featured by John Bollinger in his book ""Bollinger on Bollinger Bands"" . It is categorically a volume indicator and considered to be a useful tool for analyzing supply and demand dynamics in the market. By measuring the level…";;;28/05/2023;1205;14;editors_pick_indicators;1;54374;bostian | Breadth Indicators | Demand Zone | II | III | iipercent | index | Oscillators | Supply Zone | Volume;200;0
336;Annual Returns % Comparison [By MUQWISHI];https://www.tradingview.com/script/2VEC0XzU-Annual-Returns-Comparison-By-MUQWISHI/;Overview The Annual Returns % Comparison indicator aimed to compare the historical annual percentage change of any two symbols. The indicator output shows a column-plot that was developed by two using a pine script table, so each period has pair columns showing the yearly percentage change for enter…;;;04/01/2024;261;14;editors_pick_indicators;1;20406;annual | change | column | educational | Fundamental Analysis | overlay | plot | returns | statistics | table;200;0
372;KCGmut;https://www.tradingview.com/script/sZvBR1Vq-KCGmut/;“KCGmut” stands for “Mutations Of Keltner Center Of Gravity Channel”. After adding the ‘KeltCOG Width’ label to the KeltCOG, I got the idea of creating a subpanel indicator to show the development of the width-percent in previous periods. After some more thinking, I decided that the development of t…;;;23/02/2022;662;14;editors_pick_indicators;1;45068;COG | Trend Analysis | Volatility | Volume;200;0
405;Volume X-ray [LucF];https://www.tradingview.com/script/tPsEizhp-Volume-X-ray-LucF/;█ OVERVIEW This tool analyzes the relative size of ​volume reported on intraday vs ​EOD (end of day) data feeds on historical bars. If you use ​​volume data to make trading decisions, it can help you improve your understanding of its nature and quality, which is especially important if you trade on…;;;01/11/2021;1092;14;editors_pick_indicators;1;44635;Volume;200;0
439;Outlier Detector with N-Sigma Confidence Intervals;https://www.tradingview.com/script/6QX7rznd-Outlier-Detector-with-N-Sigma-Confidence-Intervals/;A detrended series that oscilates around zero is obtained after first differencing a time series (i.e. subtracting the closing price for a candle from the one immediately before, for example). Hypothetically, assuming that every detrended closing price is independent of each other (what might not be…;;;12/01/2022;592;14;editors_pick_indicators;1;25849;6-SIGMA | confidence_interval | gaussian | normal | Oscillators | outlier_detector | outliers | sigma | t-distribution | Z-VALUE;200;0
471;Exploring Unicode;https://www.tradingview.com/script/0rFQOCKf-Exploring-Unicode/;This script demonstrates how to display Unicode characters and symbols, including emoji, in Pine: • Part 1 displays multi-line labels on hi/lo pivots. • Part 2 displays price/volume bumps using small up/down arrows plotted with plotchar() . • Part 3 detects bounces and uses plotshape() to mark them.…;;;15/04/2026;1030;14;editors_pick_indicators;1;31959;Trend Analysis | unicode;200;0
477;Kzx | Position Tracker;https://www.tradingview.com/script/m0DQnluK/;Simply display a representation of your position;;;16/12/2021;752;14;editors_pick_indicators;1;20469;Breadth Indicators | entry | position | sl | stoploss | takeprofit | tp;200;0
484;Tick Delta Volume;https://www.tradingview.com/script/Rnkr88ze-Tick-Delta-Volume/;Experimental: this script only works on live updating bars(market open and live), the longer it runs the more accurate it will be. displays: - total intrabar volume processed(may not be equal to volume). - last delta tick change in volume. - this bar delta avg and stdev per tick. - a overall of all…;;;15/03/2021;848;14;editors_pick_indicators;1;63448;delta | LIVE | TICK | Volatility;200;0
591;Function - Logistic Equation;https://www.tradingview.com/script/HSpQnBax-Function-Logistic-Equation/;EXPERIMENTAL: the logistic equation and the market.. :)..;;;11/05/2020;791;14;editors_pick_indicators;1;15091;experimental | function | Oscillators;200;0
611;Automatic Trendlines;https://www.tradingview.com/script/ih8Z9vSB-Automatic-Trendlines/;Introduction For a full free tutorial explaining this code in more detail, visit the backtest-rookies (.com) website. This indicator will plot two trend lines at any given time. A resistance trend line and a support trend line. The resistance trend is shown with red circles and is created by joining…;;;28/03/2020;3214;14;editors_pick_indicators;1;147721;autotrend | autotrendline | Trend Analysis | trends;200;0
645;Congestion Index by Katsanos;https://www.tradingview.com/script/V7e88j8Y/;CONGESTION INDEX Market movements can be characterized by two distinct types or phases. In the ﬁrst, the market shows trending movements which have a directional bias over a period of time. The second type of market behavior is periodic or cyclic motion, where the market shows no consistent directio…;;;30/01/2020;843;14;editors_pick_indicators;1;16942;Centered Oscillators | congestion | congestionindex | index | katsanos | markos | Oscillators | Trend Analysis;200;0
39;Market Structure Volume Profiles [Kioseff Trading];https://www.tradingview.com/script/shy8kACw-Market-Structure-Volume-Profiles-Kioseff-Trading/;"Hello traders and friends! Introducing: ""Market Structure Volume Profiles"". This script combines market structure with volume profiling and CVD to show how volume develops inside each structural changes of the market. Instead of building one continuous profile across a session, this script creates a…";;;09/03/2026;1563;13;editors_pick_indicators;1;56658;BOS | choch | kiosefftrading | marketstructure | marketstructureshift | volumedelta | Volume Profile | volumeprofileanalysis | volumeprofileindicator | Volume;200;0
57;Wyckoff Schematic by Kingshuk Ghosh;https://www.tradingview.com/script/gQynUonZ-Wyckoff-Schematic-by-Kingshuk-Ghosh/;"The ""Wyckoff Schematic"" is a Pine Script indicator that automatically detects and visualizes Wyckoff Method accumulation and distribution patterns in real-time. This professional tool helps traders identify smart money movements, phase transitions, and critical market structure points. Key Features-…";;;16/01/2026;2702;13;editors_pick_indicators;1;60400;Chart patterns | wyckoffmethod;200;0
68;Breakouts & Pullbacks [Trendoscope®];https://www.tradingview.com/script/hkjvjHbt-Breakouts-Pullbacks-Trendoscope/;🎲 Breakouts & Pullbacks - All-Time High Breakout Analyzer Probability-Based Post-Breakout Behavior Statistics | Real-Time Pullback & Runup Tracker A professional-grade Pine Script v6 indicator designed specifically for analyzing the historical and real-time behavior of price after strong All-Time Hi…;;;27/11/2025;2628;13;editors_pick_indicators;1;70754;ATH | athbreakout | Cycles | forecasting | marketstructure | pullback | statistics;200;0
105;Prime Numbers;https://www.tradingview.com/script/0XsXhcKe-Prime-Numbers/;"Prime Numbers highlights prime numbers (no surprise there 😅), tokens and the recent ""active"" feature in ""input"". 🔸 CONCEPTS 🔹 What are Prime Numbers? A prime number (or a prime) is a natural number greater than 1 that is not a product of two smaller natural numbers. Wikipedia: Prime number 🔹 Prime F…";;;13/08/2025;317;13;editors_pick_indicators;1;28245;educational | primes | tokens;200;0
140;TASC 2025.07 Laguerre Filters;https://www.tradingview.com/script/6QWQYUT8-TASC-2025-07-Laguerre-Filters/;"█ OVERVIEW This script implements the Laguerre filter and oscillator described by John F. Ehlers in the article ""A Tool For Trend Trading, Laguerre Filters"" from the July 2025 edition of TASC's Traders' Tips . The new Laguerre filter utilizes the UltimateSmoother filter in place of an exponential mo…";;;15/06/2025;370;13;editors_pick_indicators;1;16093;educational | ehlers | filter | laguerre | Oscillators;200;0
207;[Pandora] Vast Volatility Treasure Trove;https://www.tradingview.com/script/94GZ1QY4-Pandora-Vast-Volatility-Treasure-Trove/;"INTRODUCTION: Volatility enthusiasts, prepare for VICTORY on this day of July 4th, 2024! This is my ""Vast Volatility Treasure Trove,"" intended mostly for educational purposes, yet these functions will also exhibit versatility when combined with other algorithms to garner statistical excellence. Once…";;;05/07/2024;759;13;editors_pick_indicators;1;57349;estimator | garmanklass | historicalvolatity | parkinson | rogersatchell | Volatility | volatilityindicator | yangzhang;200;0
225;Daily Chess Puzzles [LuxAlgo];https://www.tradingview.com/script/SCK9eVEQ-Daily-Chess-Puzzles-LuxAlgo/;Play Chess Puzzles right on your Chart! Daily Chess Puzzles brings you a new 1-Move chess puzzle straight to your chart every day. 🔶 USAGE Submit your answer to see if your solution is correct! For quick access to the settings, Double-Click on the Chess board to open the settings interface. The curr…;;;26/02/2024;990;13;editors_pick_indicators;1;53929;board | chess | forfun | FUN | GAME | gamified | luxalgo | Pine utilities | puzzle;200;0
246;Position Cost Distribution;https://www.tradingview.com/script/25py1UVB-Position-Cost-Distribution/;The Position Cost Distribution indicator (also known as the Market Position Overview, Chip Distribution, or CYQ Algorithm) provides an estimate of how shares are distributed across different price levels. Visually, it resembles the Volume Profile indicator, though they rely on distinct computational…;;;20/09/2023;1474;13;editors_pick_indicators;1;61514;chip | COST | CYQ | distribution | position | statistics | Volume;200;0
258;Modern Portfolio Management Indicator;https://www.tradingview.com/script/ENc8rzN0-Modern-Portfolio-Management-Indicator/;After weeks of grueling over this indicator, I am excited to be releasing it! Intro: This is not a sexy, technical or math based indicator that will give you buy and sell signals or anything fancy, but it is an indicator that I created in hopes to bridge a gap I have noticed. That gap is the lack of…;;;13/07/2023;350;13;editors_pick_indicators;1;37460;management | modern | MPT | portfolio | Portfolio management;200;1
330;Portfolio Performance;https://www.tradingview.com/script/umloMtiA-Portfolio-Performance/;This indicators will help you to compute portfolio performance and display results with a stats table and a nice monthly chart. In this script you can do following: Compose portfolio with up to 15 instruments Change Initial capital / date range / rebalancing period Compare portfolio performance with…;;;22/05/2023;1247;13;editors_pick_indicators;1;45796;portfolio | portfolio-allocation | Portfolio management | portfolioperformance | portfoliorepositioning | portfolios | portfoliostock | portfoliotracker;200;0
424;Equivolume Overlay - Volume Bars;https://www.tradingview.com/script/iFW3Re7j-Equivolume-Overlay-Volume-Bars/;This is an addon for displaying volume bars along with Equivolume bars which can be found here;;;22/07/2021;942;13;editors_pick_indicators;1;35358;equivolume | Volume;200;0
440;Distance to Demand Vector;https://www.tradingview.com/script/gztrrvcD-Distance-to-Demand-Vector/;shows the distance to its relevant demand vector. demand vector is based on the demand for long/short, extracted from price range..;;;10/06/2021;902;13;editors_pick_indicators;1;35575;Demand Zone | Oscillators | Trend Analysis | vector;200;0
445;3D Wave-PM;https://www.tradingview.com/script/qT7frw7Q-3D-Wave-PM/;The Wave-PM (Whistler Active Volatility Energy - Price Mass) indicator is an oscillator described in Mark Whistler's book 'Volatility Illuminated'. The Wave-PM was specifically designed to help read cycles of volatility. When visualizing volatility cycles as a heatmap we can get a clear overview of…;;;05/06/2021;403;13;editors_pick_indicators;1;22275;heatmap | Volatility | wavepm;200;0
456;Correlation Matrix Heatmap;https://www.tradingview.com/script/YFtEx5f0-Correlation-Matrix-Heatmap/;A Correlation Matrix using tables.;;;23/05/2021;936;13;editors_pick_indicators;1;36954;correlation | matrix | Oscillators | table;200;0
462;Pinescript - Common Label & Line Array Functions Library by RRB;https://www.tradingview.com/script/0QhNIUtt-Pinescript-Common-Label-Line-Array-Functions-Library-by-RRB/;Pinescript - Common Label & Line Array Functions Library by RagingRocketBull 2021 Version 1.0 This script provides a library of common array functions for arrays of label and line objects with live testing of all functions. Using this library you can easily create, update, delete, join label/line ob…;;;09/05/2021;280;13;editors_pick_indicators;1;18468;array | arrays | Candlestick Analysis | functions | join | label | library | LINE | pinescript;200;0
494;Random Synthetic Asset Generation;https://www.tradingview.com/script/YcLSGMIJ-Random-Synthetic-Asset-Generation/;This script generates pseudo-random asset data . Due to the nature of the random generator, it is impossible to use this indicator as input for other indicators because the instance of the script that the indicator is applied to will automatically be different from the instance that is plotted on th…;;;18/02/2021;262;13;editors_pick_indicators;1;11748;asset | Candlestick Analysis | generated | generator | instrument | price | random | simulated | synthetic;200;0
501;Triangular Stoch RSI Bands;https://www.tradingview.com/script/8OVkDNNf-Triangular-Stoch-RSI-Bands/;The indicator calculates Triangularity over Stoch RSI Overbought and Oversold Conditions So Ever wondered how a overbought and oversold condition looks if the values are triangualrised The indicator plots auto band levels on top of price Enjoy!;;;03/02/2021;932;13;editors_pick_indicators;1;28519;Stochastic RSI (STOCH RSI) | triangularmovingaverage | Volatility;200;0
640;Reflex Oscillator - Dr. John Ehlers;https://www.tradingview.com/script/NI17VkdU-Reflex-Oscillator-Dr-John-Ehlers/;"Hot off the press, I present this NEW ""Reflex Oscillator"" employing PSv4.0, originally formulated by Dr. John Ehlers for TASC - February 2020 Traders Tips. John Ehlers might describe it's novel characteristics as being a reversal sensitive near zero-lag averaging indicator retaining the CYCLE compon…";;;11/01/2020;950;13;editors_pick_indicators;1;19691;Centered Oscillators | cycle | Oscillators | reversal | sensivity | zerolag;200;0
13;Intrabar Profile [Kioseff Trading];https://www.tradingview.com/script/j38vuAvW-Intrabar-Profile-Kioseff-Trading/;Hello Traders! 🔹 Intrabar Profile Intrabar Profile is a lower-timeframe profile tool designed to draw a volume profile or delta profile on each individual candle . Instead of only looking at where a candle opened, closed, wicked, or changed color, this indicator attempts to show: Where did volume ac…;;;08/07/2026;2072;12;editors_pick_indicators;0;51961;kiosefftrading | tradingiq | Volume Indicator | volumedelta | volumedeltaprofile | Volume Profile | volumeprofileanalysis;200;1
22;Neural Weight Oscillator (Zeiierman);https://www.tradingview.com/script/bfu1hmkS-Neural-Weight-Oscillator-Zeiierman/;█ Overview The Neural Weight Oscillator (Zeiierman) is an adaptive multi-factor oscillator that combines structured decision-making with dynamic market learning. The script analyzes three core market behaviors: Trend, Mean Reversion, and Momentum. Instead of treating these components equally, the os…;;;11/05/2026;1762;12;editors_pick_indicators;0;49932;AI | artificialintelligence | BWM | Centered Oscillators | deeplearning | lstm | machinelearning | ml | neuralnetwork | Oscillators | reinforcementlearning | statistics;200;1
48;Smart NR2-NR20 and Inside Bar (Zeiierman);https://www.tradingview.com/script/a8pEQinU-Smart-NR2-NR20-and-Inside-Bar-Zeiierman/;█ Overview Smart NR2–NR20 + Inside Bar (Zeiierman) is a compression + breakout scanner that searches for the tightest Narrow Range (NR) condition across NR2…NR20, plus optional Inside Bar detection. When a valid compression forms, it draws a box around the setup, projects the high/low levels forward…;;;17/02/2026;3562;12;editors_pick_indicators;1;63435;candlestickspatterns | Chart patterns | Inside Bar | nr2 | nr2bar | nr7 | nr7bar;200;0
55;Hyperfork Matrix;https://www.tradingview.com/script/Sq5Xt0eZ-Hyperfork-Matrix/;🔱 Hyperfork Matrix 🔱 A manual Andrews Pitchfork tool with action/reaction propagation lines and lattice matrix functionality. This indicator extends Dr. Alan Andrews' and Patrick Mikula's median line methodology by automating the projection of reaction and action lines at equidistant intervals, crea…;;;12/01/2026;603;12;editors_pick_indicators;1;24587;Harmonic Patterns | hyperfork | patrickmikula | pitchforktrading | Pivot points and levels | Support and Resistance;200;1
109;Drawdown Distribution Analysis (DDA);https://www.tradingview.com/script/hTo2OL8G-Drawdown-Distribution-Analysis-DDA/;ACADEMIC FOUNDATION AND RESEARCH BACKGROUND The Drawdown Distribution Analysis indicator implements quantitative risk management principles, drawing upon decades of academic research in portfolio theory, behavioral finance, and statistical risk modeling. This tool provides risk assessment capabiliti…;;;30/07/2025;1182;12;editors_pick_indicators;1;39355;educational | Fundamental Analysis;200;0
118;Fair Value MS;https://www.tradingview.com/script/AUsPh7VF-Fair-Value-MS/;"This indicator introduces rigid rules to familiar concepts to better capture and visualize Market Structure and Areas of Support and Resistance in a way that is both rule-based and reactive to market movements. Typical ""Market Structure"" or ""Zig-Zag"" methods determine swing points based on fixed thr…";;;21/07/2025;2598;12;editors_pick_indicators;1;62715;areasofinterest | auctionmarkettheory | daytrading | educational | fairvaluegap | fvg | marketstructure | Pivot points and levels | priceaction | readabook | sentiment;200;0
120;Crowding model ║ BullVision;https://www.tradingview.com/script/S9KNr6dG-Crowding-model-BullVision/;🔬 Overview The Crypto Crowding Model Pro is a sophisticated analytical tool designed to visualize and quantify market conditions across multiple cryptocurrencies. By leveraging Relative Strength Index (RSI) and Z-score calculations, this indicator provides traders with an intuitive and detailed snap…;;;12/07/2025;771;12;editors_pick_indicators;1;35364;bullvision | Commodities | crowdingmodel | cryptocurrrency | Relative Strength Index (RSI) | Stocks | Trend Analysis | Value | zscore;200;1
121;Dynamic Gap Probability Tool;https://www.tradingview.com/script/EJMwjmDF-Dynamic-Gap-Probability-Tool/;Dynamic Gap Probability Tool measures the percentage gap between price and a chosen moving average, then analyzes your chart history to estimate the likelihood of the next candle moving up or down. It dynamically adjusts its sample size to ensure statistical robustness while focusing on the exact de…;;;06/07/2025;1262;12;editors_pick_indicators;1;46336;Cycles | deviation | forecasting | moving_average | Trend Analysis;200;0
142;Magnificent 7 Oscillator;https://www.tradingview.com/script/CztMLgfY-Magnificent-7-Oscillator/;The Magnificent 7 Oscillator is a sophisticated momentum-based technical indicator designed to analyze the collective performance of the seven largest technology companies in the U.S. stock market (Apple, Microsoft, Alphabet, Amazon, NVIDIA, Tesla, and Meta). This indicator incorporates established…;;;12/06/2025;538;12;editors_pick_indicators;1;21187;Centered Oscillators | educational | Momentum Indicator (MOM);200;1
144;ATR Rope;https://www.tradingview.com/script/YYrxRhi9-ATR-Rope/;"ATR Rope is inspired by DonovanWall's ""Range Filter"". It implements a similar concept of filtering out smaller market movements and adjusting only for larger moves. In addition, this indicator goes one step deeper by producing actionable zones to determine market state. (Trend vs. Consolidation) > B…";;;27/12/2025;1873;12;editors_pick_indicators;1;55065;actionable | ATR | Average True Range (ATR) | Bands and Channels | consolidation | function | marketstructure | rangefilter | smoother | trend | Trend Analysis | zones;200;0
179;Relative Crypto Dominance Polar Chart [LuxAlgo];https://www.tradingview.com/script/C8RarGoe-Relative-Crypto-Dominance-Polar-Chart-LuxAlgo/;The Relative Crypto Dominance Polar Chart tool allows traders to compare the relative dominance of up to ten different tickers in the form of a polar area chart, we define relative dominance as a combination between traded dollar volume and volatility, making it very easy to compare them at a glance…;;;26/03/2025;1460;12;editors_pick_indicators;1;53780;Bitcoin (Cryptocurrency) | chart | crypto | dominance | graph | HTF | luxalgo | multitimeframe | polarity | sentiment | Volume;200;0
190;Session Bar/Candle Coloring;https://www.tradingview.com/script/WsPypw8w-Session-Bar-Candle-Coloring/;Change the color of candles within a user-defined trading session. Borders and wicks can be changed as well, not just the body color. PREFACE This script can be used an educational resource for those who are interested in learning Pine Script. Therefore, the script is published open source and is or…;;;13/08/2025;1015;12;editors_pick_indicators;1;49910;barcolor | coloredbars | coloredcandles | colorscheme | educational | Pine utilities | sessions;200;0
192;TASC 2025.01 Linear Predictive Filters;https://www.tradingview.com/script/i8qanSzP-TASC-2025-01-Linear-Predictive-Filters/;"█ OVERVIEW This script implements a suite of tools for identifying and utilizing dominant cycles in time series data, as introduced by John Ehlers in the ""Linear Predictive Filters And Instantaneous Frequency"" article featured in the January 2025 edition of TASC's Traders' Tips . Dominant cycle info…";;;17/12/2024;1660;12;editors_pick_indicators;1;73166;Cycles | ehlers | tasc;200;0
270;Textmate Language for Pine Script v5 2023-05;https://www.tradingview.com/script/O6LCkLTf-Textmate-Language-for-Pine-Script-v5-2023-05/;Updated Syntax Colouring to include UDT and methods and libraries, and a few other extras. Remember to Update when new built in language features are introduced. This will not be Maintained frequently, it's an update to present times;;;03/11/2024;226;12;editors_pick_indicators;1;23518;editor | grammar | IDE | language | Pine utilities | syntax | textmate;200;0
297;Pivot and Price Discovery;https://www.tradingview.com/script/wDotecYq-Pivot-and-Price-Discovery/;A Population Sampled linear regression model that provides additional detail about the distribution moments (skew, kurtosis, variance and mean) as well as providing indicators that track when a pivot has enough momentum to trade on as well as expected ranges of future price action based on Std Devs.…;;;09/02/2023;809;12;editors_pick_indicators;1;57052;Pivot points and levels | regressions | Trend Analysis;200;0
311;Equity Bond Currency Dashboard;https://www.tradingview.com/script/6F7zTDvH-Equity-Bond-Currency-Dashboard/;Depicts demand-flow between Equities, Bonds and Currencies of 6 countries. Useful in tracking the flow of smart money and checking the dynamics of inter-connected markets. Principle: DXY lies at the heart of the diagram with usd-currency pairs of 5 countries connected to it. When demand for a curren…;;;11/11/2022;762;12;editors_pick_indicators;1;35358;BOND | currency | dashboard | Demand Zone | Equity | FLOW | sentiment | Supply Zone | yield;200;1
356;Lowest / Highest From Widget;https://www.tradingview.com/script/QyPmcjKa-Lowest-Highest-From-Widget/;Recent events inspired me to create a small widget that allows you to spot from when current value is lowest / highest. Just add it to chart and script will compute most recent day when price was higher / lower than current and it will display: Line coming from that value to the current one A table…;;;14/05/2022;862;12;editors_pick_indicators;1;48785;Breadth Indicators | high | High-Low Index | LOW | previoushigh | previoushighlow | previouslow;200;0
358;3D Sine Wave;https://www.tradingview.com/script/iM9tK3IZ-3D-Sine-Wave/;It's a 3D sine wave! Cool! I made a cube follow a sine wave, it doesn't reflect any data on the chart, it just looks pretty. There are some settings to play around with, too. You could plug the cube into any input you like, just replace the 'wave' variable with whatever you want. Watch it on the 1 s…;;;30/04/2022;296;12;editors_pick_indicators;1;32284;ART | educational;200;0
416;MY:Aggregated Volume BTC:SPOT;https://www.tradingview.com/script/VpyIDI52/;█ MY Aggregated Volume BTC SPOT This indicator shows a panel to display the Bitcoin Trading Volume of different exchanges. A lot of traders follow the default volume indicator provided by tradingview. This default indicator shows the volume for the current ticker (example BTCUSD:BITSTAMP), but each…;;;26/08/2021;422;12;editors_pick_indicators;1;19241;Trend Analysis | Volatility | Volume;200;0
458;Penrose Diagram;https://www.tradingview.com/script/N8flt7gC-Penrose-Diagram/;"Greetings Traders! This is my measly 2 dimensional non-curved take on a Penrose Diagram . What is a Penrose Diagram? jila.colorado.edu ""A Penrose diagram is a kind of spacetime diagram arranged to make clear the complete causal structure of any given geometry. They are an indispensable map for navig…";;;14/05/2021;262;12;editors_pick_indicators;1;11458;penrose | penrosediagram | projection | spacetime | trading | Trend Analysis | Volatility;200;0
499;Max Drawdown Calculating Functions (Optimized);https://www.tradingview.com/script/Rhj1nNLH-Max-Drawdown-Calculating-Functions-Optimized/;Maximum Drawdown and Maximum Relative Drawdown% calculating functions. I needed a way to calculate the maxDD% of a serie of datas from an array (the different values of my balance account). I didn't find any builtin pinescript way to do it, so here it is. There are 2 algorithms to calculate maxDD an…;;;05/02/2021;296;12;editors_pick_indicators;1;17450;code | drawdown | maximum | Oscillators;200;0
522;Sigma Spike Filtered Binned OPR ( Adam H. Grimes );https://www.tradingview.com/script/TcwiJYgr-Sigma-Spike-Filtered-Binned-OPR-Adam-H-Grimes/;As originally described by Adam H. Grimes. For analyzing the location of Open within the day's range (OPR). The OPR histogram displays the binned distribution of OPR values for the chart history. Fat tails at the extremes indicates that Open occurred more often close to the day's high or low. The OP…;;;06/12/2020;677;12;editors_pick_indicators;1;28815;experimental | Volatility;200;0
586;[RS]Simplistic Automatic Growth Models;https://www.tradingview.com/script/g7gUgU9I-RS-Simplistic-Automatic-Growth-Models/;Experimental: Automatic growth model generated from history.. note: you may need to scroll back to 1st bar to load data.;;;22/05/2020;647;12;editors_pick_indicators;1;12873;Envelope (ENV) | Growth | models | Trend Analysis;200;0
592;Separated Moving Average - evo;https://www.tradingview.com/script/66gsofEJ-Separated-Moving-Average-evo/;Here are two moving averages, one based on positive candles and the other based on negative candles. If the current bar is positive, the negative MA will use its last known negative bar for the calculation. The default setting uses Heikin Ashi to smooth the candles with the trend, you can turn this…;;;09/05/2020;494;12;editors_pick_indicators;1;10063;heikin-ashi | Moving Averages | Trend Analysis | trends;200;0
594;Fancy Bollinger Bands [BigBitsIO];https://www.tradingview.com/script/QL1t3Hh0-Fancy-Bollinger-Bands-BigBitsIO/;This script is for a Bollinger Band type indicator with as many features as I can possibly fit into a Bollinger Band type indicator. Features: - A single custom moving average serving as the middle band. - Standard MA inputs. - MA type. - MA period. - MA price. - MA resolution (time frame). - Visibi…;;;14/05/2020;729;12;editors_pick_indicators;1;20796;Average True Range (ATR) | bigbitsio | Bollinger Bands (BB) | FANCY | fancybands | Keltner Channels (KC) | Moving Averages;200;0
606;Auto Adjust To Ideal Pearson's R Oscillator;https://www.tradingview.com/script/qstlq23r-Auto-Adjust-To-Ideal-Pearson-s-R-Oscillator/;"This is meant to be a partner indicator to ""Linear Regression - Auto Adjust To Ideal Pearson's R (Min & Max)"" which can be found under my profile on the scripts I have made. It's important the the ideal Pearsons R + and - ideal ranges are the same as the other script so you can visualize the results…";;;23/05/2020;1053;12;editors_pick_indicators;1;27266;Linear Regression | Oscillators;200;0
617;[RS]Majors Volume Sum;https://www.tradingview.com/script/uLZ8MJLU-RS-Majors-Volume-Sum/;EXPERIMENTAL: Oscillator with sum'd volume across the majors with panel showing volume over period results.;;;04/06/2021;267;12;editors_pick_indicators;1;11099;cumsum | majors | Oscillators | panel | SUM | text | Volume;200;0
634;Zahorchak Measure;https://www.tradingview.com/script/6aLn4Qkl-Zahorchak-Measure/;Creator: Michael G. Zahorchak. References: The Art of Low Risk Investing by Michael G. Zahorchak, 1977. Unfortunately, it's all but impossible to find a copy these days. The Complete Guide to Market Breadth Indicators by Gregory L. Morris, 2006. A fantastic resource for those interested in Technical…;;;07/02/2020;454;12;editors_pick_indicators;1;11563;bias | gregmorris | howtotrade | market | measure | michaelzahorchak | Moving Averages | Oscillators | Trend Analysis | zahorchak;200;0
642;BEST Dollar Cost Average;https://www.tradingview.com/script/e5AZKGtc-BEST-Dollar-Cost-Average/;Hello traders This is an upgraded version of my Dollar Cost Average (Data Window) script 1 - What is Dollar-Cost Averaging ( DCA )? Dollar-Cost Averaging is a strategy that allows an investor to buy the same dollar amount of investment at regular intervals. The purchases occur regardless of the asse…;;;30/01/2020;629;12;editors_pick_indicators;1;22812;alerts | autoview | Breadth Indicators | datawindow | daveatt | DCA | dollarcost | dollarcostaverage | labels | profitview | Trend Analysis | Volume;200;0
5;LTF Volume Microburst Bubbles (Zeiierman);https://www.tradingview.com/script/Hdskv6Q5-LTF-Volume-Microburst-Bubbles-Zeiierman/;█ Overview LTF Volume Microburst Bubbles (Zeiierman) is a lower-timeframe volume indicator designed to identify short bursts of unusually strong buying or selling activity occurring inside each chart candle. Rather than analyzing only the total volume of the chart candle, the indicator looks inside…;;;10/08/2026;2153;11;editors_pick_indicators;0;40705;intrabarvolume | ltfvolume | relativevolume | Volume Indicator | volumeactivity | volumeburst | volumeheatmap | volumepressure | volumespike;200;1
16;Supertrend Parameter Sensitivity 3D [LuxAlgo];https://www.tradingview.com/script/kSMLs0Hh-Supertrend-Parameter-Sensitivity-3D-LuxAlgo/;The Supertrend Parameter Sensitivity 3D indicator is a powerful optimization tool that executes 100 simultaneous Supertrend backtests bar-by-bar to visualize how different ATR Lengths and Multipliers impact performance across various metrics. By projecting this data onto a 3D surface and a heatmap d…;;;09/06/2026;2616;11;editors_pick_indicators;0;81974;3d | backtest | heatmap | luxalgo | optimization | statistics | strategy | supertrend | Trend Analysis;200;1
38;Machine Learning Pivot Points (KNN) [SS];https://www.tradingview.com/script/PwVoxMSo-Machine-Learning-Pivot-Points-KNN-SS/;Hey everyone, Been working on this one for a very long time. 1. What It Is: The Geometric DNA of a Pivot Machine Learning Pivot Points (KNN) is a predictive structural tool that moves away from traditional lag based oscillators. Instead of waiting for a moving average crossover, this system treats p…;;;07/03/2026;1721;11;editors_pick_indicators;1;56978;Pivot points and levels | statistics | Trend Analysis;200;0
60;Multi-Distribution Volume Profile (Zeiierman);https://www.tradingview.com/script/8owCUqFq-Multi-Distribution-Volume-Profile-Zeiierman/;█ Overview Multi-Distribution Volume Profile (Zeiierman) is a flexible, structure-first volume profile tool that lets you reshape how volume is distributed across price, from classic uniform profiles to advanced statistical curves like Gaussian, Lognormal, Student-t, and more. Instead of forcing eve…;;;11/12/2025;2767;11;editors_pick_indicators;1;84476;dynamicvolumeprofile | Volume Indicator | volumeindicator | Volume Profile | volumeprofileanalysis | volumeprofileindicator | volumeprofilestrategy;200;0
81;Simple Decesion Matrix Classification Algorithm [SS];https://www.tradingview.com/script/WPbrh5SQ-Simple-Decesion-Matrix-Classification-Algorithm-SS/;Hello everyone, It has been a while since I posted an indicator, so thought I would share this project I did for fun. This indicator is an attempt to develop a pseudo Random Forest classification decision matrix model for Pinescript. This is not a full, robust Random Forest model by any stretch of t…;;;01/12/2024;585;11;editors_pick_indicators;1;42035;educational | forecasting | statistics;200;0
83;Adaptive Trend Classification: Moving Averages [InvestorUnknown];https://www.tradingview.com/script/L6NreqzB-Adaptive-Trend-Classification-Moving-Averages-InvestorUnknown/;Adaptive Trend Classification: Moving Averages Overview The Adaptive Trend Classification (ATC) Moving Averages indicator is a robust and adaptable investing tool designed to provide dynamic signals based on various types of moving averages and their lengths. This indicator incorporates multiple lay…;;;24/06/2024;2412;11;editors_pick_indicators;1;68247;educational | Moving Averages | Trend Analysis;200;1
86;Expected Value Monte Carlo;https://www.tradingview.com/script/SU8QcnJ3-Expected-Value-Monte-Carlo/;I created this indicator after noticing that there was no Expected Value indicator here on TradingView. The EVMC provides statistical Expected Value to what might happen in the future regarding the asset you are analyzing. It uses 2 quantitative methods: Historical Backtest to ground your analysis i…;;;16/09/2025;1127;11;editors_pick_indicators;1;34677;expectedvalue | forecasting | MONTECARLO | Portfolio management | quant | quantitative | statistical | statistics;200;0
87;Liquidity Void Detector (Zeiierman);https://www.tradingview.com/script/q1hXS0v6-Liquidity-Void-Detector-Zeiierman/;█ Overview Liquidity Void Detector (Zeiierman) is an oscillator highlighting inefficient price displacements under low participation. It measures the most recent price move (standardized return) and amplifies it only when volume is below its own trend. Positive readings ⇒ strong up-move on low volum…;;;12/09/2025;2177;11;editors_pick_indicators;1;69427;buysideliquidity | liquditypump | liquidity | liquidityvoid | liquidityvoiddetector | sellsideliquidity | voidstrategy | Volume Indicator;200;0
102;Markov Chain [3D] | Fractalyst;https://www.tradingview.com/script/yA0KOPDO-Markov-Chain-3D-Fractalyst/;What exactly is a Markov Chain? This indicator uses a Markov Chain model to analyze, quantify, and visualize the transitions between market regimes (Bull, Bear, Neutral) on your chart. It dynamically detects these regimes in real-time, calculates transition probabilities, and displays them as animat…;;;27/08/2025;700;11;editors_pick_indicators;1;30070;algotrading | Candlestick analysis | Chart patterns | Cycles | hiddenmarkovmodel | machinelearning | markovchain | markovmodel | pinescript | quantitativetrading | quanttrading;200;0
125;Volumatic Support/Resistance Levels [BigBeluga];https://www.tradingview.com/script/F2OH2WQT-Volumatic-Support-Resistance-Levels-BigBeluga/;🔵 OVERVIEW A smart volume-powered tool for identifying key support and resistance zones—enhanced with real-time volume histogram fills and high-volume markers. Volumatic Support/Resistance Levels detects structural levels from swing highs and lows, and wraps them in dynamic histograms that reflect t…;;;30/06/2025;6858;11;editors_pick_indicators;1;142726;Bands and Channels | levels | Pivot points and levels | supportandresistancezones | supportandresitance | volumeanalysis | volumeindicator | volumepriceanalysis | Volume;200;0
165;NIG Probability Table;https://www.tradingview.com/script/NpswVR6U/;Normal-Inverse Gaussian Probability Table This indicator implements the Normal-Inverse Gaussian (NIG) distribution to estimate the likelihood of future price based on recent market behavior. 📊 Key Features: - Estimates the parameters (α: tail heaviness, β: skewness, δ: scale, μ: location) of the NIG…;;;25/04/2025;672;11;editors_pick_indicators;1;28710;forecasting | statistics;200;0
167;Market Sessions & Viewer Panel [By MUQWISHI];https://www.tradingview.com/script/htAF8NF9-Market-Sessions-Viewer-Panel-By-MUQWISHI/;▋ INTRODUCTION : The “Market Sessions & Viewer Panel” is a clean and intuitive visual indicator tool that highlights up to four trading sessions directly on the chart. Each session is fully customizable with its name, session time, and color. It also generates a panel that provides a quick-glance su…;;;22/02/2026;2340;11;editors_pick_indicators;1;51962;Candlestick analysis | crypto | Cycles | Forex | Fundamental Analysis | marketsessions | muqwishi | pattern | sessions;200;0
175;Correlation Heatmap;https://www.tradingview.com/script/Y3PnzG2q-Correlation-Heatmap/;█ OVERVIEW This indicator creates a correlation matrix for a user-specified list of symbols based on their time-aligned weekly or monthly price returns. It calculates the Pearson correlation coefficient for each possible symbol pair, and it displays the results in a symmetric table with heatmap-colo…;;;09/01/2026;991;11;editors_pick_indicators;1;41467;correlation | diversification | heatmap | pearsonscoefficient | Portfolio management | returnsanalysis | riskmangement | statistics | Trend Analysis;200;0
230;[MAD] Acceleration based dampened SMA projections;https://www.tradingview.com/script/QREVZoDw-MAD-Acceleration-based-dampened-SMA-projections/;This indicator utilizes concepts of arrays inside arrays to calculate and display projections of multiple Smoothed Moving Average (SMA) lines via polylines. This is partly an experiment as an educational post, on how to work with multidimensional arrays by using User-Defined Types ------------------…;;;15/01/2024;356;11;editors_pick_indicators;1;43873;education | educationalposts | Moving Averages;200;0
268;TTP VIX Spy;https://www.tradingview.com/script/Rv3pibXO-TTP-VIX-Spy/;TTP VIX Spy is an indicator that uses data from TVC:VIX to better time entries in the market. The assumption used is that when the VIX is coming down from the top of its range then the risk on assets can move to the upside and when the VIX is is pushing higher there's a high likelihood or risk on as…;;;03/06/2023;1568;11;editors_pick_indicators;1;59036;BBW | Bollinger Bands (BB) | Moving Average Convergence / Divergence (MACD) | Relative Strength Index (RSI) | slope | VIX CBOE Volatility Index | volatilityindex;200;0
307;Session candles & reversals / Flowly Indicators;https://www.tradingview.com/script/HjXrfMMg-Session-candles-reversals-Flowly-Indicators/;— Overview Like traditional candles, session based candles are a visualization of open, high, low and close values, but based on session time periods instead of typical timeframes such as daily or weekly. Session candles are formed by fetching price at session start (open), highest price during sess…;;;30/01/2026;1211;11;editors_pick_indicators;1;69078;asiasession | backtest | Candlestick analysis | Chart patterns | flowlyindicators | londonsession | nysession | quantifytools | sessioncandles | sessions | sessiontrading;200;0
325;RSI Past Can Turn RSI Into a Directional Tool;https://www.tradingview.com/script/2tennpoc-RSI-Past-Can-Turn-RSI-Into-a-Directional-Tool/;The Relative Strength Index was created by J. Welles Wilder to measure overbought and oversold conditions. It’s also found popularity as an overall measure of direction because upward-trending stocks often hit overbought conditions. The opposite can be true with underperformers. Today’s custom scrip…;;;20/09/2022;2521;11;editors_pick_indicators;1;95798;Relative Strength Index (RSI) | Trend Analysis | wilder;200;0
355;TASC 2022.06 Ehlers Loops;https://www.tradingview.com/script/5WXLRdaQ-TASC-2022-06-Ehlers-Loops/;"█ OVERVIEW TASC's June 2022 edition Traders' Tips includes an article by John ​Ehlers titled ""Ehlers Loops. Part 1"". This is the code implementing the price-volume Ehlers Loops he introduced in the publication. █ CONCEPTS John ​Ehlers developed Ehlers loops as a tool to visualize the performance of…";;;13/05/2022;737;11;editors_pick_indicators;1;38410;ehlers | Oscillators | pricevolumeanalysis | tasc | Volume;200;0
384;PSv5 Color Magic and Chart Theme Simulator;https://www.tradingview.com/script/f27Ejk2I-PSv5-Color-Magic-and-Chart-Theme-Simulator/;"KEEP YOUR COINS FOLKS! I DON'T NEED THEM, DON'T WANT THEM. Many other talented authors on TV deserve them. INTRODUCTION: This is my ""PSv5 Color Magic and Chart Theme Simulator"" displayed using Pine Script version 5.0. The purpose of this PSv5 colorcator is to show vivid colors that are most suitable…";;;13/01/2022;231;11;editors_pick_indicators;1;28411;chart | color | magic | pine | plot | simulator | Trend Analysis;200;1
443;Logging in Pine Script;https://www.tradingview.com/script/YYg37GLJ-Logging-in-Pine-Script/;I'm building quite a lot of pretty complicated indicators/strategies in Pine Script. Quite often they don't work from the 1 try so I have to debug them heavily. In Pine Script there are no fancy debuggers so you have to be creative. You can plot values on your screens, check them in the data window,…;;;12/04/2023;983;11;editors_pick_indicators;1;30632;debug | LOG | logging | pinedebug | pivot | Pivot Points | points | Trend Analysis;200;1
483;Hurst Exponent;https://www.tradingview.com/script/QibYVT4J-Hurst-Exponent/;My first try to implement Full Hurst Exponent. The Hurst exponent is used as a measure of long-term memory of time series. It relates to the autocorrelations of the time series and the rate at which these decrease as the lag between pairs of values increases The Hurst exponent is referred to as the…;;;09/03/2021;1177;11;editors_pick_indicators;1;38992;hurst | hurstcoefficient | hurstcycles | hurstexponent | hurstoscillator | mean-reversion | meanreversion | Oscillators | trend | Trend Analysis;200;0
565;[RS]Simple Forecast - Keltner Worms;https://www.tradingview.com/script/EQlOGqrF-RS-Simple-Forecast-Keltner-Worms/;EXPERIMENTAL: Using keltner channels with automatic multiplier finding, offsets and show_last cutoffs to generate a forecast area. video showing why its named keltner worms :p.. streamable.com;;;06/07/2020;907;11;editors_pick_indicators;1;29314;experimental | forecast | function | Moving Averages | Trend Analysis | Volatility;200;0
12;Machine Learning Neural Network Engine;https://www.tradingview.com/script/7sKZIrbB-Machine-Learning-Neural-Network-Engine/;Machine Learning Neural Network Engine turns complex Daily market behavior into three clear states: LONG, WATCH and CASH. Instead of relying on one fixed trend signal, the indicator combines an adaptive neural network, continuous model validation and an independent crisis detector. The result is a s…;;;23/07/2026;1409;10;editors_pick_indicators;0;30633;forecasting | statistics | Trend Analysis;200;1
70;Volume Surprise [LuxAlgo];https://www.tradingview.com/script/LvqOpkKP-Volume-Surprise-LuxAlgo/;The Volume Surprise tool displays the trading volume alongside the expected volume at that time, allowing users to spot unexpected trading activity on the chart easily. The tool includes an extrapolation of the estimated volume for future periods, allowing forecasting future trading activity. 🔶 USAG…;;;23/10/2025;3239;10;editors_pick_indicators;1;110714;forecast | forecasting | histogram | imbalance | liquidity | luxalgo | prediction | seasonality-trading | timebased | Volume;200;0
162;Market Manipulation Index (MMI);https://www.tradingview.com/script/EOLvUvxl-Market-Manipulation-Index-MMI/;The Composite Manipulation Index (CMI) is a structural integrity tool that quantifies how chaotic or orderly current market conditions are, with the aim of detecting potentially manipulated or unstable environments. It blends two distinct mathematical models that assess price behavior in terms of bo…;;;06/05/2025;1129;10;editors_pick_indicators;1;40523;Oscillators | regressions | sentiment;200;0
280;Intrabar Run Count Indicator [tbiktag];https://www.tradingview.com/script/XkBwnQ2h-Intrabar-Run-Count-Indicator-tbiktag/;• OVERVIEW Introducing the Intrabar Run Count Indicator , a tool designed to detect potential non-randomness in intrabar price data. It utilizes the statistical runs test to examine the number of sequences ( runs ) of positive and negative returns in the analyzed price series. As deviations from ran…;;;24/04/2023;336;10;editors_pick_indicators;1;27111;Oscillators | randomwalk | statistics;200;0
473;Function - simple* Markov Chain Monte Carlo Simulation (MCMC);https://www.tradingview.com/script/YRDyQ40y-Function-simple-Markov-Chain-Monte-Carlo-Simulation-MCMC/;Example function of a markov chain monte carlo simulation.;;;10/04/2021;382;10;editors_pick_indicators;1;20699;educational | example | function | markov | markovchain | MONTECARLO | Oscillators | simulation;200;0
519;Daily Play Ace Spectrum;https://www.tradingview.com/script/I4ifUwSu-Daily-Play-Ace-Spectrum/;So the idea of the Daily Play Ace Spectrum is to extend the Ace Spectrum . By exposing more parameters, making a variation of the Ace Spectrum which is more configurable. The idea is this makes the Daily Play Ace Spectrum more suitable for use on shorter (hourly and minute) time scales. These specif…;;;17/12/2020;891;10;editors_pick_indicators;1;26828;daytrading | DM Indicator | Exponential Moving Average (EMA) | exponentialdeviationbands | exponentialgrowth | Linear Regression | logarithmicchannel | probabilitycone | projections;200;0
605;Fancy Triple Moving Averages [BigBitsIO];https://www.tradingview.com/script/7emR6ckb-Fancy-Triple-Moving-Averages-BigBitsIO/;This script is for three moving averages with as many features as I can possibly fit into a single moving average. Features: - Three moving averages (MA1, MA2, MA3). - Standard MA inputs. - MA type. - MA period. - MA price. - MA resolution (time frame). - Visibility toggle. - MA Candle Type - Fancy…;;;26/05/2025;884;10;editors_pick_indicators;1;20798;average | crossover | crossunder | Exponential Moving Average (EMA) | forecast | inclusion | Moving Averages | Simple Moving Average (SMA) | three | trend | triple;200;0
14;Kinetic Slippage Index (KSI);https://www.tradingview.com/script/CUjAnbtS-Kinetic-Slippage-Index-KSI/;"Overview The Kinetic Slippage Index (KSI) is an advanced volume-volatility oscillator designed to measure market efficiency—or the lack thereof. Inspired by order book microstructure and liquidity gaps, KSI calculates the ""cost of price movement."" It helps traders identify hidden institutional distr…";;;03/07/2026;620;9;editors_pick_indicators;0;40267;index | kinetic | KSI | Oscillators | Volatility | Volume;200;1
17;Chart Patterns Screener [Trendoscope];https://www.tradingview.com/script/a7a6yS0y-Chart-Patterns-Screener-Trendoscope/;🎲 Overview Chart Patterns Screener is an advanced Pine Script designed to automatically detect and display classical chart patterns on TradingView. It is a specialized, fine-tuned version of the popular Auto Chart Patterns indicator, optimized specifically for use with the Pine Screener. 🎲 How to Us…;;;30/05/2026;1148;9;editors_pick_indicators;0;53568;Chart patterns | Harmonic Patterns | hewhomustnotbenamed | pine-screener | screener | trendoscope;200;1
31;HTF Volume Spike & Imbalance Projection [LuxAlgo];https://www.tradingview.com/script/MXn4pESD-HTF-Volume-Spike-Imbalance-Projection-LuxAlgo/;The HTF Volume Spike & Imbalance Projection indicator provides a comprehensive multi-timeframe analysis tool that projects higher timeframe (HTF) candle structures, volume spikes, and volume profiles directly onto the current chart. This script aims to bridge the gap between different time horizons,…;;;26/03/2026;4005;9;editors_pick_indicators;1;91152;candle | HTF | liquidity | luxalgo | multitimeframe | projection | spike | Trend Analysis | Volume Profile;200;0
32;Swing Structure Forecast [BOSWaves];https://www.tradingview.com/script/Ft4zyO1F-Swing-Structure-Forecast-BOSWaves/;Swing Structure Forecast - Statistical Swing Projection System with Volatility-Adaptive Support and Resistance Detection Overview Swing Structure Forecast is a statistically-driven swing analysis system that maps directional price structure through confirmed pivot identification, where support and r…;;;23/03/2026;2195;9;editors_pick_indicators;1;64442;boswaves | fibonnaci | forecast | structure | swing | trailing | Trend Analysis;200;0
33;TASC 2026.04 A Synthetic Oscillator;https://www.tradingview.com/script/we9AMcvE-TASC-2026-04-A-Synthetic-Oscillator/;"█ Overview This script implements a Synthetic Oscillator as presented by John F. Ehlers in the April 2026 TASC Traders' Tips article ""Avoiding Whipsaw Trades"". The indicator aims to provide a smooth, low-lag oscillator for timely trading signals by dynamically mapping a sine wave to price data. █ CO…";;;27/03/2026;621;9;editors_pick_indicators;1;38697;educational | ehlers | tasc;200;0
35;Market Microstructure Analytics;https://www.tradingview.com/script/34R4Mh5W-Market-Microstructure-Analytics/;The Hidden Toll on Every Trade Every time you buy or sell a financial instrument, you pay a cost that never appears on your brokerage statement. It is not a commission. It is not a fee. It is the spread between the price at which someone is willing to sell to you and the price at which someone is wi…;;;14/03/2026;490;9;editors_pick_indicators;1;37988;educational | multitimeframe | statistics;200;0
37;PineScript integration with Notepad++ (UDL);https://www.tradingview.com/script/w5tYwibf-PineScript-integration-with-Notepad-UDL/;THIS IS NOT AN INDICATOR! This is PineScript integration with Notepad++ text editor (NPP). It supports PineScript v6 as of January 2026. Provides autocompletion, function list and syntax highlighting for *.pine files. Why would anyone need this? Pine Editor doesn't provide function list yet Pine Edi…;;;11/03/2026;214;9;editors_pick_indicators;1;30623;editor | notepad-plus-plus | Pine utilities;200;0
80;Volume Profile 3D (Zeiierman);https://www.tradingview.com/script/LX3zlT9L-Volume-Profile-3D-Zeiierman/;█ Overview Volume Profile 3D (Zeiierman) is a next-generation volume profile that renders market participation as a 3D-style profile directly on your chart. Instead of flat histograms, you get a depth-aware profile with parallax, gradient transparency, and bull/bear separation, so you can see where…;;;29/09/2025;1999;9;editors_pick_indicators;1;60639;highvolumearea | highvolumenode | lowvolumearea | lowvolumenode | POC | Volume Indicator | Volume Profile | volumeprofileanalysis | volumeprofileindicator;200;0
115;Intrabar Efficiency Ratio;https://www.tradingview.com/script/o8tRZCzT-Intrabar-Efficiency-Ratio/;"█ OVERVIEW This indicator displays a directional variant of Perry​ Kaufman's​ Efficiency​ Ratio​, designed to gauge the ""efficiency"" of intrabar price movement by comparing the sum of movements of the lower timeframe bars composing a chart bar with the respective bar's movement on an average basis.…";;;09/01/2026;1130;9;editors_pick_indicators;1;47098;sentiment | Trend Analysis | Volatility;200;0
134;Wavelet-Trend ML Integration [Alpha Extract];https://www.tradingview.com/script/sr0scAV5-Wavelet-Trend-ML-Integration-Alpha-Extract/;Alpha-Extract Volatility Quality Indicator The Alpha-Extract Volatility Quality (AVQ) Indicator provides traders with deep insights into market volatility by measuring the directional strength of price movements. This sophisticated momentum-based tool helps identify overbought and oversold condition…;;;21/09/2025;2314;9;editors_pick_indicators;1;48981;Bitcoin (Cryptocurrency) | crossover | machinelearning | meanreversion | riskmangement | Trend Analysis | trendfollowing | Volatility | volatilityanalysis | Volume | wavelet;200;0
155;Trend Volatility Index (TVI);https://www.tradingview.com/script/U55O07q4/;Trend Volatility Index (TVI) A robust nonparametric oscillator for structural trend volatility detection ⸻ What is this? TVI is a volatility oscillator designed to measure the strength and emergence of price trends using nonparametric statistics. It calculates a U-statistic based on the Gini mean di…;;;16/05/2025;1418;9;editors_pick_indicators;1;41671;Oscillators | Trend Analysis | Volatility;200;0
322;Black Scholes Option Pricing Model w/ Greeks [Loxx];https://www.tradingview.com/script/WobQqSxF-Black-Scholes-Option-Pricing-Model-w-Greeks-Loxx/;The Black Scholes Merton model If you are new to options I strongly advise you to profit from Robert Shiller's lecture on same . It combines practical market insights with a strong authoritative grasp of key models in option theory. He explains many of the areas covered below and in the following pa…;;;08/10/2022;746;9;editors_pick_indicators;1;51200;analyticalgreeks | blacksholes | blacksholesmerton | greeks | Historical Volatility | options | optionspricing | Volatility;200;0
530;Graham Number;https://www.tradingview.com/script/4YK3z13s-graham-number/;Graham Number is named after the “father of value investing,” Benjamin Graham, who was a mentor of Warren Buffett. The figure takes into account earnings per share and book value per share to measure a stock's maximum fair market value. In other words, it is the upper end of the price range that a d…;;;22/11/2020;622;9;editors_pick_indicators;1;17031;fundamental-analysis | graham | Trend Analysis;200;0
610;[RS]Bar Pattern Statistics Tool;https://www.tradingview.com/script/IeaHIREo-RS-Bar-Pattern-Statistics-Tool/;A tool to mine bar patterns statistics.;;;16/05/2023;372;9;editors_pick_indicators;1;13717;BAR | Oscillators | pattern | statistics;200;0
647;Hancock - RSI Volume;https://www.tradingview.com/script/tKzP5Uj0-Hancock-RSI-Volume/;The Volume RSI (Relative Strength Index) is quite similar to the price based RSI with difference that up-volume and down-volume are used in the RSI formula instead changes in price. If price RSI shows relation between up-moves and down-moves within an analyzed period of time by revealing which moves…;;;28/08/2020;706;9;editors_pick_indicators;1;24934;Relative Strength Index (RSI) | Volume;200;0
15;Session Edge Profiler | Flux Charts;https://www.tradingview.com/script/T1V41Bl5-Session-Edge-Profiler-Flux-Charts/;GENERAL OVERVIEW: The Session Edge Profiler is a statistical dashboard indicator that profiles up to five configurable trading sessions (Asia, London, NY AM, NY Lunch, NY PM by default) across the available completed trading days loaded on the chart. The indicator records each session's range, volum…;;;09/06/2026;1479;8;editors_pick_indicators;0;65119;Candlestick analysis | dashboard | fluxcharts | profiler | sessions | SMC | statistics | Trend Analysis;200;1
36;Fair Value Gap Profile + Rolling POC [BigBeluga];https://www.tradingview.com/script/axtmVrUD-Fair-Value-Gap-Profile-Rolling-POC-BigBeluga/;🔵 OVERVIEW FVG Profile builds a price-level profile based on detected Fair Value Gaps (FVGs) over a fixed lookback period. Instead of measuring traded volume alone, this tool aggregates bullish and bearish FVG occurrences into horizontal bins, allowing traders to see where price inefficiencies are m…;;;16/03/2026;3897;8;editors_pick_indicators;1;98724;Bands and Channels | bigbeluga | delta | fairvaluegap | fvg | moving_average | pointofcontrol | profile | Volume Profile | Volume;200;0
52;Peak Trading Activity Graphs [LuxAlgo];https://www.tradingview.com/script/TsTSP9sk-Peak-Trading-Activity-Graphs-LuxAlgo/;The Peak Trading Activity Graphs displays four graphs that allow traders to see at a glance the times of the highest and lowest volume and volatility for any month, day of the month, day of the week, or hour of the day. By default, it plots the median values of the selected data for each period. Tra…;;;28/01/2026;1821;8;editors_pick_indicators;1;67709;barchart | calendar | Chart patterns | Cycles | dashboard | graph | liquidity | luxalgo | session;200;0
64;Volatility Risk Premium;https://www.tradingview.com/script/UJgVgUvT-Volatility-Risk-Premium/;THE INSURANCE PREMIUM OF THE STOCK MARKET Every day, millions of investors face a fundamental question that has puzzled economists for decades: how much should protection against market crashes cost? The answer lies in a phenomenon called the Volatility Risk Premium, and understanding it may fundame…;;;07/12/2025;972;8;editors_pick_indicators;1;36649;educational | Historical Volatility;200;0
85;Trading Activity Index (Zeiierman);https://www.tradingview.com/script/rtOfqf13-Trading-Activity-Index-Zeiierman/;█ Overview Trading Activity Index (Zeiierman) is a volume-based market activity meter that transforms dollar-volume into a smooth, normalized “activity index.” It highlights when market participation is unusually low or high with a dynamic color gradient: Light Blue → Low Activity (thin participatio…;;;15/09/2025;1631;8;editors_pick_indicators;1;54689;Accumulation / Distribution Line (ADL) | relativevolume | tradingactivity | tradingactivityfinder | tradingactivityindex | Volume Indicator | VOLUMEBREAKOUT | volumeflow | volumetrading;200;0
189;TASC 2025.02 Autocorrelation Indicator;https://www.tradingview.com/script/OQtTRc35-TASC-2025-02-Autocorrelation-Indicator/;"█ OVERVIEW This script implements the Autocorrelation Indicator introduced by John Ehlers in the ""Drunkard's Walk: Theory And Measurement By Autocorrelation"" article from the February 2025 edition of TASC's Traders' Tips . The indicator calculates the autocorrelation of a price series across several…";;;20/01/2025;732;8;editors_pick_indicators;1;45771;correlation | Cycles | ehlers | tasc;200;0
222;Risk Management Chart;https://www.tradingview.com/script/Nl9IHqV1-risk-management-chart/;█ OVERVIEW Risk Management Chart allows you to calculate and visualize equity and risk depend on your risk-reward statistics which you can set at the settings. This script generates random trades and variants of each trade based on your settings of win/loss percent and shows it on the chart as diffe…;;;04/03/2024;833;8;editors_pick_indicators;1;57679;analyse | Portfolio management | reward | rewardrisk | risk | riskmanagment | riskreward | statistics;200;0
455;TA Information Panel;https://www.tradingview.com/script/BRP7xBr2-TA-Information-Panel/;Multiple Information Panel using tables.;;;08/06/2021;1074;8;editors_pick_indicators;1;28967;DATA | information | mtf | panel | range | table | timeframe | Trend Analysis;200;0
557;Portfolio: alpha, beta, stdev, variance, mean, max drawdown...;https://www.tradingview.com/script/agCQIVZJ-Portfolio-alpha-beta-stdev-variance-mean-max-drawdown/;Portfolio Metrics **New** 'returns' 'log returns' 'geometric returns' portfolio alpha portfolio beta portfolio,market correlation portfolio standard deviation portfolio variance mean portfolio returns maximum drawdown maximum gain;;;12/09/2020;452;8;editors_pick_indicators;1;20978;alpha | beta | Breadth Indicators | correlation | GEOMETRIC | LOG | mean | portfolio | returns | Standard Deviation (Volatility) | Trend Analysis;200;1
609;Backward Number of Bars;https://www.tradingview.com/script/hekXth56-Backward-Number-of-Bars/;This indicator was written in order to apply bar limit in strategies and it was published as open code so that everyone can use it. When backtesting with stock market api data, we determine how many bars should be, not from which date the data will be drawn. For example, we can draw 1000 bar data fr…;;;30/03/2020;291;8;editors_pick_indicators;1;11145;backward | BAR | count | Oscillators | thick_wall;200;0
10;Directional Volume Shapes (Zeiierman);https://www.tradingview.com/script/3XE8qqfr-Directional-Volume-Shapes-Zeiierman/;█ Overview Directional Volume Shapes (Zeiierman) is a regime-classification oscillator that reframes volume analysis around a different question: not simply “how much volume traded,” but “what statistical shape has directional pressure been forming, and which way is it leaning?” Instead of plotting…;;;24/07/2026;807;7;editors_pick_indicators;0;25779;buyingpressure | Cycles | directionalvolume | Divergence | Oscillators | sellingpressure | Volume Indicator | volumedivergence | volumeoscillator | volumestrength;200;1
23;TASC 2026.05 The AutoTune Filter;https://www.tradingview.com/script/GqKlw3yv-TASC-2026-05-The-AutoTune-Filter/;"█ OVERVIEW This script implements the AutoTune Filter described by John F. Ehlers in the article ""A Rolling Autocorrelation Function"" from the May 2026 edition of the TASC Traders' Tips . The script analyzes rolling autocorrelation in filtered price data to calculate a band-pass filter that dynamica…";;;22/04/2026;547;7;editors_pick_indicators;0;49172;educational | ehlers | tasc;200;1
25;Focus Bars [Kioseff Trading];https://www.tradingview.com/script/I0MhUmSK-Focus-Bars-Kioseff-Trading/;Hello Traders! 🔹 Focus Bars Focus Bars is a lower-timeframe reconstruction tool designed to break each candle into a price-based internal structure . Instead of viewing a bar as a single OHLC print, this tool redistributes intrabar participation across price levels, showing where activity, delta, an…;;;17/04/2026;2274;7;editors_pick_indicators;1;61284;deepbars | deepchart | deepcharts | delta | kiosefftrading | statistics | Volume Indicator | volumedelta | volumedeltaprofile;200;0
41;VIX Curve Pro - Real-Time Term Structure with Statistics;https://www.tradingview.com/script/DRX2SbYV-VIX-Curve-Pro-Real-Time-Term-Structure-with-Statistics/;This indicator displays the VIX term structure as a spatial curve directly on the chart, allowing you to instantly identify whether the volatility market is in contango or backwardation. It shows the relationship between different VIX maturities (9D, 30D, 3M, 6M, 1Y) as a single curve. It also shows…;;;06/03/2026;476;7;editors_pick_indicators;1;30269;backwardation | contango | marketstructure | sentiment | statistics | termstructure | VIX CBOE Volatility Index | vixforecast | vixfutures | Volatility;200;0
59;Arbitrage Detector [LuxAlgo];https://www.tradingview.com/script/MFupUZWD-Arbitrage-Detector-LuxAlgo/;The Arbitrage Detector unveils hidden spreads in the crypto and forex markets. It compares the same asset on the main crypto exchanges and forex brokers and displays both prices and volumes on a dashboard, as well as the maximum spread detected on a histogram divided by four user-selected percentile…;;;17/12/2025;2899;7;editors_pick_indicators;1;97818;arbitrage | crypto | Cycles | Forex | intermaket | luxalgo | spread | statistical | Trend Analysis;200;0
74;Simplified Percentile Clustering;https://www.tradingview.com/script/mdGJq4j5-Simplified-Percentile-Clustering/;Simplified Percentile Clustering (SPC) is a clustering system for trend regime analysis. Instead of relying on heavy iterative algorithms such as k-means, SPC takes a deterministic approach: it uses percentiles and running averages to form cluster centers directly from the data, producing smooth, in…;;;17/10/2025;965;7;editors_pick_indicators;1;31824;Cycles | educational | statistics;200;1
75;Adaptive Volume Delta Map;https://www.tradingview.com/script/ZXxJiYij-Adaptive-Volume-Delta-Map/;--- 📊 Adaptive Volume Delta Map (AVDM) What is Adaptive Volume Delta Map (AVDM)? The Adaptive Volume Delta Map (AVDM) is a smart, multi-timeframe indicator that visualizes buy and sell volume imbalances directly on the chart. It adapts automatically to t;;;09/12/2025;2927;7;editors_pick_indicators;1;70284;Volume Indicator | volumedelta | Volume Profile;200;0
82;Tick CVD [Kioseff Trading];https://www.tradingview.com/script/moMbNm8e-Tick-CVD-Kioseff-Trading/;"Hello! This script ""Tick CVD"" employs live tick data to calculate CVD and volume delta! No tick chart required. Features Live price ticks are recorded CVD calculated using live ticks Delta calculated using live ticks Tick-based HMA, WMA, EMA, or SMA for CVD and price Key tick levels (S/R CVD & price…";;;11/08/2024;1686;7;editors_pick_indicators;1;60076;CVD | kiosefftrading | statistics | TICK | tickcvd | tickdata | tickdelta | tickvolume | volumedelta;200;0
84;Statistics • Chi Square • P-value • Significance;https://www.tradingview.com/script/W0vYvqgB-Statistics-Chi-Square-P-value-Significance/;The Statistics • Chi Square • P-value • Significance publication aims to provide a tool for combining different conditions and checking whether the outcome is significant using the Chi-Square Test and P-value. 🔶 USAGE The basic principle is to compare two or more groups and check the results of a qu…;;;20/03/2024;281;7;editors_pick_indicators;1;28581;chi-square | educational | p-value | significance | statistic | statistical | statistics;200;0
89;Volume by Time [LuxAlgo];https://www.tradingview.com/script/uLzJcB7H-Volume-by-Time-LuxAlgo/;The Volume by Time indicator collects volume data for every point in time over the day and displays the average volume of the specific dataset collected at each respective bar. The indicator overlays the current volume and the historical average to allow for better comparisons. 🔶 USAGE Throughout th…;;;03/09/2025;2481;7;editors_pick_indicators;1;78144;delta | HTF | luxalgo | volumeanalysis | VOLUMEBREAKOUT | volumedelta | Volume;200;0
139;Yelober - Sector Rotation Detector;https://www.tradingview.com/script/7jm5ebze-Yelober-Sector-Rotation-Detector/;# Yelober - Sector Rotation Detector: User Guide ## Overview The Yelober - Sector Rotation Detector is a TradingView indicator designed to track sector performance and identify market rotations in real-time. It monitors key sector ETFs, calculates performance metrics, and provides actionable stock r…;;;17/06/2025;472;7;editors_pick_indicators;1;16739;Fundamental Analysis | sentiment | Trend Analysis;200;0
143;SmartPhase Analyzer;https://www.tradingview.com/script/0eNOetmO-SmartPhase-Analyzer/;📝 SmartPhase Analyzer – Composite Market Regime Classifier SmartPhase Analyzer is an adaptive regime classification tool that scores market conditions using a customizable set of statistical indicators. It blends multiple normalized metrics into a composite score, which is dynamically evaluated agai…;;;10/06/2025;473;7;editors_pick_indicators;1;22843;educational | Portfolio management | statistics;200;0
163;Dual-Phase Trend Regime Oscillator (Zeiierman);https://www.tradingview.com/script/zSNlLXMM-Dual-Phase-Trend-Regime-Oscillator-Zeiierman/;█ Overview Trend Regime: Dual-Phase Oscillator (Zeiierman) is a volatility-sensitive trend classification tool that dynamically switches between two oscillators, one optimized for low volatility, the other for high volatility. By analyzing standard deviation-based volatility states and applying corr…;;;30/04/2025;1401;7;editors_pick_indicators;1;44086;Centered Oscillators | dualoscillator | marketphase | marketregime | marketvolatility | Oscillators | Trend Analysis | Gann Trend Oscillator | trendregime | trendtrading | volatilityoscillator;200;0
326;ABC 123 Harmonic Ratio Custom Range Interactive;https://www.tradingview.com/script/hVk0dICJ-ABC-123-Harmonic-Ratio-Custom-Range-Interactive/;█ OVERVIEW This indicator was designed based on Harmonic Trading : Volume One written by Scott Carney. This is about harmonic ratios which expanded through retracement and projection. Derivation is pretty much explained here such as Primary, Primary Derivation, Secondary Derivation and Secondary Der…;;;14/05/2023;1997;7;editors_pick_indicators;1;99136;customrange | educational | fibo | Harmonic Patterns | harmonicwaves | interactive | manual | Pivot points and levels | projection | ratio | retracement;200;0
396;TASC 2021.12 Directional Movement w/Hann;https://www.tradingview.com/script/E5KzXOsk-TASC-2021-12-Directional-Movement-w-Hann/;"█ OVERVIEW Presented here is code for the ""Directional Movement w/Hann"" indicator originally conceived by John ​Ehlers. The code is also published in the December 2021 issue of Trader's Tips by Technical Analysis of Stocks & ​Commodities (TASC) magazine. Ehlers continues here his exploration of the…";;;14/11/2021;1663;7;editors_pick_indicators;1;52098;Average Directional Index (ADX) | Directional Movement Index (DMI) | hann | tasc;200;1
406;TASC 2021.11 MADH Moving Average Difference, Hann;https://www.tradingview.com/script/vraaRpAA-TASC-2021-11-MADH-Moving-Average-Difference-Hann/;"█ OVERVIEW Presented here is code for the ""Moving Average Difference, Hann"" indicator originally conceived by John ​Ehlers. The code is also published in the November 2021 issue of Trader's Tips by Technical Analysis of Stocks & ​Commodities (TASC) magazine. █ CONCEPTS By employing a Hann windowed f…";;;14/10/2021;841;7;editors_pick_indicators;1;25463;Oscillators | tasc;200;1
430;Function - Weighted Standard Deviation;https://www.tradingview.com/script/F6fK5IMa-Function-Weighted-Standard-Deviation/;Calculates weighted mean, variance, standard deviation, MSE and RMSE from time series variables or arrays. When calculating from arrays, the function expects index 0 to be the most recent sample and weight values.;;;10/07/2021;529;7;editors_pick_indicators;1;20741;function | Volatility | weighted;200;0
435;Dominance tagcloud [experimental];https://www.tradingview.com/script/3l2PoJkb-Dominance-tagcloud-experimental/;"This script is mainly about 2 techniques: - rectangles that don't overlap with the use of random() -> f_overlap(x1_a, y1_a, x2_a, y2_a, x1_b, y1_b, x2_b, y2_b) - using a ""while loop"" (inspired by @ricardosantos) The loop: for x = 0 to 999999 if ... do ... continue else ... break resembles a ""while l…";;;27/06/2021;170;7;editors_pick_indicators;1;15789;Trend Analysis;200;0
465;Unicode Font Function V2 - JD;https://www.tradingview.com/script/hd0vZu6Y-Unicode-Font-Function-V2-JD/;This script is a continuation from Duyck's Unicode font function A different approach made on this function to able change font type on a single string Now you can call it as a function to change the font type on every string that you need, either it is for a Label or regular Text Shoutout to @Duyck…;;;22/04/2021;137;7;editors_pick_indicators;1;7576;font | function | Oscillators;200;0
535;Aggregate BTC Candles;https://www.tradingview.com/script/bLUVjPa3-Aggregate-BTC-Candles/;This script creates candles based on an aggregated Index price from various BTC exchange tickers. Since the early years in particular have a lot of exchange specific flash crash wicks, missing data, erraticness compared to other exchanges particularly in their first few months, this is an attempt to…;;;05/11/2020;133;7;editors_pick_indicators;1;5595;aggregate | Candlestick Analysis;200;0
581;Binomial Option Pricing Model;https://www.tradingview.com/script/EjI1iGag-Binomial-Option-Pricing-Model/;A binomial option pricing model is an option pricing model that calculates an option's price using binomial trees. The BOPM method of calculating option prices is different from the Black-Scholes Model because it provides more flexibility in the type of options you want to price. The BOPM, unlike th…;;;03/06/2020;378;7;editors_pick_indicators;1;12121;american | american_options | binomial | black-scholes | bopm | Breadth Indicators | european | european_options | optionpricing | options | Volatility;200;0
621;RedK_Directional Index / K xDMI;https://www.tradingview.com/script/mbXXbS1f-RedK-Directional-Index-K-xDMI/;Here's a modern take on the famous DMI/ADX. i first wrote this on another platform few years ago, so i'm happy to be able to share it on TradingView quick refresher: what does DMI/ADX tell us: ------------------------------------------------------ in simple terms, at the core of this indicator, ther…;;;03/03/2020;750;7;editors_pick_indicators;1;21870;ADX | Average Directional Index (ADX) | Directional Movement Index (DMI) | DMI | redk | scripts | Trend Analysis;200;0
7;Universal Signal Backtester [LuxAlgo];https://www.tradingview.com/script/Y5CIZ9CB-Universal-Signal-Backtester-LuxAlgo/;The Universal Signal Backtester indicator is a tool designed to simulate and analyze the performance of virtually any trading signal, ranging from moving average crossovers to external indicator triggers. By providing a professional-grade backtesting environment directly on the chart, it allows user…;;;31/07/2026;7181;6;editors_pick_indicators;0;112790;backtester | luxalgo | performance | Pivot points and levels | Portfolio management | signal | statistics | strategy;200;1
11;IQ Trend Beams [TradingIQ];https://www.tradingview.com/script/SG7Vk6uH-IQ-Trend-Beams-TradingIQ/;🔹 OVERVIEW IQ Trend Beams is a trend assistant that draws your trendlines the way a disciplined chartist would - and then holds them accountable. It maintains two channels, support and resistance , each always showing one working line. A line is born forming : it moves and re-shapes freely, polished…;;;21/07/2026;1378;6;editors_pick_indicators;0;38225;AI | bayesian | forecasting | hazard | LTF | Market Geometry | ml | particle | statistics | Trend Analysis;200;1
21;Fractional EMA Kalman Filter [D7];https://www.tradingview.com/script/c75aF3t1-Fractional-EMA-Kalman-Filter-D7/;Fractional EMA Kalman Filter 1. Description Fractional EMA Kalman Filter is an experimental smoothing and state-estimation tool that combines a Kalman filter framework with a fractional EMA input. The objective is to create a filter that remains subdued during ranging conditions while retaining resp…;;;10/05/2026;1056;6;editors_pick_indicators;0;50673;Moving Averages;200;1
44;[MAD] Gann o Maticus;https://www.tradingview.com/script/UVBy6VlF-MAD-Gann-o-Maticus/;Gannomat — Full Automated Gann Grids & Astro Cycles Automatic Gann quadrant boxes with geometric arc projections. Cycle boundaries from standard timeframes or real planetary astronomy. Thanks BarefootJoey, master of Astrolib What Does This Indicator Do? Gannomat draws a Gann quadrant box on your cha…;;;26/02/2026;545;6;editors_pick_indicators;1;29527;Gann | gannsquareautoscale;200;0
92;Fibonacci Sequence Circles [BigBeluga];https://www.tradingview.com/script/x4xoO9ax-Fibonacci-Sequence-Circles-BigBeluga/;🔵 Overview The Fibonacci Sequence Circles is a unique and visually intuitive indicator designed for the TradingView platform. It combines the principles of the Fibonacci sequence with geometric circles to help traders identify potential support and resistance levels, as well as price expansion zones…;;;25/08/2025;2428;6;editors_pick_indicators;1;74608;Chart patterns | fibonaccianalysis | Fibonacci Circles | fibonaccisequence | fibonnacci | fibosequence | multitimeframe | Pivot points and levels;200;0
166;Log-Normal Price Forecast;https://www.tradingview.com/script/m0bnlVMT/;Log-Normal Price Forecast This Pine Script creates a log-normal forecast model of future price movements on a TradingView chart, based on historical log returns. It plots expected price trajectories and bands representing different levels of statistical deviation. Parameters Model Length – Number of…;;;22/04/2025;607;6;editors_pick_indicators;1;26022;forecasting | statistics;200;0
181;TASC 2025.04 The Ultimate Oscillator;https://www.tradingview.com/script/sVP0SZo5-TASC-2025-04-The-Ultimate-Oscillator/;"█ OVERVIEW This script implements an alternative, refined version of the Ultimate Oscillator (UO) designed to reduce lag and enhance responsiveness in momentum indicators, as introduced by John F. Ehlers in his article ""Less Lag In Momentum Indicators, The Ultimate Oscillator"" from the April 2025 ed…";;;19/03/2025;613;6;editors_pick_indicators;1;25362;ehlers | Oscillators | tasc;200;0
182;Dynamic Volume Profile Oscillator | AlphaAlgos;https://www.tradingview.com/script/UKGKPPqM-Dynamic-Volume-Profile-Oscillator-AlphaAlgos/;Dynamic Volume Profile Oscillator | AlphaAlgos Overview The Dynamic Volume Profile Oscillator is an advanced technical analysis tool that transforms traditional volume analysis into a responsive oscillator. By creating a dynamic volume profile and measuring price deviation from volume-weighted equil…;;;29/03/2025;2651;6;editors_pick_indicators;1;76902;Bands and Channels | Oscillators | Trend Analysis;200;0
183;The Investment Clock Orbital Graph;https://www.tradingview.com/script/ifjXxAlC-The-Investment-Clock-Orbital-Graph/;The Investment Clock Orbital Graph is an advanced visualization tool designed to help traders and investors track economic cycles using a dynamic scatter plot of GDP growth vs. CPI inflation rates. This indicator is a fusion of two powerful TradingView indicators: LuxAlgo ’s Relative Strength Scatte…;;;12/03/2025;501;6;editors_pick_indicators;1;29414;barefootjoey | CPI | Cycles | economy | forecasting | GDP | Portfolio management;200;0
185;Multi Asset Similarity Matrix;https://www.tradingview.com/script/cOjScAAA-Multi-Asset-Similarity-Matrix/;Provides a unique and visually stunning way to analyze the similarity between various stock market indices. This script uses a range of mathematical measures to calculate the correlation between different assets, such as indices, forex, crypto, etc.. Key Features: Similarity Measures: The script off…;;;17/03/2025;616;6;editors_pick_indicators;1;31621;assets | correlation | measure | Portfolio management | similarity | Trend Analysis | Volume;200;0
220;Gaps Profile [vnhilton];https://www.tradingview.com/script/rfBdCeg1-Gaps-Profile-vnhilton/;Note: If you get an error preventing indicator from executing due to a loop running longer than >500ms, please lower the amount of boxes shown and/or increase the minimum gap % threshold. OVERVIEW The Gaps Profile (GP) simply shows the remaining gaps on the chart that have yet to be closed. Gaps are…;;;23/03/2024;750;6;editors_pick_indicators;1;42965;multitimeframe | Pivot points and levels | sentiment;200;0
575;Stochastic Weights - Basic [BigBitsIO];https://www.tradingview.com/script/DOgvQOPh-Stochastic-Weights-Basic-BigBitsIO/;This script is a compilation of several different stochastic indicators (and RSI) where the K value of each indicator is equally weighted. The purpose of the indicator is to combine many indicators together in a fashion that weights them easier. By default, the Stochastic and Stochastic RSI are both…;;;16/07/2025;529;6;editors_pick_indicators;1;14427;Oscillators | Relative Strength Index (RSI) | Stochastic Oscillator | weighted;200;0
1;Volume Delta Footprint Map (Zeiierman);https://www.tradingview.com/script/7vcb6M4J-Volume-Delta-Footprint-Map-Zeiierman/;█ Overview Volume Delta Footprint Map (Zeiierman) is a lower-timeframe volume delta mapping indicator that visualizes where buying and selling pressure develops across both price and time. The indicator uses lower-timeframe data to estimate the buying and selling activity occurring inside each chart…;;;26/08/2026;1224;5;editors_pick_indicators;0;18353;deltamap | footprint | footprintchart | Negative Volume Index (NVI) | orderflow | Positive Volume Index (PVI) | volumedelta | volumedeltafootprint | volumedeltamap | volumefootprint;200;1
136;Advanced Fed Decision Forecast Model (AFDFM);https://www.tradingview.com/script/Mb0faMoT-Advanced-Fed-Decision-Forecast-Model-AFDFM/;The Advanced Fed Decision Forecast Model (AFDFM) represents a novel quantitative framework for predicting Federal Reserve monetary policy decisions through multi-factor fundamental analysis. This model synthesizes established monetary policy rules with real-time economic indicators to generate proba…;;;18/06/2025;551;5;editors_pick_indicators;1;25175;Fundamental Analysis;200;1
137;Timeframe Loop;https://www.tradingview.com/script/bIaZM7ps-Timeframe-Loop/;The Timeframe Loop publication aims to visualize intrabar price progression in a new, different way. 🔶 CONCEPTS and USAGE I got inspiration from the Pressure/Volume loop, which is used in Mechanical Ventilation with Critical Care patients to visualize pressure/volume evolution during inhalation/exha…;;;18/06/2025;299;5;editors_pick_indicators;1;20705;educational | intrabar | LTF | Trend Analysis | Volatility;200;0
149;EMD Trend [InvestorUnknown];https://www.tradingview.com/script/bwbICwa6-EMD-Trend-InvestorUnknown/;EMD Trend is a dynamic trend-following indicator that utilizes Exponential Moving Deviation (EMD) to build adaptive channels around a selected moving average. Designed for traders who value responsive trend signals with built-in volatility sensitivity, this tool highlights directional bias, market r…;;;25/05/2025;2652;5;editors_pick_indicators;1;55576;educational | Trend Analysis | Volatility;200;1
461;[UTILS] Session Input Parser;https://www.tradingview.com/script/t1RSjDSb-UTILS-Session-Input-Parser/;An utility function to parse session inputs. Extracts hours, minutes and weekdays (if defined) and returns a tuple as the result. _parseSession(sessionString) => (hourStart, minuteStart, hourEnd, minuteEnd, weekdaysArray) Examples presented on the chart.;;;09/05/2021;226;5;editors_pick_indicators;1;16671;Breadth Indicators | function | parser | session | sessiondivider | UTIL | utility;200;0
495;MTF seconds values - JD;https://www.tradingview.com/script/tbfrhEWY-MTF-seconds-values-JD/;"Add MTF capabilities to ""seconds"" timeframes!! This script is not intended to be used as an indicator but gives you a workaround to solve the missing seconds MTF capabilities. The ""resolution"" function in Pinescript doesn't allow for seconds values to be put in MTF So I wrote a little helper code wi…";;;09/02/2021;575;5;editors_pick_indicators;1;17517;Volatility;200;0
511;Let it snow... [QuantNomad];https://www.tradingview.com/script/KHlwgfVo-Let-it-snow-QuantNomad/;It's almost the end of 2020. If you don't have any snow outside but still you want some Christmas mood - feel free to use my indicator. TradingView added a possibility to use up to 500 labels, so I decided to create something fun and completely useless. Snowflakes suppose to fall nicely, but labels…;;;20/12/2020;154;5;editors_pick_indicators;1;10731;Centered Oscillators | christmas | christmass | newyear | newyear2021 | newyearseve | SNOW | snowflake;200;1
517;Time of day / day of week Sigma Spike;https://www.tradingview.com/script/bbEeQrdm-Time-of-day-day-of-week-Sigma-Spike/;This is a follow on from this script Allows a further breakdown and examination of Sigma spikes by hour of the day or hour of the day & day of the week. For simplicity it MUST be used on H1 chart.;;;06/12/2020;356;5;editors_pick_indicators;1;13256;experimental | Volatility;200;0
595;Vortex MTF;https://www.tradingview.com/script/lMirygPG-Vortex-MTF/;Understanding Vortex Indicator (VI) The vortex indicator was first developed by Etienne Botes and Douglas Siepman who introduced the concept in the January 2010 edition of “Technical Analysis of Stocks & Commodities.” The vortex indicator is based on two trendlines: VI+ and VI-. What is the Vortex I…;;;07/05/2020;652;5;editors_pick_indicators;1;23282;douglassiepman | etiennebotes | mtf | trend | Trend Analysis | Vortex Indicator (VI) | vortexmtf;200;0
644;Time Series Lag Reduction Filter by Cryptorhythms;https://www.tradingview.com/script/juMBqtQk-Time-Series-Lag-Reduction-Filter-by-Cryptorhythms/;"Time Series Lag Reduction Filter by Cryptorhythms Description A little filter to reduce lag on any time series data. Here we use an EMA to demonstrate how it works, but you could use it in many different ways/appications. This method can cause overshoot if you get too aggressive with the ""lagReduce""…";;;30/12/2019;417;5;editors_pick_indicators;1;15538;cryptorhythms | Exponential Moving Average (EMA) | filter | filteredoutput | filtering | lag | lagless | Moving Averages | reduction | Volatility | zerolag;200;0
646;BERLIN Range Index | Bar color version;https://www.tradingview.com/script/bBidYX3r-BERLIN-Range-Index-Bar-color-version/;The original problem: The choppiness index is great at finding ranging markets, but it is sometimes very slow, which means most of the time it only catches the end of a trend. This indicator tries to solve this. It uses the choppiness index and filters it using a factor that is based on the standard…;;;25/01/2020;634;5;editors_pick_indicators;1;15069;Average True Range (ATR) | CHOP | Choppiness Index (CHOP) | choppy | Oscillators | range | Volatility;200;0
4;TASC 2026.09 Adaptive SuperSmoother;https://www.tradingview.com/script/FnlMn99W-TASC-2026-09-Adaptive-SuperSmoother/;"█ OVERVIEW This script implements the Adaptive SuperSmoother by John F. Ehlers, as presented in the ""Improved Filter Performance"" article from the September 2026 edition of the TASC Traders' Tips . The script demonstrates a simple technique to adapt the SuperSmoother's critical period to improve the…";;;21/08/2026;138;4;editors_pick_indicators;0;5664;educational | ehlers | Moving Averages | tasc;200;1
26;Carrier Volatility [Pumori];https://www.tradingview.com/script/yHpgAu7A-Carrier-Volatility-Pumori/;Carrier Volatility This is the foundational Pulse component of the ET Massif Framework research suite. Description Pumori is a high-resolution volatility and impulse response tool built around an ultra-short fractional length (0.1 EMA). It is a high-frequency carrier framework that exposes the forma…;;;17/04/2026;227;4;editors_pick_indicators;1;33776;Exponential Moving Average (EMA) | Moving Averages | Volatility;200;0
56;Arbitrage Matrix [LuxAlgo];https://www.tradingview.com/script/Htj7V7sx-Arbitrage-Matrix-LuxAlgo/;The Arbitrage Matrix is a follow-up to our Arbitrage Detector that compares the spreads in price and volume between all the major crypto exchanges and forex brokers for any given asset. It provides traders with a comprehensive view of the entire marketplace, revealing hidden relationships among diff…;;;14/01/2026;1296;4;editors_pick_indicators;1;51642;arbitrage | crypto | luxalgo | matrix | spread | spreadtrading | statistics | Trend Analysis;200;0
71;Smooth Theil-Sen;https://www.tradingview.com/script/ewWysgGk-Smooth-Theil-Sen/;I wanted to build a Theil-Sen estimator that could run on more than one bar and produce smoother output than the standard implementation. Theil-Sen regression is a non-parametric method that calculates the median slope between all pairs of points in your dataset, which makes it extremely robust to o…;;;22/10/2025;795;4;editors_pick_indicators;1;42089;Bands and Channels | linear | linear-regression | median | polynomial | regression | regressions | statistics;200;0
95;Treasury Yields Heatmap [By MUQWISHI];https://www.tradingview.com/script/Y6x4NEm5-Treasury-Yields-Heatmap-By-MUQWISHI/;▋ INTRODUCTION : The “Treasury Yields Heatmap” generates a dynamic heat map table, showing treasury yield bond values corresponding with dates. In the last column, it presents the status of the yield curve, discerning whether it’s in a normal, flat, or inverted configuration, which determined by usi…;;;02/06/2026;458;4;editors_pick_indicators;1;26138;bonds | economy | educational | Fundamental Analysis | heatmap | inflation | recession | statistics | treasuries | yield | yieldcurve | yieldcurvecontrol;200;0
103;Correlation HeatMap [TradingFinder] Sessions Data Science Stats;https://www.tradingview.com/script/QNqBQIEx-Correlation-HeatMap-TradingFinder-Sessions-Data-Science-Stats/;🔵 Introduction n financial markets, correlation describes the statistical relationship between the price movements of two assets and how they interact over time. It plays a key role in both trading and investing by helping analyze asset behavior, manage portfolio risk, and understand intermarket dyn…;;;06/08/2025;585;4;editors_pick_indicators;1;23158;correlation | cryptomarket | DATA | educational | Forex | heatmap | machinelearning | scripts | sentiment | statistics | Stocks | tradingfinder;200;0
133;SIP Evaluator and Screener [Trendoscope®];https://www.tradingview.com/script/Hxxk64fl-SIP-Evaluator-and-Screener-Trendoscope/;The SIP Evaluator and Screener is a Pine Script indicator designed for TradingView to calculate and visualize Systematic Investment Plan (SIP) returns across multiple investment instruments. It is tailored for use in TradingView's screener, enabling users to evaluate SIP performance for various asse…;;;27/06/2025;284;4;editors_pick_indicators;1;18531;hewhomustnotbenamed | Pine utilities | Portfolio management | SIP | statistics | systematic_investing | trendoscope;200;0
146;Risk-Adjusted Momentum Oscillator;https://www.tradingview.com/script/EdEL00bP-Risk-Adjusted-Momentum-Oscillator/;# Risk-Adjusted Momentum Oscillator (RAMO): Momentum Analysis with Integrated Risk Assessment ## 1. Introduction Momentum indicators have been fundamental tools in technical analysis since the pioneering work of Wilder (1978) and continue to play crucial roles in systematic trading strategies (Jegad…;;;04/06/2025;520;4;editors_pick_indicators;1;19540;educational | Momentum Indicator (MOM) | Portfolio management;200;0
164;Nasan Risk Score & Postion Size Estimator;https://www.tradingview.com/script/0S4UsqEb-Nasan-Risk-Score-Postion-Size-Estimator/;** THE RISK SCORE AND POSITION SIZE WILL ONLY BE CALCUTAED ON DIALY TIMEFRAME NOT IN OTHER TIMEFRAMES. The typically accepted generic rule for risk management is not to risk more than 1% - 2 % of the capital in any given trade. It has its own basis however it does not take into account the stocks hi…;;;31/12/2025;289;4;editors_pick_indicators;1;22174;Bands and Channels | Portfolio management | positionsizecalculator | positionsizing | riskmangement | Volatility;200;0
170;The Mayan Calendar;https://www.tradingview.com/script/8moPa8K8-The-Mayan-Calendar/;This indicator displays the current date in the Mayan Calendar, based on real-time UTC time. It calculates and presents: 🌀 Long Count (Baktun.Katun.Tun.Uinal.Kin) – A linear count of days since the Mayan epoch (August 11, 3114 BCE). 🔮 Tzolk'in Date – A 260-day sacred cycle combining a number (1–13)…;;;21/04/2025;178;4;editors_pick_indicators;1;16782;barefootjoey | Cycles | datetime | multitimeframe | Pine utilities;200;0
208;Sharpe and Sortino Ratios;https://www.tradingview.com/script/Mi5DL7bi-Sharpe-and-Sortino-Ratios/;█ OVERVIEW This indicator calculates the Sharpe and Sortino ratios using a chart symbol's periodic price returns, offering insights into the symbol's risk-adjusted performance. It features the option to calculate these ratios by comparing the periodic returns to a fixed annual rate of return or the…;;;09/01/2026;830;4;editors_pick_indicators;1;54140;ratios | risk | riskadjustedreturns | riskmetric | sharpe | sortino | statistics | Volatility;200;0
209;TASC 2024.07 Gaps and Extreme Closes;https://www.tradingview.com/script/jxgPf0jZ-TASC-2024-07-Gaps-and-Extreme-Closes/;"█ OVERVIEW This script, inspired by Perry Kaufman's article ""Trading Opening Gaps and Extreme Closes in Stocks"" from the TASC's July 2024 edition of Traders' Tips , provides analytical insights into stock price behaviors following significant price moves. The information about the frequency, pullbac…";;;15/06/2024;439;4;editors_pick_indicators;1;40302;Chart patterns | statistics | tasc;200;0
348;TASC 2022.07 Pairs Rotation With Ehlers Loops;https://www.tradingview.com/script/AsEv0Vxd-TASC-2022-07-Pairs-Rotation-With-Ehlers-Loops/;"█ OVERVIEW TASC's July 2022 edition of Traders' Tips includes an article by John Ehlers titled ""Pairs Rotation With ​Ehlers Loops"". This is the code that implements the Ehlers Loops applied to pairs rotation trading. █ CONCEPTS John Ehlers developed Ehlers loops as a tool to visualize the performanc…";;;14/06/2022;509;4;editors_pick_indicators;1;27657;ehlers | Oscillators | pairtrading | tasc;200;0
434;Function - Sorted Indices;https://www.tradingview.com/script/hORNVa4e-Function-Sorted-Indices/;function to get sorted indices from a array using bubble sort.;;;31/07/2021;110;4;editors_pick_indicators;1;11000;function | Oscillators | SORT | utility;200;0
450;Nasdaq Day and night breakdown;https://www.tradingview.com/script/GBESfgsQ-Nasdaq-Day-and-night-breakdown/;Orange: the (close - open) of NQ before market open Blue: the (close - open) if NQ after market open White wicks: the vibrating range of that day;;;26/05/2021;241;4;editors_pick_indicators;1;19351;Market Facilitation Index;200;0
502;Linear Correlation Oscillator;https://www.tradingview.com/script/94xv1HSx-Linear-Correlation-Oscillator/;You don't need loops to get the rolling correlation between an input series and a linear sequence of values, this can be obtained from the normalized difference between a WMA and an SMA of the input series. The closed-form solutions for the moving average and standard deviation of a linear sequence…;;;31/01/2021;456;4;editors_pick_indicators;1;16065;correlation | Oscillators | trend;200;0
583;BTC difficulty adjustments;https://www.tradingview.com/script/WP434CPG-BTC-difficulty-adjustments/;Draws background columns indicating BTC difficulty adjustments Green = positive adjustments Red = negative adjustments Use Threshold mode and Threshold to look for adjustments larger or equal to Threshold value Use on DAILY timeframe;;;03/06/2020;251;4;editors_pick_indicators;1;6862;Trend Analysis | Volatility;200;0
622;Linear Continuation;https://www.tradingview.com/script/b4JCGfRD-Linear-Continuation/;Shows a linear continuation 3 moving averages.;;;23/02/2020;260;4;editors_pick_indicators;1;9723;Moving Averages | Trend Analysis;200;0
54;Asset Drift Model;https://www.tradingview.com/script/NBPTOyXr-Asset-Drift-Model/;This Asset Drift Model is a statistical tool designed to detect whether an asset exhibits a systematic directional tendency in its historical returns. Unlike traditional momentum indicators that react to price movements, this indicator performs a formal hypothesis test to determine if the observed d…;;;24/01/2026;284;3;editors_pick_indicators;1;26847;educational | Portfolio management;200;0
108;Trading Holidays and Expiry Calendar;https://www.tradingview.com/script/zR3wnj4k-Trading-Holidays-and-Expiry-Calendar/;Trading Holiday and Expiry Calendar This indicator displays calendar for current and next 2 months. Calendar marks ‘CRITICAL DAYS’ on the calendar. ‘CRITICAL DAYS’: Trading Days Trading Holidays Weekends Expiry Days Out of these ‘Expiry Days’ are marked based on User input and rest of the days are d…;;;07/08/2025;253;3;editors_pick_indicators;1;19958;educational | Pine utilities;200;0
157;Bloomberg Financial Conditions Index (Proxy);https://www.tradingview.com/script/EktpAXcq-Bloomberg-Financial-Conditions-Index-Proxy/;The Bloomberg Financial Conditions Index (BFCI): A Proxy Implementation Financial conditions indices (FCIs) have become essential tools for economists, policymakers, and market participants seeking to quantify and monitor the overall state of financial markets. Among these measures, the Bloomberg Fi…;;;16/05/2025;591;3;editors_pick_indicators;1;21353;educational | Fundamental Analysis;200;0
603;COVID Statistics Tracker & Model Projections by Cryptorhythms;https://www.tradingview.com/script/P2f0pQTD-COVID-Statistics-Tracker-Model-Projections-by-Cryptorhythms/;😷 COVID-19 Coronavirus Tracker & Statistics Tools by Cryptorhythms 😷 📜Intro I wanted to put some more meaning behind the numbers for 2020's Covid pandemic. I hope this tool can help people analyze and deal with these hard times. With these metrics I hope to give greater depth and dimension to whats…;;;13/04/2020;214;3;editors_pick_indicators;1;11306;corona | Coronavirus (COVID-19) | cryptorhythms | datascience | models | projections | statistics | Trend Analysis | virusspread | Volatility | Volume;200;0
614;CME Equity Futures Price Limits;https://www.tradingview.com/script/O0MU1wau-CME-Equity-Futures-Price-Limits/;Breakers for CME's futures contracts. Should work on CST/EST/UTC charts. CME says it uses the last 30 seconds of the session to grab a reference price, so I took the open of the last session's candle because it's easier. Out of session breakers: +/-5% Limit downs: -7%/-13%/-20% There are some minor…;;;18/03/2020;335;3;editors_pick_indicators;1;16261;breakers | CME | cmefutures | limitlevel | neobutane | Support and Resistance | Volatility;200;0
618;Vicious Mortgage Rates V1.0;https://www.tradingview.com/script/6yQQYzp9-Vicious-Mortgage-Rates-V1-0/;A script that contains real time mortgage rates from Wells Fargo using the QUANDL data link. Use this lower indicator with US10Y or others on the top. VIX will be added as well to help inform and predict. List of Available Mortgage Interest Rates including APR or IR (Interest Rate) *NOTE* : Not all…;;;06/03/2020;104;3;editors_pick_indicators;1;5356;HOME | interest | mortgage | Moving Averages | purchase | rates | refinance | Trend Analysis | US10Y | US30Y | Volatility | yield;200;0
636;Price Convergence;https://www.tradingview.com/script/FK25igs7-Price-Convergence/;Compares the probability of price increase to the probability of price decrease to predict the likelihood of price discovery.;;;06/02/2020;377;3;editors_pick_indicators;1;9418;Moving Averages | Oscillators | Trend Analysis;200;0
6;Time-of-Day/Session Performance Stats [QuantAlgo];https://www.tradingview.com/script/Yr3kT0uI-Time-of-Day-Session-Performance-Stats-QuantAlgo/;🟢 Overview The Time-of-Day/Session Performance Stats is a comprehensive time-based analysis tool built for traders who want clear, ranked insight into when markets actually move. It measures average range, volume, bullish bias, and drift across every hour of the day and the four major sessions, then…;;;01/08/2026;428;2;editors_pick_indicators;0;24452;BTCUSD | educational | indicators | multitimeframe | pinescript | Pine utilities | quantalgo | session | statistic | timeofday | XAUUSD;200;1
8;MACD with HTF Panels [theUltimator5];https://www.tradingview.com/script/pUwmpOyc-MACD-with-HTF-Panels-theUltimator5/;This indicator uses the standard MACD signal and displays it on multiple timeframes off to the side of the chart as separate panels. It allows you to view up to 5 (current + 4) separate timeframes at once without changing the chart timeframe. The core of this indicator is a normal MACD. Line, signal…;;;31/07/2026;692;2;editors_pick_indicators;0;22672;Moving Average Convergence / Divergence (MACD) | multitimeframe;200;1
73;TASC 2025.11 The Points and Line Chart;https://www.tradingview.com/script/BDk3oEFQ-TASC-2025-11-The-Points-and-Line-Chart/;"█ OVERVIEW This script implements the Points and Line Chart described by Mohamed Ashraf Mahfouz and Mohamed Meregy in the November 2025 edition of the TASC Traders' Tips , ""Efficient Display of Irregular Time Series”. This novel chart type interprets regular time series chart data to create an irreg…";;;21/10/2025;247;2;editors_pick_indicators;1;30543;charttype | educational | its | tasc;200;0
78;Pong;https://www.tradingview.com/script/SlrgQcx5-Pong/;Experience PONG! The classic arcade game, now on your charts! With this indicator, you can finally achieve your lifelong dream of beating the Markets. . . at PONG! Pong is jam-packed with features! Such as: 2 Paddles A moving dot Floating numbers The idea of a net This indicator is solely a visualiz…;;;25/09/2025;512;2;editors_pick_indicators;1;46241;educational | GAME | Pine utilities | pong | statistics;200;0
114;Synthetic VX3! & VX4! continuous /VX futures;https://www.tradingview.com/script/eoiJUoLN-Synthetic-VX3-VX4-continuous-VX-futures/;TradingView is missing continuous 3rd and 4th month VIX (/VX) futures, so I decided to try to make a synthetic one that emulates what continuous maturity futures would look like. This is useful for backtesting/historical purposes as it enables traders to see how their further out VX contracts would'…;;;25/07/2025;133;2;editors_pick_indicators;1;19720;Historical Volatility | impliedvolatility | statistics | VIX CBOE Volatility Index | vx;200;0
119;Risk Distribution Histogram;https://www.tradingview.com/script/HaXMmjon-Risk-Distribution-Histogram/;Statistical risk visualization and analysis tool for any ticker 📊 The Risk Distribution Histogram visualizes the statistical distribution of different risk metrics for any financial instrument. It converts risk data into histograms with quartile-based color coding, so that traders can understand the…;;;12/07/2025;218;2;editors_pick_indicators;1;17310;ATR | distribution | drawdown | EVAR | histogram | multitimeframe | Portfolio management | probability | risk | statistics | VIX CBOE Volatility Index;200;0
156;Cointegration Heatmap & Spread Table [EdgeTerminal];https://www.tradingview.com/script/Vt3jBShj-Cointegration-Heatmap-Spread-Table-EdgeTerminal/;The Cointegration Heatmap is a powerful visual and quantitative tool designed to uncover deep, statistically meaningful relationships between assets. Unlike traditional indicators that react to price movement, this tool analyzes the underlying statistical relationship between two time series and tra…;;;18/05/2025;270;2;editors_pick_indicators;1;18042;Chart patterns | cointegration | forecasting | heatmap | regressions;200;0
627;SMU STDEV Candles;https://www.tradingview.com/script/ULnIvZeA-SMU-STDEV-Candles/;This script creates a STDEV in a candle format so you can see the Change in a candle format and compare it with the actual price candle. Is very similar to SMU RSI and SMU ROC. The interesting part is to see the full effect of traditional indicators in a candle format rather than a simple plot forma…;;;17/02/2020;207;2;editors_pick_indicators;1;7507;Standard Deviation | Standard Deviation (Volatility);200;0
635;Market EKG;https://www.tradingview.com/script/2VmbQBLn-Market-EKG/;Short Summary This indicator takes the differences in the previous 4 period OHLC inputs, and compares them to the previously closed candle input. The difference is then placed into an oscillator that when all four inputs are scrolled back on, shows an EKG appearing oscillator / volatility measure fo…;;;06/02/2020;129;2;editors_pick_indicators;1;5682;BTCUSD | cryptotrading | Oscillators | pine | pinescript | Volatility;200;0
61;Multi-Ticker Anchored Candles;https://www.tradingview.com/script/ipvS7b7x-Multi-Ticker-Anchored-Candles/;Multi-Ticker Anchored Candles (MTAC) is a simple tool for overlaying up to 3 tickers onto the same chart. This is achieved by interpreting each symbol's OHLC data as percentages, then plotting their candle points relative to the main chart's open. This allows for a simple comparison of tickers to tr…;;;28/11/2025;544;1;editors_pick_indicators;1;43886;anchoring | candles | multisymbol | multiticker | open | overlay | percentage | performance | Portfolio management | scaling | sentiment | statistics;200;0
630;Get a value from N years ago;https://www.tradingview.com/script/GQtQUo9F-Get-a-value-from-N-years-ago/;Script shows how to get a value from a bar from a year (or a few years) ago.;;;14/02/2020;46;1;editors_pick_indicators;1;5799;educational | past | Volatility;200;0
63;Per Bak Self-Organized Criticality;https://www.tradingview.com/script/bZo4yadb-Per-Bak-Self-Organized-Criticality/;TL;;;;;;;;;;;
93;Market Cap Landscape 3D;https://www.tradingview.com/script/WFCBSK6s-Market-Cap-Landscape-3D/;Hello, traders and creators! 👋 Market Cap Landscape 3D. This project is more than just a typical technical analysis tool;;;;;;;;;;;
112;Trend Range Detector (Zeiierman);https://www.tradingview.com/script/WC3DYn1W-Trend-Range-Detector-Zeiierman/;█ Overview Trend Range Detector (Zeiierman) is a market structure tool that identifies and tracks periods of price compression by forming adaptive range boxes based on volatility and price movement. When prices remain stable within a defined band, the script dynamically draws a range box;;;;;;;;;;;
116;Estimated Time At Price [Kioseff Trading];https://www.tradingview.com/script/r7O3zuLh-Estimated-Time-At-Price-Kioseff-Trading/;"Hello! This script uses the same formula as the recently released ""Volume Delta"" script to ascertain lower timeframe values. Instead, this script looks to estimate the approximate time spent at price blocks";;;;;;;;;;;
154;Support Resistance Channels;https://www.tradingview.com/script/Ej53t8Wv-Support-Resistance-Channels/;Hello All, For Long time I was planning to make Support/Resistance Channels script, finally I had time and here it is. How this script works? - it finds and keeps Pivot Points - when it found a new Pivot Point it clears older S/R channels then;;;;;;;;;;;
288;Fundamentals Graphing [Kioseff Trading];https://www.tradingview.com/script/7qjXp2op-Fundamentals-Graphing-Kioseff-Trading/;"Hello! This script ""Fundamental Comparison"" allows you to compare almost any fundamental metric across 40 assets";;;;;;;;;;;
332;(Quartile Vol.;;;;;;;;;;;;;
351;Everything Bitcoin [Kioseff Trading];https://www.tradingview.com/script/7Gx1fMgO-Everything-Bitcoin-Kioseff-Trading/;Hello! This script retrieves most of the available Bitcoin data published by Quandl;;;;;;;;;;;
360;Portfolio Laboratory [Kioseff Trading];https://www.tradingview.com/script/GxQp712Z-Portfolio-Laboratory-Kioseff-Trading/;Hello! This script looks to experiment with historical portfolio performance. However, a hypothetical cash balance is not used;;;;;;;;;;;
365;VIX Cheat Sheet;https://www.tradingview.com/script/68Z68uZZ-VIX-Cheat-Sheet/;"Hello! This indicator - ""VIX Cheat Sheet"" - performs several calculations for $VIX against the asset on your chart. However, using $VIX as a risk proxy or volatility metric often fails beyond large-cap U.S equities. To remedy this, the VixFix indicator is included in the script";;;;;;;;;;;
367;Moving Averages 3D;https://www.tradingview.com/script/EtM15SgP-Moving-Averages-3D/;"Hello All, This is an experimental work to show 10 moving averages in 3D by using linefill.new() feature of the Pine language. You can set moving average type as Simple (SMA) or Exponential (EMA) You can set ""Starting Length"" and set the ""Step"" to calculate other lengths. For example";;;;;;;;;;;
525;RK's Framework 01 - Auto Color Gradient;https://www.tradingview.com/script/00KSO8C2-RK-s-Framework-01-Auto-Color-Gradient/;"This started as a personal arrays study, but after a few tests I decided to made a framework to get my own scripts simplest, lighter and faster. And now I'm sharing with you guys. Is very simple to use: Copy evething inside ""RK's Auto Color Gradient Framework"" block";;;;;;;;;;;
566;Spread by;https://www.tradingview.com/script/tEDVnpgS-Spread-by/;//Every spread & central tendency measure in 1 script with comfortable visualization, including scrips's status line. Spread measures: - Standard deviation (for most cases);;;;;;;;;;;
589;Mawreez' RSI Divergence Detector;https://www.tradingview.com/script/ZVCT18Wt-Mawreez-RSI-Divergence-Detector/;The idea behind this indicator is to have an expression for the amount of divergence on a given chart at every point in time . To achieve this, it adds up the magnitudes any valid divergence of any kind;;;;;;;;;;;
