period,strategy,entry,exit,net_pct,pnl,forced
development,A_COG9_virada,2019-01-07,2019-01-10,-0.8386044673466486,-83.86044673466495,False
development,A_COG9_virada,2019-01-16,2019-01-21,-0.6867848329108917,-68.10254246210388,False
development,A_COG9_virada,2019-01-24,2019-01-25,0.15223395525041372,14.99205625607101,False
development,A_COG9_virada,2019-01-27,2019-01-29,-3.9798568031585546,-392.5344333228659,False
development,A_COG9_virada,2019-02-02,2019-02-07,-1.8891367183526464,-178.91059153553215,False
development,A_COG9_virada,2019-02-09,2019-02-13,-1.0829313870555524,-100.62147994763836,False
development,A_COG9_virada,2019-02-18,2019-02-25,1.7647995372698677,162.2020647692916,False
development,A_COG9_virada,2019-03-02,2019-03-06,0.6241112538253102,58.374153026055865,False
development,A_COG9_virada,2019-03-07,2019-03-12,-0.0473202890131863,-4.453567351307356,False
development,A_COG9_virada,2019-03-16,2019-03-22,1.1330307098176062,106.585164358572,False
development,A_COG9_virada,2019-03-28,2019-04-07,24.44279963095177,2325.407387812982,False
development,A_COG9_virada,2019-04-17,2019-04-22,1.313201969001665,155.4710023198968,False
development,A_COG9_virada,2019-04-24,2019-04-25,-1.677876144327739,-201.25367238441686,False
development,A_COG9_virada,2019-05-02,2019-05-09,10.876930443241385,1282.7485044280656,False
development,A_COG9_virada,2019-05-10,2019-05-17,26.331119348481536,3443.068646173364,False
development,A_COG9_virada,2019-05-24,2019-05-28,11.163787888444855,1844.1586521312202,False
development,A_COG9_virada,2019-05-29,2019-05-31,-5.4438594790256705,-999.6706634147304,False
development,A_COG9_virada,2019-06-08,2019-06-09,-1.3449200577184461,-233.5265422907578,False
development,A_COG9_virada,2019-06-10,2019-06-19,18.711003604732813,3205.208705971978,False
development,A_COG9_virada,2019-06-22,2019-06-28,11.183135777383836,2274.1222412607967,False
development,A_COG9_virada,2019-07-06,2019-07-07,2.188237628696821,494.7474999363294,False
development,A_COG9_virada,2019-07-08,2019-07-11,5.800526510847237,1340.1624699292079,False
development,A_COG9_virada,2019-07-13,2019-07-14,-3.7037353687921826,-905.352725829769,False
development,A_COG9_virada,2019-07-19,2019-07-24,-7.464831012975615,-1757.1437267821602,False
development,A_COG9_virada,2019-07-25,2019-07-26,0.9130830762889453,198.8860952933719,False
development,A_COG9_virada,2019-07-30,2019-08-08,25.5555873178928,5617.298068108288,False
development,A_COG9_virada,2019-08-18,2019-08-24,1.3801048027852536,380.88135548723585,False
development,A_COG9_virada,2019-08-29,2019-08-30,-2.576322893501526,-720.8263854705147,False
development,A_COG9_virada,2019-09-02,2019-09-07,5.5974197264881065,1525.7478757931276,False
development,A_COG9_virada,2019-09-13,2019-09-16,-1.3685414071938684,-393.9182922562759,False
development,A_COG9_virada,2019-09-17,2019-09-19,-1.2068044525106125,-342.6104188493846,False
development,A_COG9_virada,2019-09-29,2019-10-06,-1.1729683317981854,-328.9856707422805,False
development,A_COG9_virada,2019-10-08,2019-10-09,-0.543360207100474,-150.6101622069218,False
development,A_COG9_virada,2019-10-10,2019-10-14,-3.640423692579642,-1003.5803768388469,False
development,A_COG9_virada,2019-10-19,2019-10-24,-6.301733787955643,-1673.9988805826142,False
development,A_COG9_virada,2019-10-26,2019-11-01,5.286562339838419,1315.8307250596408,False
development,A_COG9_virada,2019-11-05,2019-11-09,-6.866634697245056,-1799.465625567489,False
development,A_COG9_virada,2019-11-14,2019-11-18,-3.4194136898653915,-834.5580554668704,False
development,A_COG9_virada,2019-11-20,2019-11-21,-0.7318728208409064,-172.51639099223758,False
development,A_COG9_virada,2019-11-26,2019-12-02,3.647947633289239,853.5975672913664,False
development,A_COG9_virada,2019-12-07,2019-12-11,-4.321182683054515,-1048.015986043134,False
development,A_COG9_virada,2019-12-16,2019-12-17,-3.4946254700762514,-810.9269176918606,False
development,A_COG9_virada,2019-12-19,2019-12-26,-1.297126423892514,-290.4790968734378,False
development,A_COG9_virada,2019-12-28,2019-12-29,0.5331222053252871,117.83902695815414,False
development,A_COG9_virada,2019-12-30,2019-12-31,-2.2215198876790354,-493.6529671793287,False
development,A_COG9_virada,2020-01-01,2020-01-03,-3.4830689767351264,-756.7926464998527,False
development,A_COG9_virada,2020-01-04,2020-01-10,6.117384712583962,1282.874362115359,False
development,A_COG9_virada,2020-01-11,2020-01-12,-2.4744171019993932,-550.6527079779262,False
development,A_COG9_virada,2020-01-15,2020-01-19,0.8366171258074484,181.57254290508718,False
development,A_COG9_virada,2020-01-27,2020-02-02,8.61243728917669,1884.8108169808875,False
development,A_COG9_virada,2020-02-07,2020-02-11,0.5140098897907563,122.17792005724914,False
development,A_COG9_virada,2020-02-12,2020-02-13,0.697641067011201,166.6786172887114,False
development,A_COG9_virada,2020-02-19,2020-02-20,-5.8916261713670925,-1417.4323192806405,False
development,A_COG9_virada,2020-02-22,2020-02-25,-0.5213693763816973,-118.04318956429051,False
development,A_COG9_virada,2020-03-03,2020-03-09,-10.10515080756309,-2275.9777646563634,False
development,A_COG9_virada,2020-03-17,2020-03-22,22.662127797950827,4588.394052293323,False
development,A_COG9_virada,2020-03-23,2020-03-26,14.466308635326763,3592.7603096188723,False
development,A_COG9_virada,2020-04-02,2020-04-08,8.014022714874013,2278.2362856678847,False
development,A_COG9_virada,2020-04-09,2020-04-10,-1.338782776155456,-411.091457826682,False
development,A_COG9_virada,2020-04-17,2020-04-21,-4.1321693724797655,-1251.851804807593,False
development,A_COG9_virada,2020-04-23,2020-04-25,5.016037932233064,1456.828796475169,False
development,A_COG9_virada,2020-04-26,2020-05-01,13.995815534652944,4268.7580916853,False
development,A_COG9_virada,2020-05-02,2020-05-04,0.47404348598354407,164.82019646078697,False
development,A_COG9_virada,2020-05-09,2020-05-10,-2.954018852435869,-1031.95173928875,False
development,A_COG9_virada,2020-05-15,2020-05-16,-5.146216961127825,-1744.6638872711592,False
development,A_COG9_virada,2020-05-17,2020-05-20,3.891332754865484,1251.3439725430108,False
development,A_COG9_virada,2020-05-24,2020-05-25,-5.305422339983357,-1772.4647860725745,False
development,A_COG9_virada,2020-05-28,2020-06-03,3.1012226866983017,981.105516667536,False
development,A_COG9_virada,2020-06-09,2020-06-10,-0.39698844699624924,-129.48648723410224,False
development,A_COG9_virada,2020-06-11,2020-06-12,-6.414980623381494,-2084.08006629609,False
development,A_COG9_virada,2020-06-17,2020-06-21,-2.057892465319966,-625.6739341435641,False
development,A_COG9_virada,2020-06-23,2020-06-25,-4.286872800850783,-1276.5429392302976,False
development,A_COG9_virada,2020-07-02,2020-07-06,-2.0553258699568366,-585.7968405804204,False
development,A_COG9_virada,2020-07-07,2020-07-10,-1.4739761148336195,-411.46946134921745,False
development,A_COG9_virada,2020-07-11,2020-07-12,-0.88261809049065,-242.7565425664361,False
development,A_COG9_virada,2020-07-18,2020-07-19,-0.12540208335544145,-34.18634668485538,False
development,A_COG9_virada,2020-07-20,2020-07-21,-0.8214926743611461,-223.66945510109144,False
development,A_COG9_virada,2020-07-22,2020-08-03,17.55266950479499,4739.840506800218,False
development,A_COG9_virada,2020-08-06,2020-08-08,-1.5775428123732782,-500.76527163309584,False
development,A_COG9_virada,2020-08-11,2020-08-12,-4.497936435826699,-1405.2725580130318,False
development,A_COG9_virada,2020-08-15,2020-08-21,0.4887751086338987,145.83745886164616,False
development,A_COG9_virada,2020-08-27,2020-09-04,-11.809176489701635,-3540.7655668875086,False
development,A_COG9_virada,2020-09-09,2020-09-19,7.643081989620315,2021.0147184062916,False
development,A_COG9_virada,2020-09-20,2020-09-21,-1.7424243756812396,-495.95356884951616,False
development,A_COG9_virada,2020-09-25,2020-10-01,0.07431451922552679,20.783888244186528,False
development,A_COG9_virada,2020-10-06,2020-10-07,-2.0783651434876704,-581.6980396463186,False
development,A_COG9_virada,2020-10-08,2020-10-15,6.7247396830202755,1843.0192992851444,False
development,A_COG9_virada,2020-10-20,2020-10-26,10.544644031989714,3084.2632076249356,False
development,A_COG9_virada,2020-11-01,2020-11-02,-0.5128898270316373,-165.83694949160054,False
development,A_COG9_virada,2020-11-04,2020-11-05,0.5570032845932937,179.17680473814835,False
development,A_COG9_virada,2020-11-06,2020-11-08,-5.234812511617792,-1693.3139471629293,False
development,A_COG9_virada,2020-11-09,2020-11-10,-1.244621071700991,-381.5244099373449,False
development,A_COG9_virada,2020-11-15,2020-11-17,3.6930435943216766,1117.970577325188,False
development,A_COG9_virada,2020-11-18,2020-11-20,0.510219286611524,160.15939991779305,False
development,A_COG9_virada,2020-11-21,2020-11-23,-1.5916826402685769,-502.18329498041567,False
development,A_COG9_virada,2020-11-30,2020-12-06,4.978295603062288,1545.6753075386441,False
development,A_COG9_virada,2020-12-10,2020-12-11,-1.8400144023981824,-599.7335272159471,False
development,A_COG9_virada,2020-12-13,2020-12-21,24.332310074982576,7784.933980237725,False
development,A_COG9_virada,2020-12-27,2021-01-02,10.381592000111572,4129.709963855166,False
development,A_COG9_virada,2021-01-03,2021-01-05,-0.8780505982866393,-385.54208455737535,False
development,A_COG9_virada,2021-01-06,2021-01-10,17.72809657983425,7715.857381909904,False
development,A_COG9_virada,2021-01-18,2021-01-21,-1.292408796253608,-662.2197214579137,False
development,A_COG9_virada,2021-01-24,2021-01-25,0.26440738231763294,133.72922736872715,False
development,A_COG9_virada,2021-01-26,2021-02-06,18.35555034516194,9308.22688130854,False
development,A_COG9_virada,2021-02-07,2021-02-11,14.017884153858784,8413.38273367579,False
development,A_COG9_virada,2021-02-12,2021-02-13,-1.6931720150392793,-1158.6766061003582,False
development,A_COG9_virada,2021-02-18,2021-02-23,3.469034628697032,2333.745400619606,False
development,A_COG9_virada,2021-03-02,2021-03-15,18.557345940192672,12917.280810719196,False
development,A_COG9_virada,2021-03-27,2021-04-03,6.81107616970289,5620.816957611096,False
development,A_COG9_virada,2021-04-09,2021-04-17,5.292170125816531,4664.808215146884,False
development,A_COG9_virada,2021-04-25,2021-05-03,12.709618618134332,11795.83236246118,False
development,A_COG9_virada,2021-05-10,2021-05-11,-4.450293073715894,-4655.278480723573,False
development,A_COG9_virada,2021-05-19,2021-05-20,-14.675452048120318,-14668.236393221712,False
development,A_COG9_virada,2021-05-21,2021-05-22,-8.324812212975342,-7099.615918371594,False
development,A_COG9_virada,2021-05-23,2021-05-29,-5.081742793030353,-3973.0579257762,False
development,A_COG9_virada,2021-05-30,2021-05-31,2.6855724233295186,1992.9611889913795,False
development,A_COG9_virada,2021-06-01,2021-06-02,-1.7954928393766334,-1368.217303291458,False
development,A_COG9_virada,2021-06-03,2021-06-07,-5.003098559406938,-3744.05206922628,False
development,A_COG9_virada,2021-06-10,2021-06-17,2.262956511591141,1608.7496647028165,False
development,A_COG9_virada,2021-06-24,2021-07-01,3.756346954291545,2730.8403096684924,False
development,A_COG9_virada,2021-07-04,2021-07-05,1.4805803226239034,1116.804748238923,False
development,A_COG9_virada,2021-07-09,2021-07-11,1.6024047149379772,1226.5928670439316,False
development,A_COG9_virada,2021-07-12,2021-07-13,-3.710476522292949,-2885.771204668432,False
development,A_COG9_virada,2021-07-14,2021-07-15,-0.022617843279604255,-16.938011972641107,False
development,A_COG9_virada,2021-07-19,2021-07-20,-3.2452699395562834,-2429.7625436673698,False
development,A_COG9_virada,2021-07-22,2021-07-30,24.122639739989115,17474.712623710177,False
development,A_COG9_virada,2021-07-31,2021-08-01,-2.0582661503343314,-1850.7073363198288,False
development,A_COG9_virada,2021-08-06,2021-08-12,11.041632053669993,9723.828119138474,False
development,A_COG9_virada,2021-08-20,2021-08-22,4.095355727545713,4004.8058815596887,False
development,A_COG9_virada,2021-08-23,2021-08-25,-3.468815749462706,-3531.038273748607,False
development,A_COG9_virada,2021-08-30,2021-08-31,-3.948642432317395,-3880.043860923106,False
development,A_COG9_virada,2021-09-02,2021-09-05,1.9616711083151106,1851.477889708025,False
development,A_COG9_virada,2021-09-06,2021-09-08,-9.716012861138479,-9350.123775965709,False
development,A_COG9_virada,2021-09-15,2021-09-20,-0.006460230644667053,-5.612909408446285,False
development,A_COG9_virada,2021-09-24,2021-09-30,-7.7239188863814645,-6710.419275353488,False
development,A_COG9_virada,2021-10-02,2021-10-08,11.38829206130152,9129.766924445168,False
development,A_COG9_virada,2021-10-16,2021-10-22,0.5422683267496176,484.2335515110317,False
development,A_COG9_virada,2021-10-29,2021-11-01,0.8919157717689918,800.779896445616,False
development,A_COG9_virada,2021-11-02,2021-11-05,0.49248943994031347,446.1106685939594,False
development,A_COG9_virada,2021-11-08,2021-11-11,2.2355053619371956,2034.9559255847125,False
development,A_COG9_virada,2021-11-12,2021-11-13,-1.3031544822004415,-1212.7658011592139,False
development,A_COG9_virada,2021-11-21,2021-11-23,-6.083268526045337,-5587.548416019432,False
development,A_COG9_virada,2021-11-24,2021-11-27,-6.914116523259972,-5964.361744950002,False
development,A_COG9_virada,2021-11-29,2021-12-02,-0.4576442959547289,-367.4846137657005,False
development,A_COG9_virada,2021-12-03,2021-12-04,-5.388708830637401,-4307.286290044562,False
development,A_COG9_virada,2021-12-09,2021-12-10,-6.097902801255028,-4611.502918034355,False
development,A_COG9_virada,2021-12-11,2021-12-14,-1.2254387250368204,-870.2196435052319,False
development,A_COG9_virada,2021-12-16,2021-12-19,-4.442451364032451,-3116.054703638103,False
development,A_COG9_virada,2021-12-21,2021-12-27,7.906378195412689,5299.3789488757175,False
development,A_COG9_virada,2022-01-02,2022-01-07,-9.994022378509426,-7228.2776328842665,False
development,A_COG9_virada,2022-01-11,2022-01-17,2.6783401757565217,1743.5387216392191,False
development,A_COG9_virada,2022-01-25,2022-02-01,4.613491529097002,3083.7163833140803,False
development,A_COG9_virada,2022-02-05,2022-02-11,4.314110600060905,3016.64130007771,False
development,A_COG9_virada,2022-02-16,2022-02-18,-9.317586841972613,-6796.399612253794,False
development,A_COG9_virada,2022-02-25,2022-03-04,10.431219538123138,6899.754076014404,False
development,A_COG9_virada,2022-03-10,2022-03-14,-10.198709891445013,-7449.645938650006,False
development,A_COG9_virada,2022-03-15,2022-03-16,-1.2822962586371722,-841.1265570297837,False
development,A_COG9_virada,2022-03-17,2022-03-21,0.05958813405191332,38.58582594784821,False
development,A_COG9_virada,2022-03-24,2022-03-25,2.278125953349086,1476.0615162985996,False
development,A_COG9_virada,2022-03-26,2022-03-31,5.898558168097057,3908.9071460508567,False
development,A_COG9_virada,2022-04-14,2022-04-21,0.2102695773753771,147.56249052584462,False
development,A_COG9_virada,2022-04-26,2022-04-27,-6.00505087308737,-4223.071711002107,False
development,A_COG9_virada,2022-04-29,2022-05-01,-5.5960443797514525,-3699.111586707564,False
development,A_COG9_virada,2022-05-02,2022-05-04,-2.2158926078554964,-1382.7866660759464,False
development,A_COG9_virada,2022-05-05,2022-05-06,-8.17970437893173,-4991.284881895968,False
development,A_COG9_virada,2022-05-14,2022-05-19,-2.245828666776517,-1258.316982117256,False
development,A_COG9_virada,2022-05-20,2022-05-21,-3.976625461560701,-2178.027827444501,False
development,A_COG9_virada,2022-05-25,2022-05-28,-3.74488793574812,-1969.53873134053,False
development,A_COG9_virada,2022-05-29,2022-05-30,1.2004207448926385,607.6912674342748,False
development,A_COG9_virada,2022-05-31,2022-06-02,-6.358035454485855,-3257.2775572773244,False
development,A_COG9_virada,2022-06-03,2022-06-04,-2.762937648509045,-1325.4807420229627,False
development,A_COG9_virada,2022-06-09,2022-06-11,-3.9730310565550098,-1853.3443894834782,False
development,A_COG9_virada,2022-06-19,2022-06-28,9.011988914338076,4036.90042676733,False
development,A_COG9_virada,2022-07-05,2022-07-11,2.7766885249302486,1355.9036111619353,False
development,A_COG9_virada,2022-07-17,2022-07-22,8.9039114665864,4468.657871092153,False
development,A_COG9_virada,2022-07-28,2022-08-03,-0.1622114027284849,-88.65865342075995,False
development,A_COG9_virada,2022-08-07,2022-08-14,6.167193944058469,3365.2885660705288,False
development,A_COG9_virada,2022-08-15,2022-08-16,-1.1700388340150303,-677.8370744697095,False
development,A_COG9_virada,2022-08-23,2022-08-29,-8.895571237258793,-5093.162224158412,False
development,A_COG9_virada,2022-09-01,2022-09-06,-1.5582113839700984,-812.7922044443403,False
development,A_COG9_virada,2022-09-10,2022-09-14,-5.844267497867595,-3000.9774941128708,False
development,A_COG9_virada,2022-09-20,2022-09-25,-3.4381443463595396,-1662.2774947659636,False
development,A_COG9_virada,2022-09-26,2022-10-01,2.952286686512018,1378.2993463914027,False
development,A_COG9_virada,2022-10-02,2022-10-03,-1.613420238237906,-775.4762824455393,False
development,A_COG9_virada,2022-10-04,2022-10-07,1.384668453550919,654.7909686021812,False
development,A_COG9_virada,2022-10-14,2022-10-20,-1.5974444316726566,-765.8697703550934,False
development,A_COG9_virada,2022-10-23,2022-10-25,0.35619675298528275,168.04496386840765,False
development,A_COG9_virada,2022-10-26,2022-10-31,2.4237748885804766,1147.5510677578131,False
development,A_COG9_virada,2022-11-05,2022-11-09,-12.571531297621885,-6096.3332410311705,False
development,A_COG9_virada,2022-11-15,2022-11-19,0.1906804596700118,80.8424710420586,False
development,A_COG9_virada,2022-11-20,2022-11-21,-2.813929444621688,-1195.2917435678755,False
development,A_COG9_virada,2022-11-24,2022-12-06,1.8816786988923306,776.801771576087,False
development,A_COG9_virada,2022-12-10,2022-12-13,0.1682601117589666,70.76882810657844,False
development,A_COG9_virada,2022-12-14,2022-12-16,-2.648839213403398,-1115.9546812398403,False
development,A_COG9_virada,2022-12-23,2022-12-26,-0.23903779568047456,-98.0389543961137,False
development,A_COG9_virada,2022-12-27,2022-12-28,-1.5566348155991783,-636.9120483789739,False
development,B_COG9_ALMA3,2019-01-07,2019-01-10,-0.8386044673466486,-83.86044673466495,False
development,B_COG9_ALMA3,2019-01-16,2019-01-21,-0.6867848329108917,-68.10254246210388,False
development,B_COG9_ALMA3,2019-01-24,2019-01-25,0.15223395525041372,14.99205625607101,False
development,B_COG9_ALMA3,2019-01-27,2019-01-29,-3.9798568031585546,-392.5344333228659,False
development,B_COG9_ALMA3,2019-02-02,2019-02-07,-1.8891367183526464,-178.91059153553215,False
development,B_COG9_ALMA3,2019-02-09,2019-02-13,-1.0829313870555524,-100.62147994763836,False
development,B_COG9_ALMA3,2019-02-18,2019-02-25,1.7647995372698677,162.2020647692916,False
development,B_COG9_ALMA3,2019-03-02,2019-03-06,0.6241112538253102,58.374153026055865,False
development,B_COG9_ALMA3,2019-03-07,2019-03-12,-0.0473202890131863,-4.453567351307356,False
development,B_COG9_ALMA3,2019-03-16,2019-03-22,1.1330307098176062,106.585164358572,False
development,B_COG9_ALMA3,2019-03-28,2019-04-07,24.44279963095177,2325.407387812982,False
development,B_COG9_ALMA3,2019-04-17,2019-04-22,1.313201969001665,155.4710023198968,False
development,B_COG9_ALMA3,2019-04-24,2019-04-25,-1.677876144327739,-201.25367238441686,False
development,B_COG9_ALMA3,2019-05-02,2019-05-09,10.876930443241385,1282.7485044280656,False
development,B_COG9_ALMA3,2019-05-10,2019-05-17,26.331119348481536,3443.068646173364,False
development,B_COG9_ALMA3,2019-05-24,2019-05-28,11.163787888444855,1844.1586521312202,False
development,B_COG9_ALMA3,2019-05-29,2019-05-31,-5.4438594790256705,-999.6706634147304,False
development,B_COG9_ALMA3,2019-06-08,2019-06-09,-1.3449200577184461,-233.5265422907578,False
development,B_COG9_ALMA3,2019-06-10,2019-06-19,18.711003604732813,3205.208705971978,False
development,B_COG9_ALMA3,2019-06-22,2019-06-28,11.183135777383836,2274.1222412607967,False
development,B_COG9_ALMA3,2019-07-06,2019-07-07,2.188237628696821,494.7474999363294,False
development,B_COG9_ALMA3,2019-07-08,2019-07-11,5.800526510847237,1340.1624699292079,False
development,B_COG9_ALMA3,2019-07-13,2019-07-14,-3.7037353687921826,-905.352725829769,False
development,B_COG9_ALMA3,2019-07-19,2019-07-24,-7.464831012975615,-1757.1437267821602,False
development,B_COG9_ALMA3,2019-07-25,2019-07-26,0.9130830762889453,198.8860952933719,False
development,B_COG9_ALMA3,2019-07-30,2019-08-08,25.5555873178928,5617.298068108288,False
development,B_COG9_ALMA3,2019-08-18,2019-08-24,1.3801048027852536,380.88135548723585,False
development,B_COG9_ALMA3,2019-08-29,2019-08-30,-2.576322893501526,-720.8263854705147,False
development,B_COG9_ALMA3,2019-09-02,2019-09-07,5.5974197264881065,1525.7478757931276,False
development,B_COG9_ALMA3,2019-09-13,2019-09-16,-1.3685414071938684,-393.9182922562759,False
development,B_COG9_ALMA3,2019-09-17,2019-09-19,-1.2068044525106125,-342.6104188493846,False
development,B_COG9_ALMA3,2019-09-29,2019-10-06,-1.1729683317981854,-328.9856707422805,False
development,B_COG9_ALMA3,2019-10-08,2019-10-09,-0.543360207100474,-150.6101622069218,False
development,B_COG9_ALMA3,2019-10-10,2019-10-14,-3.640423692579642,-1003.5803768388469,False
development,B_COG9_ALMA3,2019-10-19,2019-10-24,-6.301733787955643,-1673.9988805826142,False
development,B_COG9_ALMA3,2019-10-26,2019-11-01,5.286562339838419,1315.8307250596408,False
development,B_COG9_ALMA3,2019-11-05,2019-11-09,-6.866634697245056,-1799.465625567489,False
development,B_COG9_ALMA3,2019-11-14,2019-11-18,-3.4194136898653915,-834.5580554668704,False
development,B_COG9_ALMA3,2019-11-26,2019-12-02,3.6479476332892613,859.8908748936046,False
development,B_COG9_ALMA3,2019-12-07,2019-12-11,-4.321182683054503,-1055.7426797744192,False
development,B_COG9_ALMA3,2019-12-16,2019-12-17,-3.4946254700762625,-816.905627954784,False
development,B_COG9_ALMA3,2019-12-19,2019-12-26,-1.2971264238925029,-292.6207083056761,False
development,B_COG9_ALMA3,2019-12-28,2019-12-29,0.5331222053252871,118.70781720851664,False
development,B_COG9_ALMA3,2019-12-30,2019-12-31,-2.2215198876790465,-497.2925159435981,False
development,B_COG9_ALMA3,2020-01-01,2020-01-03,-3.4830689767351375,-762.3722417307181,False
development,B_COG9_ALMA3,2020-01-04,2020-01-10,6.11738471258394,1292.332593119263,False
development,B_COG9_ALMA3,2020-01-11,2020-01-12,-2.474417101999382,-554.7124979844812,False
development,B_COG9_ALMA3,2020-01-15,2020-01-19,0.8366171258074262,182.91122041355993,False
development,B_COG9_ALMA3,2020-01-27,2020-02-02,8.612437289176711,1898.7069370002137,False
development,B_COG9_ALMA3,2020-02-07,2020-02-11,0.5140098897907563,123.07869960792596,False
development,B_COG9_ALMA3,2020-02-12,2020-02-13,0.697641067011201,167.9074865469047,False
development,B_COG9_ALMA3,2020-02-19,2020-02-20,-5.891626171367104,-1427.8826039726337,False
development,B_COG9_ALMA3,2020-02-22,2020-02-26,-4.014421529619582,-915.6058566886641,False
development,B_COG9_ALMA3,2020-03-03,2020-03-09,-10.10515080756309,-2212.2508704792417,False
development,B_COG9_ALMA3,2020-03-17,2020-03-22,22.662127797950827,4459.919993032214,False
development,B_COG9_ALMA3,2020-03-23,2020-03-26,14.466308635326763,3492.163783760716,False
development,B_COG9_ALMA3,2020-04-02,2020-04-08,8.014022714873992,2214.4461533819667,False
development,B_COG9_ALMA3,2020-04-09,2020-04-10,-1.3387827761554671,-399.5809842900526,False
development,B_COG9_ALMA3,2020-04-17,2020-04-21,-4.132169372479755,-1216.8002200648662,False
development,B_COG9_ALMA3,2020-04-23,2020-04-25,5.016037932233064,1416.0378994862585,False
development,B_COG9_ALMA3,2020-04-26,2020-05-01,13.995815534652966,4149.2337714564455,False
development,B_COG9_ALMA3,2020-05-02,2020-05-04,0.47404348598354407,160.20526595434058,False
development,B_COG9_ALMA3,2020-05-09,2020-05-10,-2.954018852435869,-1003.0573096915978,False
development,B_COG9_ALMA3,2020-05-15,2020-05-16,-5.146216961127815,-1695.8136688528066,False
development,B_COG9_ALMA3,2020-05-17,2020-05-20,3.8913327548655063,1216.3066069958768,False
development,B_COG9_ALMA3,2020-05-24,2020-05-25,-5.305422339983357,-1722.836148390441,False
development,B_COG9_ALMA3,2020-05-28,2020-06-03,3.1012226866983017,953.6347705081607,False
development,B_COG9_ALMA3,2020-06-09,2020-06-10,-0.39698844699622704,-125.86089308398005,False
development,B_COG9_ALMA3,2020-06-11,2020-06-12,-6.414980623381494,-2025.7262669295378,False
development,B_COG9_ALMA3,2020-06-17,2020-06-21,-2.057892465319966,-608.15519682999,False
development,B_COG9_ALMA3,2020-06-23,2020-06-25,-4.286872800850783,-1240.8000079661324,False
development,B_COG9_ALMA3,2020-07-02,2020-07-06,-2.0553258699568144,-569.3946534199458,False
development,B_COG9_ALMA3,2020-07-07,2020-07-10,-1.4739761148336195,-399.94840379421294,False
development,B_COG9_ALMA3,2020-07-11,2020-07-12,-0.8826180904906722,-235.95941091639907,False
development,B_COG9_ALMA3,2020-07-18,2020-07-19,-0.12540208335544145,-33.22913623608838,False
development,B_COG9_ALMA3,2020-07-20,2020-07-21,-0.8214926743611572,-217.4067578475333,False
development,B_COG9_ALMA3,2020-07-22,2020-08-03,17.55266950479499,4607.125978967877,False
development,B_COG9_ALMA3,2020-08-06,2020-08-08,-1.5775428123732782,-486.74395034933696,False
development,B_COG9_ALMA3,2020-08-11,2020-08-12,-4.497936435826711,-1365.9252247546938,False
development,B_COG9_ALMA3,2020-08-15,2020-08-21,0.4887751086338987,141.75404097757928,False
development,B_COG9_ALMA3,2020-08-27,2020-09-04,-11.809176489701635,-3441.62488278636,False
development,B_COG9_ALMA3,2020-09-09,2020-09-19,7.643081989620315,1964.4267353906798,False
development,B_COG9_ALMA3,2020-09-20,2020-09-21,-1.7424243756812507,-482.06697422208526,False
development,B_COG9_ALMA3,2020-09-25,2020-10-01,0.07431451922552679,20.201943786159973,False
development,B_COG9_ALMA3,2020-10-06,2020-10-07,-2.0783651434876704,-565.4106180417511,False
development,B_COG9_ALMA3,2020-10-08,2020-10-15,6.724739683020298,1791.4151502131244,False
development,B_COG9_ALMA3,2020-10-20,2020-10-26,10.544644031989714,2997.9044926590286,False
development,B_COG9_ALMA3,2020-11-01,2020-11-02,-0.5128898270316262,-161.19355011616426,False
development,B_COG9_ALMA3,2020-11-04,2020-11-05,0.5570032845932937,174.1598922481171,False
development,B_COG9_ALMA3,2020-11-06,2020-11-08,-5.234812511617781,-1645.9015161650386,False
development,B_COG9_ALMA3,2020-11-09,2020-11-10,-1.244621071701002,-370.8418074639703,False
development,B_COG9_ALMA3,2020-11-15,2020-11-17,3.6930435943216766,1086.667638526451,False
development,B_COG9_ALMA3,2020-11-18,2020-11-20,0.510219286611524,155.67497072497645,False
development,B_COG9_ALMA3,2020-11-21,2020-11-23,-1.5916826402685658,-488.12226934400314,False
development,B_COG9_ALMA3,2020-11-30,2020-12-06,4.978295603062288,1502.3967271037545,False
development,B_COG9_ALMA3,2020-12-10,2020-12-11,-1.8400144023981824,-582.9411157887043,False
development,B_COG9_ALMA3,2020-12-13,2020-12-21,24.332310074982555,7566.957481680245,False
development,B_COG9_ALMA3,2020-12-27,2021-01-02,10.381592000111572,4014.0789616830007,False
development,B_COG9_ALMA3,2021-01-03,2021-01-05,-0.8780505982866504,-374.74698804767104,False
development,B_COG9_ALMA3,2021-01-06,2021-01-10,17.72809657983423,7499.815013439329,False
development,B_COG9_ALMA3,2021-01-18,2021-01-21,-1.2924087962535857,-643.6777098588936,False
development,B_COG9_ALMA3,2021-01-24,2021-01-25,0.26440738231763294,129.98483739564836,False
development,B_COG9_ALMA3,2021-01-26,2021-02-06,18.355550345161966,9047.598504945068,False
development,B_COG9_ALMA3,2021-02-07,2021-02-11,14.017884153858828,8177.80980345366,False
development,B_COG9_ALMA3,2021-02-12,2021-02-13,-1.6931720150392793,-1126.2339071385722,False
development,B_COG9_ALMA3,2021-02-18,2021-02-23,3.469034628697032,2268.4010249006897,False
development,B_COG9_ALMA3,2021-03-02,2021-03-15,18.557345940192647,12555.599690602845,False
development,B_COG9_ALMA3,2021-03-27,2021-04-03,6.81107616970289,5463.435276204065,False
development,B_COG9_ALMA3,2021-04-09,2021-04-17,5.292170125816531,4534.194575550064,False
development,B_COG9_ALMA3,2021-04-25,2021-05-03,12.70961861813431,11465.551560791268,False
development,B_COG9_ALMA3,2021-05-10,2021-05-11,-4.450293073715894,-4524.931671667247,False
development,B_COG9_ALMA3,2021-05-19,2021-05-20,-14.67545204812033,-14257.528888556393,False
development,B_COG9_ALMA3,2021-05-21,2021-05-22,-8.32481221297533,-6900.828180040335,False
development,B_COG9_ALMA3,2021-05-23,2021-05-29,-5.081742793030342,-3861.8131474100373,False
development,B_COG9_ALMA3,2021-05-30,2021-05-31,2.685572423329541,1937.1586988431081,False
development,B_COG9_ALMA3,2021-06-01,2021-06-02,-1.7954928393766334,-1329.9075092977873,False
development,B_COG9_ALMA3,2021-06-03,2021-06-07,-5.003098559406938,-3639.2194062212366,False
development,B_COG9_ALMA3,2021-06-10,2021-06-17,2.2629565115911188,1563.7050156592013,False
development,B_COG9_ALMA3,2021-06-24,2021-07-01,3.756346954291545,2654.377360806975,False
development,B_COG9_ALMA3,2021-07-04,2021-07-05,1.4805803226239034,1085.5344524070679,False
development,B_COG9_ALMA3,2021-07-09,2021-07-11,1.6024047149379772,1192.2485271956393,False
development,B_COG9_ALMA3,2021-07-12,2021-07-13,-3.710476522292949,-2804.9702236416924,False
development,B_COG9_ALMA3,2021-07-14,2021-07-15,-0.022617843279593153,-16.46375123366306,False
development,B_COG9_ALMA3,2021-07-19,2021-07-20,-3.2452699395562834,-2361.729708329367,False
development,B_COG9_ALMA3,2021-07-22,2021-07-30,24.122639739989115,16985.424380459328,False
development,B_COG9_ALMA3,2021-07-31,2021-08-01,-2.0582661503343425,-1798.8879238431691,False
development,B_COG9_ALMA3,2021-08-06,2021-08-12,11.041632053669993,9451.562996355788,False
development,B_COG9_ALMA3,2021-08-20,2021-08-22,4.095355727545691,3892.6721671722626,False
development,B_COG9_ALMA3,2021-08-23,2021-08-25,-3.468815749462728,-3432.169951790085,False
development,B_COG9_ALMA3,2021-08-30,2021-08-31,-3.948642432317384,-3771.4034566241753,False
development,B_COG9_ALMA3,2021-09-02,2021-09-05,1.9616711083151106,1799.636901900085,False
development,B_COG9_ALMA3,2021-09-06,2021-09-08,-9.71601286113849,-9088.322295447346,False
development,B_COG9_ALMA3,2021-09-15,2021-09-20,-0.006460230644655951,-5.4557491367304465,False
development,B_COG9_ALMA3,2021-09-24,2021-09-30,-7.723918886381487,-6522.528960392927,False
development,B_COG9_ALMA3,2021-10-02,2021-10-08,11.38829206130152,8874.135388983428,False
development,B_COG9_ALMA3,2021-10-16,2021-10-22,0.5422683267496398,470.67511488070886,False
development,B_COG9_ALMA3,2021-10-29,2021-11-01,0.8919157717689918,778.3582293658983,False
development,B_COG9_ALMA3,2021-11-02,2021-11-05,0.49248943994031347,433.61966459108226,False
development,B_COG9_ALMA3,2021-11-08,2021-11-11,2.2355053619371734,1977.9775917280786,False
development,B_COG9_ALMA3,2021-11-12,2021-11-13,-1.3031544822004415,-1178.808616219947,False
development,B_COG9_ALMA3,2021-11-21,2021-11-23,-6.083268526045349,-5431.098246713431,False
development,B_COG9_ALMA3,2021-11-24,2021-11-27,-6.9141165232599615,-5797.360882438545,False
development,B_COG9_ALMA3,2021-11-29,2021-12-02,-0.45764429595474,-357.19512260422925,False
development,B_COG9_ALMA3,2021-12-03,2021-12-04,-5.3887088306374125,-4186.6831884419225,False
development,B_COG9_ALMA3,2021-12-09,2021-12-10,-6.097902801255028,-4482.381815438945,False
development,B_COG9_ALMA3,2021-12-11,2021-12-14,-1.2254387250368204,-845.8536782512238,False
development,B_COG9_ALMA3,2021-12-16,2021-12-19,-4.442451364032474,-3028.8058335337773,False
development,B_COG9_ALMA3,2021-12-21,2021-12-27,7.906378195412711,5150.997463465894,False
development,B_COG9_ALMA3,2022-01-02,2022-01-07,-9.994022378509415,-7025.887393863974,False
development,B_COG9_ALMA3,2022-01-11,2022-01-17,2.6783401757564995,1694.7200076196605,False
development,B_COG9_ALMA3,2022-01-25,2022-02-01,4.613491529097025,2997.372979312786,False
development,B_COG9_ALMA3,2022-02-05,2022-02-11,4.314110600060905,2932.175984165704,False
development,B_COG9_ALMA3,2022-02-16,2022-02-18,-9.317586841972602,-6606.101866115256,False
development,B_COG9_ALMA3,2022-02-25,2022-03-04,10.431219538123159,6706.562426834695,False
development,B_COG9_ALMA3,2022-03-10,2022-03-14,-10.198709891445002,-7241.057434068964,False
development,B_COG9_ALMA3,2022-03-15,2022-03-16,-1.2822962586371722,-817.575192020071,False
development,B_COG9_ALMA3,2022-03-17,2022-03-21,0.05958813405189112,37.50543101380026,False
development,B_COG9_ALMA3,2022-03-24,2022-03-25,2.278125953349064,1434.7321072380873,False
development,B_COG9_ALMA3,2022-03-26,2022-03-31,5.898558168097057,3799.458575896577,False
development,B_COG9_ALMA3,2022-04-14,2022-04-21,0.2102695773753771,143.43077212144271,False
development,B_COG9_ALMA3,2022-04-26,2022-04-27,-6.0050508730873915,-4104.826599732303,False
development,B_COG9_ALMA3,2022-04-29,2022-05-01,-5.596044379751463,-3595.5372476713237,False
development,B_COG9_ALMA3,2022-05-02,2022-05-04,-2.2158926078555075,-1344.0689330176683,False
development,B_COG9_ALMA3,2022-05-05,2022-05-06,-8.179704378931717,-4851.529964947345,False
development,B_COG9_ALMA3,2022-05-14,2022-05-19,-2.245828666776506,-1223.0843737825344,False
development,B_COG9_ALMA3,2022-05-20,2022-05-21,-3.97662546156069,-2117.043510712676,False
development,B_COG9_ALMA3,2022-05-25,2022-05-28,-3.74488793574812,-1914.392065033433,False
development,B_COG9_ALMA3,2022-05-29,2022-05-30,1.2004207448926163,590.6760409704948,False
development,B_COG9_ALMA3,2022-05-31,2022-06-02,-6.358035454485855,-3166.0744772553808,False
development,B_COG9_ALMA3,2022-06-03,2022-06-04,-2.762937648509034,-1288.3675626710246,False
development,B_COG9_ALMA3,2022-06-09,2022-06-11,-3.9730310565550098,-1801.451140078112,False
development,B_COG9_ALMA3,2022-06-19,2022-06-28,9.011988914338055,3923.8680719283802,False
development,B_COG9_ALMA3,2022-07-05,2022-07-11,2.7766885249302264,1317.9385979334547,False
development,B_COG9_ALMA3,2022-07-17,2022-07-22,8.903911466586356,4343.5363994824,False
development,B_COG9_ALMA3,2022-07-28,2022-08-03,-0.1622114027284849,-86.17622994889098,False
development,B_COG9_ALMA3,2022-08-07,2022-08-14,6.167193944058469,3271.061200735159,False
development,B_COG9_ALMA3,2022-08-15,2022-08-16,-1.1700388340150414,-658.8577803022345,False
development,B_COG9_ALMA3,2022-08-23,2022-08-29,-8.895571237258793,-4950.554763256936,False
development,B_COG9_ALMA3,2022-09-01,2022-09-06,-1.5582113839701095,-790.034195291104,False
development,B_COG9_ALMA3,2022-09-10,2022-09-14,-5.844267497867584,-2916.95076144216,False
development,B_COG9_ALMA3,2022-09-20,2022-09-25,-3.4381443463595507,-1615.7340778455691,False
development,B_COG9_ALMA3,2022-09-26,2022-10-01,2.95228668651204,1339.7072573315454,False
development,B_COG9_ALMA3,2022-10-02,2022-10-03,-1.613420238237906,-753.7631111853916,False
development,B_COG9_ALMA3,2022-10-04,2022-10-07,1.3846684535508968,636.4569605058568,False
development,B_COG9_ALMA3,2022-10-14,2022-10-20,-1.5974444316726677,-744.4255793938355,False
development,B_COG9_ALMA3,2022-10-23,2022-10-25,0.35619675298526055,163.33974055921863,False
development,B_COG9_ALMA3,2022-10-26,2022-10-31,2.4237748885804766,1115.4198815074487,False
development,B_COG9_ALMA3,2022-11-05,2022-11-09,-12.571531297621885,-5925.637204649494,False
development,B_COG9_ALMA3,2022-11-15,2022-11-19,0.190680459670034,78.57889901728049,False
development,B_COG9_ALMA3,2022-11-20,2022-11-22,-5.788165275660395,-2389.835450064944,False
development,B_COG9_ALMA3,2022-11-24,2022-12-06,1.8816786988923306,731.9442537993818,False
development,B_COG9_ALMA3,2022-12-10,2022-12-13,0.1682601117589666,66.68218196210364,False
development,B_COG9_ALMA3,2022-12-14,2022-12-16,-2.6488392134033867,-1051.512298661146,False
development,B_COG9_ALMA3,2022-12-23,2022-12-26,-0.23903779568045236,-92.37755621119868,False
development,B_COG9_ALMA3,2022-12-27,2022-12-28,-1.5566348155991783,-600.132660666728,False
development,C_COG9_RMA2_ALMA3,2019-01-02,2019-01-06,-0.96475431987606,-96.4754319876065,False
development,C_COG9_RMA2_ALMA3,2019-01-07,2019-01-11,-10.344053036860023,-1024.425833833664,False
development,C_COG9_RMA2_ALMA3,2019-01-17,2019-01-23,-0.8943936038122935,-79.41409115467286,False
development,C_COG9_RMA2_ALMA3,2019-01-27,2019-01-29,-3.9798568031585657,-350.2148479218922,False
development,C_COG9_RMA2_ALMA3,2019-02-03,2019-02-08,-3.30587747084361,-279.32911836201856,False
development,C_COG9_RMA2_ALMA3,2019-02-09,2019-02-14,-1.714048602693652,-140.0401821077703,False
development,C_COG9_RMA2_ALMA3,2019-02-19,2019-02-25,-4.233744960323893,-339.9739750004419,False
development,C_COG9_RMA2_ALMA3,2019-03-04,2019-03-13,1.6741271008503533,128.74249215483906,False
development,C_COG9_RMA2_ALMA3,2019-03-17,2019-03-22,-0.9249837244692194,-72.32326579659457,False
development,C_COG9_RMA2_ALMA3,2019-03-29,2019-04-09,29.65251146669978,2297.0453656028812,False
development,C_COG9_RMA2_ALMA3,2019-04-18,2019-04-25,3.7745839140608695,379.1037744922396,False
development,C_COG9_RMA2_ALMA3,2019-05-03,2019-05-09,8.62480995012691,898.9376256064534,False
development,C_COG9_RMA2_ALMA3,2019-05-10,2019-05-17,26.331119348481515,2981.1125688500415,False
development,C_COG9_RMA2_ALMA3,2019-05-25,2019-05-31,3.4881681034218515,498.9037918131962,False
development,C_COG9_RMA2_ALMA3,2019-06-11,2019-06-21,18.901748992849534,2797.7705166554824,False
development,C_COG9_RMA2_ALMA3,2019-06-22,2019-06-28,11.183135777383836,1968.1669663042594,False
development,C_COG9_RMA2_ALMA3,2019-07-06,2019-07-12,2.9728659420858783,581.7181104453957,False
development,C_COG9_RMA2_ALMA3,2019-07-19,2019-07-26,-7.301894192762248,-1471.2808926673242,False
development,C_COG9_RMA2_ALMA3,2019-07-30,2019-08-09,25.756161043357693,4810.741831202096,False
development,C_COG9_RMA2_ALMA3,2019-08-19,2019-08-25,-1.9591981556791538,-460.19145859274795,False
development,C_COG9_RMA2_ALMA3,2019-09-02,2019-09-09,6.4436378499255875,1483.8779070633682,False
development,C_COG9_RMA2_ALMA3,2019-09-14,2019-09-19,-2.108863622248447,-516.9341800441362,False
development,C_COG9_RMA2_ALMA3,2019-10-01,2019-10-07,-5.5271684227308215,-1326.27267567745,False
development,C_COG9_RMA2_ALMA3,2019-10-10,2019-10-15,-2.8064572027693635,-636.2026590329733,False
development,C_COG9_RMA2_ALMA3,2019-10-21,2019-10-24,-9.451766642811831,-2082.5117461007285,False
development,C_COG9_RMA2_ALMA3,2019-10-26,2019-11-01,5.286562339838441,1054.6972368698734,False
development,C_COG9_RMA2_ALMA3,2019-11-08,2019-11-09,-5.0634013165188225,-1063.5789824202293,False
development,C_COG9_RMA2_ALMA3,2019-11-15,2019-11-18,-1.954348575859599,-389.72933023175574,False
development,C_COG9_RMA2_ALMA3,2019-11-27,2019-12-04,1.622902799440018,317.30864917150393,False
development,C_COG9_RMA2_ALMA3,2019-12-08,2019-12-12,-3.992189499227483,-793.2172403926415,False
development,C_COG9_RMA2_ALMA3,2019-12-19,2019-12-26,-1.2971264238925029,-247.43997833158937,False
development,C_COG9_RMA2_ALMA3,2020-01-01,2020-01-03,-3.4830689767351264,-655.8121134027315,False
development,C_COG9_RMA2_ALMA3,2020-01-05,2020-01-12,8.726943497394203,1585.9263952886904,False
development,C_COG9_RMA2_ALMA3,2020-01-16,2020-01-20,-1.6366881773222208,-323.3880651285399,False
development,C_COG9_RMA2_ALMA3,2020-01-28,2020-02-03,4.446410853477523,864.1731624760396,False
development,C_COG9_RMA2_ALMA3,2020-02-08,2020-02-14,3.9054177004167023,792.779107194976,False
development,C_COG9_RMA2_ALMA3,2020-02-23,2020-02-26,-3.75384115007541,-791.7695386926462,False
development,C_COG9_RMA2_ALMA3,2020-03-03,2020-03-09,-10.10515080756309,-2051.3941079791693,False
development,C_COG9_RMA2_ALMA3,2020-03-18,2020-03-27,26.435980271701844,4824.324718240674,False
development,C_COG9_RMA2_ALMA3,2020-04-03,2020-04-08,5.62125771550861,1297.0158682192668,False
development,C_COG9_RMA2_ALMA3,2020-04-09,2020-04-10,-1.338782776155445,-326.267070754584,False
development,C_COG9_RMA2_ALMA3,2020-04-17,2020-04-22,-3.9583742020196544,-951.7577989043566,False
development,C_COG9_RMA2_ALMA3,2020-04-24,2020-05-05,18.190691877618725,4200.66760457752,False
development,C_COG9_RMA2_ALMA3,2020-05-09,2020-05-10,-2.954018852435869,-806.2424068501205,False
development,C_COG9_RMA2_ALMA3,2020-05-17,2020-05-21,1.088695404011042,288.36086496063945,False
development,C_COG9_RMA2_ALMA3,2020-05-28,2020-06-04,4.70763991679839,1260.479417646231,False
development,C_COG9_RMA2_ALMA3,2020-06-11,2020-06-12,-6.414980623381483,-1798.4826046251874,False
development,C_COG9_RMA2_ALMA3,2020-06-17,2020-06-22,-2.73037814268533,-716.3743475359552,False
development,C_COG9_RMA2_ALMA3,2020-06-23,2020-06-25,-4.286872800850783,-1094.04466378886,False
development,C_COG9_RMA2_ALMA3,2020-07-02,2020-07-12,-0.2776277828104301,-67.81548710214338,False
development,C_COG9_RMA2_ALMA3,2020-07-20,2020-08-03,19.863260428127873,4838.481652303999,False
development,C_COG9_RMA2_ALMA3,2020-08-11,2020-08-12,-4.497936435826699,-1313.2819112357283,False
development,C_COG9_RMA2_ALMA3,2020-08-16,2020-08-21,-0.2899611805335378,-80.85320942419276,False
development,C_COG9_RMA2_ALMA3,2020-08-27,2020-09-04,-11.809176489701645,-3283.3403432549567,False
development,C_COG9_RMA2_ALMA3,2020-09-10,2020-09-21,6.539380208003798,1603.453154174611,False
development,C_COG9_RMA2_ALMA3,2020-09-27,2020-10-02,-1.3167590101473614,-343.98234470124225,False
development,C_COG9_RMA2_ALMA3,2020-10-06,2020-10-16,6.2866357697382025,1620.6586713633078,False
development,C_COG9_RMA2_ALMA3,2020-10-21,2020-10-27,9.261563364441173,2537.6762850910854,False
development,C_COG9_RMA2_ALMA3,2020-11-06,2020-11-11,-2.172113285656574,-650.2821022404387,False
development,C_COG9_RMA2_ALMA3,2020-11-16,2020-11-17,4.4244899180026165,1295.8215880011485,False
development,C_COG9_RMA2_ALMA3,2020-11-18,2020-11-24,3.7011973367503836,1131.9483339644212,False
development,C_COG9_RMA2_ALMA3,2020-12-01,2020-12-07,-2.0064563101823363,-636.352627981938,False
development,C_COG9_RMA2_ALMA3,2020-12-13,2020-12-22,20.43274915121951,6350.273068385497,False
development,C_COG9_RMA2_ALMA3,2020-12-27,2021-01-02,10.381592000111572,3885.743728276211,False
development,C_COG9_RMA2_ALMA3,2021-01-03,2021-01-11,18.20987510419283,7523.394206598132,False
development,C_COG9_RMA2_ALMA3,2021-01-18,2021-01-21,-1.2924087962535968,-631.1905889177215,False
development,C_COG9_RMA2_ALMA3,2021-01-27,2021-02-14,44.823518560025356,21608.12623333798,False
development,C_COG9_RMA2_ALMA3,2021-02-19,2021-02-23,4.60314234326844,3213.69504362109,False
development,C_COG9_RMA2_ALMA3,2021-03-02,2021-03-16,11.780995489588332,8603.535976435465,False
development,C_COG9_RMA2_ALMA3,2021-03-28,2021-04-04,1.9060641574453863,1555.9673409820534,False
development,C_COG9_RMA2_ALMA3,2021-04-11,2021-04-17,2.3121487016041886,1923.4404824014928,False
development,C_COG9_RMA2_ALMA3,2021-04-26,2021-05-04,16.16446389967381,13757.879523889496,False
development,C_COG9_RMA2_ALMA3,2021-05-10,2021-05-12,-2.9885656280305817,-2954.787724887443,False
development,C_COG9_RMA2_ALMA3,2021-05-21,2021-05-22,-8.32481221297533,-7984.741495980255,False
development,C_COG9_RMA2_ALMA3,2021-05-24,2021-05-31,2.4596913088148042,2162.812294509349,False
development,C_COG9_RMA2_ALMA3,2021-06-01,2021-06-02,-1.7954928393766445,-1617.614173818467,False
development,C_COG9_RMA2_ALMA3,2021-06-03,2021-06-07,-5.003098559406927,-4426.513010853654,False
development,C_COG9_RMA2_ALMA3,2021-06-11,2021-06-17,4.24314991380883,3566.3215887233237,False
development,C_COG9_RMA2_ALMA3,2021-06-25,2021-07-02,-3.638183494706837,-3187.603183034589,False
development,C_COG9_RMA2_ALMA3,2021-07-04,2021-07-05,1.4805803226239478,1250.0189704494405,False
development,C_COG9_RMA2_ALMA3,2021-07-10,2021-07-11,-1.2222036760043742,-1047.1554526715336,False
development,C_COG9_RMA2_ALMA3,2021-07-14,2021-07-15,-0.022617843279615357,-19.141593823718722,False
development,C_COG9_RMA2_ALMA3,2021-07-22,2021-08-01,28.59938066821286,24198.324437350617,False
development,C_COG9_RMA2_ALMA3,2021-08-07,2021-08-13,3.3386877262938652,3632.8155212389975,False
development,C_COG9_RMA2_ALMA3,2021-08-21,2021-08-27,-5.309813353533343,-5970.48678546233,False
development,C_COG9_RMA2_ALMA3,2021-09-02,2021-09-08,-4.266161360174303,-4542.267811164595,False
development,C_COG9_RMA2_ALMA3,2021-09-15,2021-09-21,-8.949475779706695,-9122.17771777339,False
development,C_COG9_RMA2_ALMA3,2021-09-27,2021-10-01,1.222974647662456,1135.0130021220539,False
development,C_COG9_RMA2_ALMA3,2021-10-02,2021-10-09,11.741291163691514,11030.071716082093,False
development,C_COG9_RMA2_ALMA3,2021-10-16,2021-10-22,0.5422683267496398,569.2334360753157,False
development,C_COG9_RMA2_ALMA3,2021-10-30,2021-11-06,-2.403177192552597,-2536.358486285768,False
development,C_COG9_RMA2_ALMA3,2021-11-08,2021-11-13,1.0376549861937256,1068.8419721558312,False
development,C_COG9_RMA2_ALMA3,2021-11-24,2021-11-28,-5.194000886786288,-5405.623573175239,False
development,C_COG9_RMA2_ALMA3,2021-11-30,2021-12-04,-7.5044024258067665,-7404.4996160923765,False
development,C_COG9_RMA2_ALMA3,2021-12-11,2021-12-19,-0.9468770840219021,-864.1602157048474,False
development,C_COG9_RMA2_ALMA3,2021-12-22,2021-12-28,3.3995815599784374,3073.2245906102034,False
development,C_COG9_RMA2_ALMA3,2022-01-04,2022-01-07,-7.520229513392862,-7029.407350263849,False
development,C_COG9_RMA2_ALMA3,2022-01-12,2022-01-18,-1.5307421843408942,-1323.233264210794,False
development,C_COG9_RMA2_ALMA3,2022-01-26,2022-02-03,-0.4666698188999785,-397.2324677415163,False
development,C_COG9_RMA2_ALMA3,2022-02-05,2022-02-12,1.6239393774869049,1375.8572334453347,False
development,C_COG9_RMA2_ALMA3,2022-02-17,2022-02-18,-7.930095215378996,-6827.75590525537,False
development,C_COG9_RMA2_ALMA3,2022-02-25,2022-03-05,1.8333528706634183,1453.326998769393,False
development,C_COG9_RMA2_ALMA3,2022-03-11,2022-03-22,3.6969892043030583,2984.38950633732,False
development,C_COG9_RMA2_ALMA3,2022-03-26,2022-03-31,5.898558168097057,4937.639008665705,False
development,C_COG9_RMA2_ALMA3,2022-04-14,2022-04-23,-3.7852325114029695,-3355.4909948731074,False
development,C_COG9_RMA2_ALMA3,2022-04-29,2022-05-04,-5.349816602395496,-4562.933557592478,False
development,C_COG9_RMA2_ALMA3,2022-05-05,2022-05-06,-8.17970437893173,-6603.3500269162905,False
development,C_COG9_RMA2_ALMA3,2022-05-14,2022-05-22,0.23838896153236533,176.7060988213343,False
development,C_COG9_RMA2_ALMA3,2022-05-25,2022-05-28,-3.74488793574812,-2782.520043363562,False
development,C_COG9_RMA2_ALMA3,2022-05-31,2022-06-04,-6.689896617095037,-4784.567496584394,False
development,C_COG9_RMA2_ALMA3,2022-06-09,2022-06-11,-3.9730310565550098,-2651.3918054358946,False
development,C_COG9_RMA2_ALMA3,2022-06-20,2022-06-28,0.5173300853618779,331.5224216523784,False
development,C_COG9_RMA2_ALMA3,2022-07-05,2022-07-12,-1.6450358200890136,-1059.6476370196688,False
development,C_COG9_RMA2_ALMA3,2022-07-17,2022-07-23,6.705530576354257,4248.303611836069,False
development,C_COG9_RMA2_ALMA3,2022-07-29,2022-08-04,-4.5991893886139446,-3109.2140589205446,False
development,C_COG9_RMA2_ALMA3,2022-08-08,2022-08-16,3.6526490505060183,2355.7507653709254,False
development,C_COG9_RMA2_ALMA3,2022-08-24,2022-08-29,-9.438750424693188,-6309.810300146004,False
development,C_COG9_RMA2_ALMA3,2022-09-02,2022-09-07,-6.945524277499848,-4204.837724365076,False
development,C_COG9_RMA2_ALMA3,2022-09-10,2022-09-15,-5.59433518648823,-3151.591761551608,False
development,C_COG9_RMA2_ALMA3,2022-09-22,2022-10-01,4.891673424052945,2601.578787893639,False
development,C_COG9_RMA2_ALMA3,2022-10-02,2022-10-08,0.8251113479033956,460.2916557130884,False
development,C_COG9_RMA2_ALMA3,2022-10-14,2022-10-21,-2.0164567961343582,-1134.1700470942742,False
development,C_COG9_RMA2_ALMA3,2022-10-24,2022-10-25,-1.5212000908827905,-838.3564980655356,False
development,C_COG9_RMA2_ALMA3,2022-10-26,2022-10-31,2.4237748885804766,1315.4593173416724,False
development,C_COG9_RMA2_ALMA3,2022-11-05,2022-11-09,-12.571531297621874,-6988.341163067707,False
development,C_COG9_RMA2_ALMA3,2022-11-15,2022-11-22,-5.317835181716624,-2584.482896388472,False
development,C_COG9_RMA2_ALMA3,2022-11-25,2022-12-07,2.6399505115637822,1214.7943247190997,False
development,C_COG9_RMA2_ALMA3,2022-12-12,2022-12-13,0.4233557068823446,199.9534128148589,False
development,C_COG9_RMA2_ALMA3,2022-12-14,2022-12-17,-6.717776003270071,-3186.2778961615477,False
development,C_COG9_RMA2_ALMA3,2022-12-23,2022-12-29,-1.926938149597368,-852.5596979559778,False
development,D_COG21_ALMA3,2019-01-15,2019-01-16,-2.3072633581507795,-230.72633581507762,False
development,D_COG21_ALMA3,2019-01-24,2019-01-25,0.15223395525041372,14.872151698225935,False
development,D_COG21_ALMA3,2019-01-26,2019-02-01,-4.005867336254543,-391.93990136997854,False
development,D_COG21_ALMA3,2019-02-03,2019-02-04,-1.606958551288551,-150.92885609789846,False
development,D_COG21_ALMA3,2019-02-05,2019-02-06,-0.05916780721409998,-5.467860994043804,False
development,D_COG21_ALMA3,2019-02-09,2019-02-25,1.9691481991442217,181.86677048741694,False
development,D_COG21_ALMA3,2019-03-12,2019-03-22,2.513562497113786,236.7191712290496,False
development,D_COG21_ALMA3,2019-03-28,2019-03-29,-0.5799256397883146,-55.98831277833597,False
development,D_COG21_ALMA3,2019-03-30,2019-04-12,21.882259184367324,2100.3482593139615,False
development,D_COG21_ALMA3,2019-04-24,2019-04-26,-5.210028084058815,-609.5084254488393,False
development,D_COG21_ALMA3,2019-04-29,2019-05-07,7.964241204227096,883.1743517519753,False
development,D_COG21_ALMA3,2019-05-08,2019-05-18,25.43312926012209,3044.961311541989,False
development,D_COG21_ALMA3,2019-05-20,2019-05-21,-2.8787131014168743,-432.30735243698655,False
development,D_COG21_ALMA3,2019-06-15,2019-06-30,37.18227618299195,5423.06285724394,False
development,D_COG21_ALMA3,2019-07-18,2019-07-19,9.597220740026579,1920.225153353149,False
development,D_COG21_ALMA3,2019-07-20,2019-07-22,0.5011254214208893,109.88860140263932,False
development,D_COG21_ALMA3,2019-07-30,2019-08-14,14.214417042885907,3132.6089889795658,False
development,D_COG21_ALMA3,2019-08-27,2019-09-12,-2.3644694618440987,-595.1573115097344,False
development,D_COG21_ALMA3,2019-09-13,2019-09-19,-2.7750678550293117,-681.9924413309418,False
development,D_COG21_ALMA3,2019-10-06,2019-10-17,-1.9252928163537186,-460.02389796277566,False
development,D_COG21_ALMA3,2019-10-22,2019-10-23,-2.455011220603953,-575.299643318067,False
development,D_COG21_ALMA3,2019-10-26,2019-11-07,7.57062809645106,1730.5234896592629,False
development,D_COG21_ALMA3,2019-11-28,2019-12-14,-3.626440159683497,-891.7021349049319,False
development,D_COG21_ALMA3,2019-12-19,2019-12-26,-1.2971264238924918,-307.3827548996014,False
development,D_COG21_ALMA3,2019-12-27,2020-01-03,-3.573662485998874,-835.8734329351792,False
development,D_COG21_ALMA3,2020-01-04,2020-01-21,17.31057566135481,3904.2190025932614,False
development,D_COG21_ALMA3,2020-01-29,2020-02-02,-0.20309731065638603,-53.735834658629756,False
development,D_COG21_ALMA3,2020-02-05,2020-02-14,10.874420367422122,2871.3293241804677,False
development,D_COG21_ALMA3,2020-02-19,2020-02-20,-5.8916261713670925,-1724.8186288946636,False
development,D_COG21_ALMA3,2020-03-05,2020-03-09,-8.459593460093073,-2330.6980520720244,False
development,D_COG21_ALMA3,2020-03-21,2020-03-23,-6.542629335708005,-1650.0673609359146,False
development,D_COG21_ALMA3,2020-03-24,2020-04-03,4.767935448437877,1123.8110101570346,False
development,D_COG21_ALMA3,2020-04-04,2020-04-05,1.5431315173958682,381.0607719927648,False
development,D_COG21_ALMA3,2020-04-10,2020-04-11,-6.11194475609893,-1532.5733671944581,False
development,D_COG21_ALMA3,2020-04-15,2020-04-16,-3.8895141055779847,-915.688053566264,False
development,D_COG21_ALMA3,2020-04-17,2020-04-18,-1.3553773921073597,-306.67841324938854,False
development,D_COG21_ALMA3,2020-04-24,2020-05-07,21.807317031016836,4867.417769399723,False
development,D_COG21_ALMA3,2020-05-08,2020-05-11,-12.914283731967902,-3511.0748430281747,False
development,D_COG21_ALMA3,2020-05-29,2020-06-01,-1.6280751144836292,-385.47048437629564,False
development,D_COG21_ALMA3,2020-06-02,2020-06-03,-6.990312309772662,-1628.1126114591098,False
development,D_COG21_ALMA3,2020-06-04,2020-06-12,-4.295687992727659,-930.5694203260355,False
development,D_COG21_ALMA3,2020-06-23,2020-06-25,-4.286872800850771,-888.7674691608081,False
development,D_COG21_ALMA3,2020-06-30,2020-07-03,-1.4533863720520013,-288.40324482170035,False
development,D_COG21_ALMA3,2020-07-05,2020-07-06,-1.0154075400309548,-198.56429026850674,False
development,D_COG21_ALMA3,2020-07-07,2020-07-17,-2.527277259870997,-489.1941476526845,False
development,D_COG21_ALMA3,2020-07-22,2020-08-08,23.10574032455046,4359.446465958092,False
development,D_COG21_ALMA3,2020-08-18,2020-08-19,-3.0276613147682374,-703.2294609720884,False
development,D_COG21_ALMA3,2020-08-23,2020-08-24,-0.4311054045227136,-97.10041855273448,False
development,D_COG21_ALMA3,2020-08-31,2020-09-02,1.4950483898041877,335.2868879197922,False
development,D_COG21_ALMA3,2020-09-13,2020-09-25,2.523777220459178,574.4565574314038,False
development,D_COG21_ALMA3,2020-09-26,2020-09-27,0.09247528763185464,21.580249637216184,False
development,D_COG21_ALMA3,2020-10-06,2020-10-07,-2.0783651434876815,-485.4606724155565,False
development,D_COG21_ALMA3,2020-10-08,2020-10-15,6.724739683020298,1538.1062464123388,False
development,D_COG21_ALMA3,2020-10-16,2020-10-29,14.963154778658927,3652.5749055388696,False
development,D_COG21_ALMA3,2020-10-30,2020-11-03,0.3965013463596456,111.27031105909191,False
development,D_COG21_ALMA3,2020-11-06,2020-11-08,-5.234812511617792,-1474.8720522855256,False
development,D_COG21_ALMA3,2020-11-12,2020-11-16,1.4342458131665126,382.9355016806985,False
development,D_COG21_ALMA3,2020-11-17,2020-11-23,9.846426262259666,2666.645456530052,False
development,D_COG21_ALMA3,2020-12-01,2020-12-02,-5.011814985343477,-1490.9655456262699,False
development,D_COG21_ALMA3,2020-12-13,2021-01-01,53.31737123315294,15066.448640028146,False
development,D_COG21_ALMA3,2021-01-03,2021-01-05,-0.8780505982866393,-380.4110066397625,False
development,D_COG21_ALMA3,2021-01-07,2021-01-11,3.4441212954564593,1479.0464168244362,False
development,D_COG21_ALMA3,2021-01-29,2021-02-17,46.80534095467881,20792.398668711554,False
development,D_COG21_ALMA3,2021-02-20,2021-02-22,2.386811645658904,1556.5718947191272,False
development,D_COG21_ALMA3,2021-03-10,2021-03-19,4.726526821948984,3156.0013648449094,False
development,D_COG21_ALMA3,2021-03-31,2021-04-13,1.5900995353347547,1111.9264649188262,False
development,D_COG21_ALMA3,2021-04-14,2021-04-15,-1.2647669209258638,-898.4908124156209,False
development,D_COG21_ALMA3,2021-05-01,2021-05-13,-14.400147089679239,-10100.484954701147,False
development,D_COG21_ALMA3,2021-05-27,2021-06-13,-9.689328763824356,-5817.575232578129,False
development,D_COG21_ALMA3,2021-06-14,2021-06-19,-8.475994422596944,-4595.9791386346915,False
development,D_COG21_ALMA3,2021-06-25,2021-06-26,-9.178573832488002,-4555.0968057179925,False
development,D_COG21_ALMA3,2021-07-01,2021-07-02,-4.68833344362114,-2113.144592132201,False
development,D_COG21_ALMA3,2021-07-03,2021-07-04,2.3048480767013713,990.1456649924294,False
development,D_COG21_ALMA3,2021-07-05,2021-07-13,-6.518628648705215,-2864.898512178661,False
development,D_COG21_ALMA3,2021-07-22,2021-07-23,0.14419985401943336,59.24379853296705,False
development,D_COG21_ALMA3,2021-07-24,2021-08-04,13.255864001619644,5453.959597183311,False
development,D_COG21_ALMA3,2021-08-05,2021-08-09,9.918653771717679,4621.865519416555,False
development,D_COG21_ALMA3,2021-08-21,2021-08-23,-0.46783223828194,-239.62168654229754,False
development,D_COG21_ALMA3,2021-09-04,2021-09-08,-6.53991183112127,-3334.0440315355154,False
development,D_COG21_ALMA3,2021-09-16,2021-09-17,-1.0942926257394792,-521.3856773086227,False
development,D_COG21_ALMA3,2021-09-18,2021-09-21,-9.32811522340481,-4395.829907799693,False
development,D_COG21_ALMA3,2021-09-24,2021-09-25,-4.865500346879992,-2078.9647648014943,False
development,D_COG21_ALMA3,2021-09-27,2021-09-29,-5.233395721495759,-2127.3612013659003,False
development,D_COG21_ALMA3,2021-10-01,2021-10-13,27.405655267267104,10557.307440546574,False
development,D_COG21_ALMA3,2021-10-14,2021-10-18,6.925438420092389,3398.982716013299,False
development,D_COG21_ALMA3,2021-11-08,2021-11-13,1.0376549861937256,544.5474155358752,False
development,D_COG21_ALMA3,2021-11-14,2021-11-17,-6.9913731760451565,-3707.050188201836,False
development,D_COG21_ALMA3,2021-11-30,2021-12-05,-15.181024253412401,-7486.697546061303,False
development,D_COG21_ALMA3,2021-12-06,2021-12-08,2.1076275708616254,881.6091911830954,False
development,D_COG21_ALMA3,2021-12-12,2021-12-14,-5.72409193108051,-2444.8207552042513,False
development,D_COG21_ALMA3,2021-12-15,2021-12-18,-4.843735897076562,-1950.3906367780291,False
development,D_COG21_ALMA3,2021-12-20,2021-12-30,-0.7621160067656674,-292.01127076549164,False
development,D_COG21_ALMA3,2022-01-02,2022-01-04,-2.9664934972015944,-1127.9748776206907,False
development,D_COG21_ALMA3,2022-01-14,2022-01-22,-14.62042624242338,-5394.3334201267935,False
development,D_COG21_ALMA3,2022-01-26,2022-01-27,-0.7071109712150192,-222.7508193363792,False
development,D_COG21_ALMA3,2022-02-01,2022-02-13,9.422402340378856,2947.2130159422923,False
development,D_COG21_ALMA3,2022-02-16,2022-02-17,-1.8020344544497746,-616.7642854355945,False
development,D_COG21_ALMA3,2022-03-01,2022-03-07,-11.247195934550437,-3780.0964247515985,False
development,D_COG21_ALMA3,2022-03-09,2022-03-12,-0.3022793276743707,-90.1673171765542,False
development,D_COG21_ALMA3,2022-03-19,2022-03-21,-1.4823703056218829,-440.8416675548724,False
development,D_COG21_ALMA3,2022-03-22,2022-04-01,10.662249934126145,3123.8397197296035,False
development,D_COG21_ALMA3,2022-04-19,2022-05-03,-5.861044477041055,-1900.2659958515615,False
development,D_COG21_ALMA3,2022-05-05,2022-05-06,-8.17970437893173,-2496.5850386767706,False
development,D_COG21_ALMA3,2022-05-20,2022-06-02,-1.9877278986995206,-557.0630790926734,False
development,D_COG21_ALMA3,2022-06-05,2022-06-09,0.8380028009889129,230.18306538298202,False
development,D_COG21_ALMA3,2022-06-10,2022-06-11,-3.670566131043851,-1016.6821238866214,False
development,D_COG21_ALMA3,2022-06-24,2022-07-10,1.9770165643126836,527.4987690333619,False
development,D_COG21_ALMA3,2022-07-11,2022-07-12,-4.5889270911640745,-1248.6036560604261,False
development,D_COG21_ALMA3,2022-07-15,2022-07-23,9.850178246281649,2557.150644875899,False
development,D_COG21_ALMA3,2022-07-28,2022-08-02,1.0581622546425917,301.7624909317965,False
development,D_COG21_ALMA3,2022-08-09,2022-08-16,0.8814804610963289,254.03705920137145,False
development,D_COG21_ALMA3,2022-09-02,2022-09-17,-1.9305015071151455,-561.2624380160996,False
development,D_COG21_ALMA3,2022-10-01,2022-10-11,-1.7919818476080374,-510.93234140049026,False
development,D_COG21_ALMA3,2022-10-25,2022-11-03,3.936116972358916,1102.1602173452484,False
development,D_COG21_ALMA3,2022-11-05,2022-11-08,-2.9294224407374836,-852.5605376423009,False
development,D_COG21_ALMA3,2022-11-20,2022-11-21,-2.8139294446216767,-794.9577361570191,False
development,D_COG21_ALMA3,2022-11-23,2022-12-01,5.460640395904437,1499.2651176199506,False
development,D_COG21_ALMA3,2022-12-02,2022-12-12,0.3290824453624497,95.28619374409755,False
development,D_COG21_ALMA3,2022-12-14,2022-12-16,-2.648839213403398,-769.4983640954597,False
development,E_COG9_ALMA5,2019-01-07,2019-01-10,-0.8386044673466486,-83.86044673466495,False
development,E_COG9_ALMA5,2019-01-16,2019-01-21,-0.6867848329108917,-68.10254246210388,False
development,E_COG9_ALMA5,2019-01-27,2019-01-29,-3.979856803158577,-391.93777095202677,False
development,E_COG9_ALMA5,2019-02-02,2019-02-07,-1.8891367183526686,-178.63864286389617,False
development,E_COG9_ALMA5,2019-02-09,2019-02-14,-1.714048602693652,-159.02018372811472,False
development,E_COG9_ALMA5,2019-02-18,2019-02-25,1.7647995372698455,160.92219421942536,False
development,E_COG9_ALMA5,2019-03-02,2019-03-12,0.9900806649304927,91.87317500543577,False
development,E_COG9_ALMA5,2019-03-16,2019-03-22,1.1330307098176062,106.1789793049611,False
development,E_COG9_ALMA5,2019-03-28,2019-04-08,27.606890354144454,2616.419501694594,False
development,E_COG9_ALMA5,2019-04-17,2019-04-22,1.3132019690016872,158.81646967586676,False
development,E_COG9_ALMA5,2019-04-24,2019-04-25,-1.677876144327728,-205.58430369947928,False
development,E_COG9_ALMA5,2019-05-02,2019-05-09,10.876930443241362,1310.3510359834454,False
development,E_COG9_ALMA5,2019-05-10,2019-05-17,26.33111934848149,3517.1575347008256,False
development,E_COG9_ALMA5,2019-05-24,2019-05-31,4.998577649929681,843.4887344778326,False
development,E_COG9_ALMA5,2019-06-08,2019-06-09,-1.344920057718435,-238.29379300626897,False
development,E_COG9_ALMA5,2019-06-10,2019-06-19,18.711003604732813,3270.640383874743,False
development,E_COG9_ALMA5,2019-06-22,2019-06-28,11.183135777383836,2320.5465610638857,False
development,E_COG9_ALMA5,2019-07-06,2019-07-11,9.919772389554481,2288.586411238448,False
development,E_COG9_ALMA5,2019-07-13,2019-07-14,-3.7037353687921826,-939.2503744845235,False
development,E_COG9_ALMA5,2019-07-19,2019-07-24,-7.464831012975637,-1822.9335995986185,False
development,E_COG9_ALMA5,2019-07-25,2019-07-26,0.9130830762889453,206.33266367299439,False
development,E_COG9_ALMA5,2019-07-30,2019-08-08,25.55558731789276,5827.617417538917,False
development,E_COG9_ALMA5,2019-08-18,2019-08-24,1.3801048027852758,395.1420761976333,False
development,E_COG9_ALMA5,2019-08-29,2019-08-30,-2.576322893501537,-747.8151146791934,False
development,E_COG9_ALMA5,2019-09-02,2019-09-08,7.209161236522532,2038.652491146564,False
development,E_COG9_ALMA5,2019-09-13,2019-09-19,-2.7750678550293117,-841.3253376032699,False
development,E_COG9_ALMA5,2019-09-30,2019-10-06,0.748023995854874,220.48728013890286,False
development,E_COG9_ALMA5,2019-10-10,2019-10-14,-3.640423692579664,-1081.0766307829144,False
development,E_COG9_ALMA5,2019-10-20,2019-10-24,-6.336856479686681,-1813.3151922363722,False
development,E_COG9_ALMA5,2019-10-26,2019-11-01,5.286562339838441,1416.9075561848185,False
development,E_COG9_ALMA5,2019-11-06,2019-11-09,-6.0194246857616545,-1698.6194375715495,False
development,E_COG9_ALMA5,2019-11-14,2019-11-18,-3.4194136898653804,-906.8403791907404,False
development,E_COG9_ALMA5,2019-11-27,2019-12-03,1.646731412368152,421.7856609100527,False
development,E_COG9_ALMA5,2019-12-07,2019-12-11,-4.321182683054525,-1125.032545696362,False
development,E_COG9_ALMA5,2019-12-16,2019-12-17,-3.4946254700762625,-870.5202847421351,False
development,E_COG9_ALMA5,2019-12-19,2019-12-26,-1.2971264238925029,-311.825813899035,False
development,E_COG9_ALMA5,2019-12-30,2019-12-31,-2.2215198876790354,-527.1203225120989,False
development,E_COG9_ALMA5,2020-01-01,2020-01-03,-3.4830689767351375,-808.099637640531,False
development,E_COG9_ALMA5,2020-01-04,2020-01-12,8.862981701715622,1984.660351617371,False
development,E_COG9_ALMA5,2020-01-16,2020-01-19,0.775223472742903,188.97897120727066,False
development,E_COG9_ALMA5,2020-01-27,2020-02-02,8.612437289176711,2115.7600321234604,False
development,E_COG9_ALMA5,2020-02-07,2020-02-14,4.350620303682828,1160.8365610697,False
development,E_COG9_ALMA5,2020-02-19,2020-02-20,-5.8916261713670925,-1640.4013324302978,False
development,E_COG9_ALMA5,2020-02-22,2020-02-26,-4.014421529619594,-1051.8799396493378,False
development,E_COG9_ALMA5,2020-03-03,2020-03-09,-10.10515080756309,-2541.5109516060693,False
development,E_COG9_ALMA5,2020-03-17,2020-03-26,32.384233074393045,7321.7957728654,False
development,E_COG9_ALMA5,2020-04-02,2020-04-08,8.014022714874013,2398.671788478554,False
development,E_COG9_ALMA5,2020-04-17,2020-04-21,-4.132169372479777,-1335.914037153736,False
development,E_COG9_ALMA5,2020-04-23,2020-05-04,24.454149736838215,7579.243603537379,False
development,E_COG9_ALMA5,2020-05-09,2020-05-10,-2.954018852435869,-1139.4517598151288,False
development,E_COG9_ALMA5,2020-05-15,2020-05-16,-5.146216961127825,-1926.4082427024987,False
development,E_COG9_ALMA5,2020-05-17,2020-05-21,1.088695404011042,386.5638891654089,False
development,E_COG9_ALMA5,2020-05-28,2020-06-03,3.1012226866983017,1113.141659612469,False
development,E_COG9_ALMA5,2020-06-09,2020-06-10,-0.39698844699622704,-146.91264175817923,False
development,E_COG9_ALMA5,2020-06-11,2020-06-12,-6.414980623381494,-2364.553357769182,False
development,E_COG9_ALMA5,2020-06-17,2020-06-21,-2.057892465319977,-709.8764705701251,False
development,E_COG9_ALMA5,2020-06-23,2020-06-25,-4.286872800850783,-1448.338738087954,False
development,E_COG9_ALMA5,2020-07-02,2020-07-12,-0.277627782810419,-89.77677078756824,False
development,E_COG9_ALMA5,2020-07-18,2020-07-19,-0.12540208335543035,-40.438813815344474,False
development,E_COG9_ALMA5,2020-07-20,2020-07-21,-0.8214926743611461,-264.5771873313497,False
development,E_COG9_ALMA5,2020-07-22,2020-08-03,17.55266950479499,5606.72743232462,False
development,E_COG9_ALMA5,2020-08-06,2020-08-08,-1.5775428123732893,-592.3520805378721,False
development,E_COG9_ALMA5,2020-08-11,2020-08-12,-4.497936435826711,-1662.2880431526646,False
development,E_COG9_ALMA5,2020-08-15,2020-08-21,0.4887751086338987,172.5102100138174,False
development,E_COG9_ALMA5,2020-08-27,2020-09-04,-11.809176489701635,-4188.349250743126,False
development,E_COG9_ALMA5,2020-09-09,2020-09-19,7.643081989620315,2390.645560027482,False
development,E_COG9_ALMA5,2020-09-20,2020-09-21,-1.7424243756812507,-586.6603476717137,False
development,E_COG9_ALMA5,2020-09-26,2020-10-02,-0.92873275042199,-307.2483803025025,False
development,E_COG9_ALMA5,2020-10-06,2020-10-15,5.480695627857846,1796.3139550553751,False
development,E_COG9_ALMA5,2020-10-20,2020-10-26,10.544644031989714,3645.45270597787,False
development,E_COG9_ALMA5,2020-11-01,2020-11-03,-2.0445073452833085,-781.3505563283761,False
development,E_COG9_ALMA5,2020-11-06,2020-11-08,-5.234812511617781,-1959.6890928932698,False
development,E_COG9_ALMA5,2020-11-09,2020-11-10,-1.244621071700991,-441.541998800305,False
development,E_COG9_ALMA5,2020-11-15,2020-11-17,3.693043594321699,1293.8384817714978,False
development,E_COG9_ALMA5,2020-11-18,2020-11-23,3.960167901435252,1438.6622600157789,False
development,E_COG9_ALMA5,2020-11-30,2020-12-06,4.978295603062266,1880.1517560926368,False
development,E_COG9_ALMA5,2020-12-13,2020-12-21,24.332310074982576,9647.062308142791,False
development,E_COG9_ALMA5,2020-12-27,2021-01-02,10.381592000111572,5117.521797487658,False
development,E_COG9_ALMA5,2021-01-03,2021-01-10,24.215491350971895,13176.063625312723,False
development,E_COG9_ALMA5,2021-01-18,2021-01-21,-1.2924087962535968,-873.5103686903458,False
development,E_COG9_ALMA5,2021-01-24,2021-02-06,19.0056240534765,12679.462611130803,False
development,E_COG9_ALMA5,2021-02-07,2021-02-11,14.017884153858805,11129.320920675702,False
development,E_COG9_ALMA5,2021-02-12,2021-02-13,-1.6931720150392793,-1532.7109440718777,False
development,E_COG9_ALMA5,2021-02-18,2021-02-23,3.469034628697032,3087.1056663909694,False
development,E_COG9_ALMA5,2021-03-02,2021-03-15,18.557345940192647,17087.129887667805,False
development,E_COG9_ALMA5,2021-03-27,2021-04-03,6.81107616970289,7435.282304136825,False
development,E_COG9_ALMA5,2021-04-10,2021-04-17,5.174405256142189,6033.349107435497,False
development,E_COG9_ALMA5,2021-04-25,2021-05-04,13.887310035637057,17030.453480201642,False
development,E_COG9_ALMA5,2021-05-10,2021-05-12,-2.9885656280305706,-4173.940112679324,False
development,E_COG9_ALMA5,2021-05-19,2021-05-20,-14.67545204812033,-19883.728749775895,False
development,E_COG9_ALMA5,2021-05-21,2021-05-22,-8.324812212975342,-9623.981599705192,False
development,E_COG9_ALMA5,2021-05-24,2021-05-29,2.5187099142897518,2669.3793605823885,False
development,E_COG9_ALMA5,2021-06-01,2021-06-02,-1.7954928393766556,-1950.8278925767227,False
development,E_COG9_ALMA5,2021-06-03,2021-06-07,-5.003098559406938,-5338.334188827474,False
development,E_COG9_ALMA5,2021-06-10,2021-06-17,2.262956511591141,2293.783093172242,False
development,E_COG9_ALMA5,2021-06-24,2021-07-02,-0.8109751674370003,-840.6244931626425,False
development,E_COG9_ALMA5,2021-07-04,2021-07-05,1.4805803226239256,1522.2643527636828,False
development,E_COG9_ALMA5,2021-07-09,2021-07-11,1.6024047149379772,1671.9114059995918,False
development,E_COG9_ALMA5,2021-07-14,2021-07-15,-0.022617843279604255,-23.977076219467563,False
development,E_COG9_ALMA5,2021-07-22,2021-07-30,24.122639739989093,25566.520427435316,False
development,E_COG9_ALMA5,2021-07-31,2021-08-01,-2.0582661503343314,-2707.692420362073,False
development,E_COG9_ALMA5,2021-08-07,2021-08-12,5.9235711695977855,7632.190399773404,False
development,E_COG9_ALMA5,2021-08-20,2021-08-26,4.4182478544236625,6029.874525173771,False
development,E_COG9_ALMA5,2021-08-30,2021-08-31,-3.948642432317373,-5627.071187931055,False
development,E_COG9_ALMA5,2021-09-02,2021-09-08,-4.2661613601742925,-5839.496286550726,False
development,E_COG9_ALMA5,2021-09-15,2021-09-20,-0.006460230644667053,-8.46548034006264,False
development,E_COG9_ALMA5,2021-09-25,2021-09-30,-3.295158090743344,-4317.693203425806,False
development,E_COG9_ALMA5,2021-10-02,2021-10-08,11.38829206130152,14430.531936287007,False
development,E_COG9_ALMA5,2021-10-16,2021-10-22,0.5422683267496176,765.380736171006,False
development,E_COG9_ALMA5,2021-10-29,2021-11-05,1.0486032130754719,1488.0692828585743,False
development,E_COG9_ALMA5,2021-11-08,2021-11-11,2.2355053619371734,3205.6639876328118,False
development,E_COG9_ALMA5,2021-11-12,2021-11-13,-1.3031544822004415,-1910.4687257989135,False
development,E_COG9_ALMA5,2021-11-21,2021-11-23,-6.0832685260453605,-8802.059303196787,False
development,E_COG9_ALMA5,2021-11-24,2021-11-27,-6.9141165232599615,-9395.652954747551,False
development,E_COG9_ALMA5,2021-11-29,2021-12-04,-6.694735348317882,-8468.51987242626,False
development,E_COG9_ALMA5,2021-12-09,2021-12-14,-7.743681954698256,-9139.611892194065,False
development,E_COG9_ALMA5,2021-12-16,2021-12-19,-4.442451364032463,-4837.255714372659,False
development,E_COG9_ALMA5,2021-12-21,2021-12-27,7.906378195412711,8226.57287535617,False
development,E_COG9_ALMA5,2022-01-02,2022-01-07,-9.994022378509415,-11220.928581233995,False
development,E_COG9_ALMA5,2022-01-11,2022-01-17,2.6783401757565217,2706.6093013811187,False
development,E_COG9_ALMA5,2022-01-26,2022-02-01,3.7700635250393466,3911.8963729336538,False
development,E_COG9_ALMA5,2022-02-05,2022-02-11,4.314110600060905,4645.174476308777,False
development,E_COG9_ALMA5,2022-02-16,2022-02-18,-9.317586841972613,-10465.43452442388,False
development,E_COG9_ALMA5,2022-02-25,2022-03-05,1.8333528706634405,1867.3380525580578,False
development,E_COG9_ALMA5,2022-03-10,2022-03-14,-10.198709891445002,-10578.209545999474,False
development,E_COG9_ALMA5,2022-03-15,2022-03-16,-1.2822962586371833,-1194.3672287569934,False
development,E_COG9_ALMA5,2022-03-17,2022-03-22,-0.5705416381927453,-524.6043567681045,False
development,E_COG9_ALMA5,2022-03-26,2022-03-31,5.8985581680970345,5392.690408695475,False
development,E_COG9_ALMA5,2022-04-14,2022-04-22,-1.9175472960772377,-1856.5034198909416,False
development,E_COG9_ALMA5,2022-04-29,2022-05-01,-5.596044379751463,-5314.007176159037,False
development,E_COG9_ALMA5,2022-05-03,2022-05-04,-2.360087080790807,-2115.7249429845106,False
development,E_COG9_ALMA5,2022-05-05,2022-05-06,-8.17970437893173,-7159.722172951457,False
development,E_COG9_ALMA5,2022-05-14,2022-05-19,-2.245828666776517,-1804.9861329582345,False
development,E_COG9_ALMA5,2022-05-20,2022-05-21,-3.97662546156069,-3124.260485716077,False
development,E_COG9_ALMA5,2022-05-25,2022-05-28,-3.7448879357481424,-2825.1944056354987,False
development,E_COG9_ALMA5,2022-05-29,2022-06-02,2.3602997361537037,1713.9591752848355,False
development,E_COG9_ALMA5,2022-06-03,2022-06-04,-2.762937648509056,-2053.695013567136,False
development,E_COG9_ALMA5,2022-06-09,2022-06-11,-3.9730310565549987,-2871.5650182104873,False
development,E_COG9_ALMA5,2022-06-20,2022-06-28,0.5173300853618779,359.0522482635861,False
development,E_COG9_ALMA5,2022-07-05,2022-07-11,2.7766885249302486,1937.1266896789602,False
development,E_COG9_ALMA5,2022-07-17,2022-07-22,8.903911466586356,6384.197488579972,False
development,E_COG9_ALMA5,2022-07-29,2022-08-03,-3.89249224997702,-3039.4619777787157,False
development,E_COG9_ALMA5,2022-08-07,2022-08-14,6.167193944058491,4628.218776327805,False
development,E_COG9_ALMA5,2022-08-15,2022-08-16,-1.1700388340150525,-932.2167219124967,False
development,E_COG9_ALMA5,2022-08-23,2022-08-29,-8.895571237258793,-7004.531282812837,False
development,E_COG9_ALMA5,2022-09-01,2022-09-07,-6.554711483295684,-4702.169789571475,False
development,E_COG9_ALMA5,2022-09-10,2022-09-14,-5.844267497867595,-3917.7094281081663,False
development,E_COG9_ALMA5,2022-09-20,2022-10-01,-0.8834026845509602,-557.5805514159438,False
development,E_COG9_ALMA5,2022-10-02,2022-10-03,-1.613420238237917,-1009.3523229895654,False
development,E_COG9_ALMA5,2022-10-04,2022-10-07,1.384668453550919,852.2695022302141,False
development,E_COG9_ALMA5,2022-10-14,2022-10-20,-1.5974444316726566,-996.8485810778875,False
development,E_COG9_ALMA5,2022-10-23,2022-10-25,0.35619675298526055,218.72567670588614,False
development,E_COG9_ALMA5,2022-10-26,2022-10-31,2.4237748885804766,1493.6412140649045,False
development,E_COG9_ALMA5,2022-11-05,2022-11-09,-12.571531297621874,-7934.927550779612,False
development,E_COG9_ALMA5,2022-11-15,2022-11-19,0.1906804596700118,105.22376736679871,False
development,E_COG9_ALMA5,2022-11-20,2022-11-22,-5.788165275660406,-3200.1910511279493,False
development,E_COG9_ALMA5,2022-11-24,2022-12-06,1.8816786988923306,980.1350343470913,False
development,E_COG9_ALMA5,2022-12-10,2022-12-13,0.1682601117589666,89.29306073312182,False
development,E_COG9_ALMA5,2022-12-14,2022-12-16,-2.648839213403409,-1408.0635753540919,False
development,E_COG9_ALMA5,2022-12-23,2022-12-28,-0.9861140259245893,-510.311008676872,False
development,F_COG9_ALMA3_EMA200,2019-04-17,2019-04-22,1.313201969001665,131.3201969001675,False
development,F_COG9_ALMA3_EMA200,2019-04-24,2019-04-25,-1.677876144327739,-169.99100468924553,False
development,F_COG9_ALMA3_EMA200,2019-05-02,2019-05-09,10.876930443241362,1083.4868474590785,False
development,F_COG9_ALMA3_EMA200,2019-05-10,2019-05-17,26.331119348481536,2908.2236932257383,False
development,F_COG9_ALMA3_EMA200,2019-05-24,2019-05-28,11.163787888444855,1557.6877597709117,False
development,F_COG9_ALMA3_EMA200,2019-05-29,2019-05-31,-5.443859479025692,-844.3822088753768,False
development,F_COG9_ALMA3_EMA200,2019-06-08,2019-06-09,-1.3449200577184461,-197.2506194559519,False
development,F_COG9_ALMA3_EMA200,2019-06-10,2019-06-19,18.711003604732813,2707.3128242159855,False
development,F_COG9_ALMA3_EMA200,2019-06-22,2019-06-28,11.183135777383857,1920.8609711214194,False
development,F_COG9_ALMA3_EMA200,2019-07-06,2019-07-07,2.188237628696843,417.89361448781347,False
development,F_COG9_ALMA3_EMA200,2019-07-08,2019-07-11,5.800526510847237,1131.9821497464873,False
development,F_COG9_ALMA3_EMA200,2019-07-13,2019-07-14,-3.7037353687921826,-764.7155832663775,False
development,F_COG9_ALMA3_EMA200,2019-07-19,2019-07-24,-7.464831012975626,-1484.1896992992915,False
development,F_COG9_ALMA3_EMA200,2019-07-25,2019-07-26,0.9130830762889675,167.99120610859245,False
development,F_COG9_ALMA3_EMA200,2019-07-30,2019-08-08,25.55558731789278,4744.709156972505,False
development,F_COG9_ALMA3_EMA200,2019-08-18,2019-08-24,1.3801048027852536,321.7153929146916,False
development,F_COG9_ALMA3_EMA200,2019-08-29,2019-08-30,-2.576322893501537,-608.8534933096635,False
development,F_COG9_ALMA3_EMA200,2019-09-02,2019-09-07,5.597419726488084,1288.738790381638,False
development,F_COG9_ALMA3_EMA200,2019-09-13,2019-09-16,-1.3685414071938462,-332.7271769640538,False
development,F_COG9_ALMA3_EMA200,2019-09-17,2019-09-19,-1.2068044525106125,-289.38944878463735,False
development,F_COG9_ALMA3_EMA200,2019-10-26,2019-11-01,5.286562339838463,1252.4089999558928,False
development,F_COG9_ALMA3_EMA200,2019-11-05,2019-11-09,-6.866634697245056,-1712.7331818990788,False
development,F_COG9_ALMA3_EMA200,2019-11-14,2019-11-15,-1.7893429088976287,-415.6661325274108,False
development,F_COG9_ALMA3_EMA200,2020-01-11,2020-01-12,-2.4744171019994043,-564.5242332170783,False
development,F_COG9_ALMA3_EMA200,2020-01-15,2020-01-19,0.8366171258074262,186.14654767279717,False
development,F_COG9_ALMA3_EMA200,2020-01-27,2020-02-02,8.61243728917669,1932.2911987895604,False
development,F_COG9_ALMA3_EMA200,2020-02-07,2020-02-11,0.5140098897907563,125.25571133510311,False
development,F_COG9_ALMA3_EMA200,2020-02-12,2020-02-13,0.697641067011201,170.87742828709452,False
development,F_COG9_ALMA3_EMA200,2020-02-19,2020-02-20,-5.8916261713670925,-1453.1389414525147,False
development,F_COG9_ALMA3_EMA200,2020-02-22,2020-02-26,-4.014421529619594,-931.801061007809,False
development,F_COG9_ALMA3_EMA200,2020-03-03,2020-03-09,-10.105150807563101,-2251.3810863804247,False
development,F_COG9_ALMA3_EMA200,2020-05-02,2020-05-04,0.47404348598356627,94.94218129211004,False
development,F_COG9_ALMA3_EMA200,2020-05-09,2020-05-10,-2.954018852435869,-594.4401913121583,False
development,F_COG9_ALMA3_EMA200,2020-05-15,2020-05-16,-5.146216961127825,-1004.9872445000983,False
development,F_COG9_ALMA3_EMA200,2020-05-17,2020-05-20,3.8913327548655063,720.8177690058146,False
development,F_COG9_ALMA3_EMA200,2020-05-24,2020-05-25,-5.305422339983334,-1021.0015317704965,False
development,F_COG9_ALMA3_EMA200,2020-05-28,2020-06-03,3.1012226866983017,565.1509938121999,False
development,F_COG9_ALMA3_EMA200,2020-06-09,2020-06-10,-0.39698844699623814,-74.58873250877878,False
development,F_COG9_ALMA3_EMA200,2020-06-11,2020-06-12,-6.414980623381494,-1200.502800811948,False
development,F_COG9_ALMA3_EMA200,2020-06-17,2020-06-21,-2.057892465319955,-360.4100065451421,False
development,F_COG9_ALMA3_EMA200,2020-06-23,2020-06-25,-4.286872800850794,-735.3332526356826,False
development,F_COG9_ALMA3_EMA200,2020-07-02,2020-07-06,-2.0553258699568255,-337.4394099327601,False
development,F_COG9_ALMA3_EMA200,2020-07-07,2020-07-10,-1.4739761148336195,-237.02075980037625,False
development,F_COG9_ALMA3_EMA200,2020-07-11,2020-07-12,-0.8826180904906611,-139.83623469148915,False
development,F_COG9_ALMA3_EMA200,2020-07-18,2020-07-19,-0.12540208335543035,-19.692527944778703,False
development,F_COG9_ALMA3_EMA200,2020-07-20,2020-07-21,-0.8214926743611461,-128.84140664622464,False
development,F_COG9_ALMA3_EMA200,2020-07-22,2020-08-03,17.55266950479499,2730.313434612148,False
development,F_COG9_ALMA3_EMA200,2020-08-06,2020-08-08,-1.5775428123732893,-288.4582607295488,False
development,F_COG9_ALMA3_EMA200,2020-08-11,2020-08-12,-4.497936435826699,-809.4860025205635,False
development,F_COG9_ALMA3_EMA200,2020-08-15,2020-08-21,0.4887751086338987,84.00746240899389,False
development,F_COG9_ALMA3_EMA200,2020-08-27,2020-09-04,-11.809176489701635,-2039.6044512922526,False
development,F_COG9_ALMA3_EMA200,2020-09-09,2020-09-19,7.643081989620293,1164.1749610133338,False
development,F_COG9_ALMA3_EMA200,2020-09-20,2020-09-21,-1.7424243756812396,-285.6865521173004,False
development,F_COG9_ALMA3_EMA200,2020-09-25,2020-10-01,0.07431451922552679,11.972244470074656,False
development,F_COG9_ALMA3_EMA200,2020-10-06,2020-10-07,-2.0783651434876704,-335.0783576483809,False
development,F_COG9_ALMA3_EMA200,2020-10-08,2020-10-15,6.724739683020298,1061.6433919808678,False
development,F_COG9_ALMA3_EMA200,2020-10-20,2020-10-26,10.544644031989714,1776.6431717642736,False
development,F_COG9_ALMA3_EMA200,2020-11-01,2020-11-02,-0.5128898270316151,-95.52786649727568,False
development,F_COG9_ALMA3_EMA200,2020-11-04,2020-11-05,0.5570032845932715,103.21208834887511,False
development,F_COG9_ALMA3_EMA200,2020-11-06,2020-11-08,-5.234812511617792,-975.4078881603891,False
development,F_COG9_ALMA3_EMA200,2020-11-09,2020-11-10,-1.244621071700991,-219.77136584868276,False
development,F_COG9_ALMA3_EMA200,2020-11-15,2020-11-17,3.6930435943216766,643.9900419418736,False
development,F_COG9_ALMA3_EMA200,2020-11-18,2020-11-20,0.510219286611524,92.25739993731986,False
development,F_COG9_ALMA3_EMA200,2020-11-21,2020-11-23,-1.5916826402685658,-289.27509163139257,False
development,F_COG9_ALMA3_EMA200,2020-11-30,2020-12-06,4.978295603062288,890.362882815647,False
development,F_COG9_ALMA3_EMA200,2020-12-10,2020-12-11,-1.8400144023981935,-345.46742747900134,False
development,F_COG9_ALMA3_EMA200,2020-12-13,2020-12-21,24.332310074982576,4484.39347343372,False
development,F_COG9_ALMA3_EMA200,2020-12-27,2021-01-02,10.381592000111572,2378.8569634755986,False
development,F_COG9_ALMA3_EMA200,2021-01-03,2021-01-05,-0.8780505982866282,-222.08568654686314,False
development,F_COG9_ALMA3_EMA200,2021-01-06,2021-01-10,17.72809657983423,4444.602943739486,False
development,F_COG9_ALMA3_EMA200,2021-01-18,2021-01-21,-1.2924087962535968,-381.4616545783829,False
development,F_COG9_ALMA3_EMA200,2021-01-24,2021-01-25,0.26440738231763294,77.03269879256186,False
development,F_COG9_ALMA3_EMA200,2021-01-26,2021-02-06,18.35555034516194,5361.863309533892,False
development,F_COG9_ALMA3_EMA200,2021-02-07,2021-02-11,14.017884153858805,4846.40187266477,False
development,F_COG9_ALMA3_EMA200,2021-02-12,2021-02-13,-1.6931720150392793,-667.4381341456319,False
development,F_COG9_ALMA3_EMA200,2021-02-18,2021-02-23,3.469034628697032,1344.3187405007338,False
development,F_COG9_ALMA3_EMA200,2021-03-02,2021-03-15,18.557345940192693,7440.804239207049,False
development,F_COG9_ALMA3_EMA200,2021-03-27,2021-04-03,6.81107616970289,3237.786594473735,False
development,F_COG9_ALMA3_EMA200,2021-04-09,2021-04-17,5.292170125816509,2687.0922178566616,False
development,F_COG9_ALMA3_EMA200,2021-04-25,2021-05-03,12.70961861813431,6794.810822316547,False
development,F_COG9_ALMA3_EMA200,2021-05-10,2021-05-11,-4.450293073715894,-2681.6027584778203,False
development,F_COG9_ALMA3_EMA200,2021-05-19,2021-05-20,-14.675452048120318,-8449.415719584278,False
development,F_COG9_ALMA3_EMA200,2021-07-31,2021-08-01,-2.0582661503343314,-1011.1386669076164,False
development,F_COG9_ALMA3_EMA200,2021-08-06,2021-08-12,11.041632053669993,5312.63825925922,False
development,F_COG9_ALMA3_EMA200,2021-08-20,2021-08-22,4.095355727545713,2188.035893539156,False
development,F_COG9_ALMA3_EMA200,2021-08-23,2021-08-25,-3.468815749462706,-1929.1917543363088,False
development,F_COG9_ALMA3_EMA200,2021-08-30,2021-08-31,-3.948642432317362,-2119.871845798334,False
development,F_COG9_ALMA3_EMA200,2021-09-02,2021-09-05,1.9616711083151106,1011.5596607138359,False
development,F_COG9_ALMA3_EMA200,2021-09-06,2021-09-08,-9.716012861138502,-5108.463939550369,False
development,F_COG9_ALMA3_EMA200,2021-09-15,2021-09-20,-0.006460230644667053,-3.066627351254283,False
development,F_COG9_ALMA3_EMA200,2021-09-24,2021-09-29,-8.833428568025836,-4192.897303643651,False
development,F_COG9_ALMA3_EMA200,2021-10-02,2021-10-08,11.388292061301497,4928.09581037108,False
development,F_COG9_ALMA3_EMA200,2021-10-16,2021-10-22,0.5422683267496176,261.381189267071,False
development,F_COG9_ALMA3_EMA200,2021-10-29,2021-11-01,0.8919157717689918,432.24762311693485,False
development,F_COG9_ALMA3_EMA200,2021-11-02,2021-11-05,0.49248943994031347,240.8030933378177,False
development,F_COG9_ALMA3_EMA200,2021-11-08,2021-11-11,2.2355053619371734,1098.4352452977037,False
development,F_COG9_ALMA3_EMA200,2021-11-12,2021-11-13,-1.3031544822004415,-654.630738453081,False
development,F_COG9_ALMA3_EMA200,2021-11-21,2021-11-23,-6.083268526045337,-3016.0653790079523,False
development,F_COG9_ALMA3_EMA200,2021-11-24,2021-11-27,-6.91411652325995,-3219.4629249652935,False
development,F_COG9_ALMA3_EMA200,2021-11-29,2021-12-02,-0.45764429595474,-198.3620612072409,False
development,F_COG9_ALMA3_EMA200,2021-12-03,2021-12-04,-5.3887088306374125,-2325.0012509303415,False
development,F_COG9_ALMA3_EMA200,2021-12-09,2021-12-10,-6.097902801255017,-2489.212309355884,False
development,G_COG9_LSMA200_EMA200,2019-04-24,2019-04-25,-1.677876144327728,-167.7876144327729,False
development,G_COG9_LSMA200_EMA200,2019-05-04,2019-05-19,25.386538171400332,2496.058350355175,False
development,G_COG9_LSMA200_EMA200,2019-05-30,2019-05-31,-4.674309301675194,-576.261505744922,False
development,G_COG9_LSMA200_EMA200,2019-06-16,2019-07-01,22.822255833423853,2682.0736120786896,False
development,G_COG9_LSMA200_EMA200,2019-07-10,2019-07-12,-9.878524808839995,-1425.8744545007921,False
development,G_COG9_LSMA200_EMA200,2019-08-03,2019-08-12,9.319535413591806,1212.3045873706833,False
development,G_COG9_LSMA200_EMA200,2019-09-04,2019-09-11,-5.125488922343335,-728.8708172404822,False
development,G_COG9_LSMA200_EMA200,2019-09-18,2019-09-20,0.25065008823170754,33.81681297264731,False
development,G_COG9_LSMA200_EMA200,2019-10-26,2019-11-10,1.4661945629687034,198.30954404728618,False
development,G_COG9_LSMA200_EMA200,2020-01-29,2020-02-05,-2.1958642075583734,-301.35532074697585,False
development,G_COG9_LSMA200_EMA200,2020-02-07,2020-02-17,1.115559060099991,149.73494647149346,False
development,G_COG9_LSMA200_EMA200,2020-03-06,2020-03-09,-11.52942776005894,-1564.7910153621215,False
development,G_COG9_LSMA200_EMA200,2020-05-18,2020-05-22,-6.618680991322501,-794.7286636103145,False
development,G_COG9_LSMA200_EMA200,2020-05-30,2020-06-06,1.7583192287714766,197.15380229202856,False
development,G_COG9_LSMA200_EMA200,2020-07-07,2020-07-14,-1.365231042210202,-155.7698893160341,False
development,G_COG9_LSMA200_EMA200,2020-07-22,2020-08-05,18.833485820257877,2119.5228247866835,False
development,G_COG9_LSMA200_EMA200,2020-08-11,2020-08-12,-4.4979364358267215,-601.5331124928362,False
development,G_COG9_LSMA200_EMA200,2020-09-15,2020-09-22,-2.6776706462088296,-341.99215081483453,False
development,G_COG9_LSMA200_EMA200,2020-09-30,2020-10-03,-2.7843870387316394,-346.09958557417485,False
development,G_COG9_LSMA200_EMA200,2020-10-05,2020-11-26,74.96411814213072,9058.596831366787,False
development,G_COG9_LSMA200_EMA200,2020-12-04,2020-12-07,-0.6263870700456864,-132.4339312709344,False
development,G_COG9_LSMA200_EMA200,2020-12-17,2020-12-25,10.885085765541302,2286.9644927345907,False
development,G_COG9_LSMA200_EMA200,2020-12-27,2021-01-13,28.134386457334525,6554.478631830483,False
development,G_COG9_LSMA200_EMA200,2021-02-03,2021-02-17,38.09565274085611,11372.130016175746,False
development,G_COG9_LSMA200_EMA200,2021-02-20,2021-02-24,-12.809811683933692,-5280.671471985879,False
development,G_COG9_LSMA200_EMA200,2021-03-11,2021-03-17,1.573282783579244,565.4846363129545,False
development,G_COG9_LSMA200_EMA200,2021-03-31,2021-04-04,-3.175537739052481,-1159.339911138035,False
development,G_COG9_LSMA200_EMA200,2021-04-14,2021-04-18,-5.895540377301334,-2084.0216216658373,False
development,G_COG9_LSMA200_EMA200,2021-04-30,2021-05-13,-7.779364889739416,-2587.8133561307513,False
development,G_COG9_LSMA200_EMA200,2021-08-06,2021-08-29,19.299923816445986,5920.692569640403,False
development,G_COG9_LSMA200_EMA200,2021-09-04,2021-09-09,-8.17558306925389,-2992.0980306291603,False
development,G_COG9_LSMA200_EMA200,2021-09-16,2021-09-21,-10.875861124255392,-3654.9287520055223,False
development,G_COG9_LSMA200_EMA200,2021-10-02,2021-10-23,25.684310446688507,7692.695096280986,False
development,G_COG9_LSMA200_EMA200,2021-11-10,2021-11-11,-3.375182028605883,-1270.541559517529,False
development,G_COG9_LSMA200_EMA200,2021-11-12,2021-11-13,-1.3031544822004193,-473.9977349680994,False
development,H_COG9_ALMA3_confirma2,2019-01-08,2019-01-10,-0.5678079507138722,-56.78079507138682,False
development,H_COG9_ALMA3_confirma2,2019-01-17,2019-01-21,-1.7590392997523074,-174.905133475213,False
development,H_COG9_ALMA3_confirma2,2019-01-28,2019-01-29,-3.558726500888243,-347.627581550807,False
development,H_COG9_ALMA3_confirma2,2019-02-03,2019-02-07,-3.0611830694339037,-288.3844598533451,False
development,H_COG9_ALMA3_confirma2,2019-02-10,2019-02-13,-1.2154440622555551,-110.99802277147683,False
development,H_COG9_ALMA3_confirma2,2019-02-19,2019-02-25,-4.233744960323893,-381.93900376362035,False
development,H_COG9_ALMA3_confirma2,2019-03-03,2019-03-06,0.6820627677792013,58.9258920615157,False
development,H_COG9_ALMA3_confirma2,2019-03-08,2019-03-12,-0.35154193480602114,-30.57814010936272,False
development,H_COG9_ALMA3_confirma2,2019-03-17,2019-03-22,-0.9249837244691972,-80.17493227180421,False
development,H_COG9_ALMA3_confirma2,2019-03-29,2019-04-07,24.79374128850962,2129.1719109357546,False
development,H_COG9_ALMA3_confirma2,2019-04-18,2019-04-22,0.7544848043624874,80.85594647164726,False
development,H_COG9_ALMA3_confirma2,2019-05-03,2019-05-09,8.62480995012691,931.2695191920411,False
development,H_COG9_ALMA3_confirma2,2019-05-11,2019-05-17,23.057293400966074,2704.3519445322745,False
development,H_COG9_ALMA3_confirma2,2019-05-25,2019-05-28,9.56469149865875,1380.4898237788784,False
development,H_COG9_ALMA3_confirma2,2019-05-30,2019-05-31,-4.674309301675173,-739.1801734570017,False
development,H_COG9_ALMA3_confirma2,2019-06-11,2019-06-19,13.45401450511865,2028.1249853256013,False
development,H_COG9_ALMA3_confirma2,2019-06-23,2019-06-28,5.285217062094438,903.9106843806476,False
development,H_COG9_ALMA3_confirma2,2019-07-09,2019-07-11,-1.3625735387407967,-245.3522466040631,False
development,H_COG9_ALMA3_confirma2,2019-07-20,2019-07-24,-6.382677107054735,-1133.6387837010807,False
development,H_COG9_ALMA3_confirma2,2019-07-31,2019-08-08,24.691056782971764,4105.515697093244,False
development,H_COG9_ALMA3_confirma2,2019-08-19,2019-08-24,0.49360913612859214,102.34026419807924,False
development,H_COG9_ALMA3_confirma2,2019-09-03,2019-09-07,-0.6976775166070981,-145.36388312303097,False
development,H_COG9_ALMA3_confirma2,2019-09-14,2019-09-16,-0.6926993803575421,-143.31973393489898,False
development,H_COG9_ALMA3_confirma2,2019-09-18,2019-09-19,-0.6036192916019423,-124.02392815594794,False
development,H_COG9_ALMA3_confirma2,2019-09-30,2019-10-06,0.7480239958548518,152.76662067796133,False
development,H_COG9_ALMA3_confirma2,2019-10-11,2019-10-14,-3.591668639842971,-739.0022175664308,False
development,H_COG9_ALMA3_confirma2,2019-10-20,2019-10-24,-6.33685647968667,-1257.007636686405,False
development,H_COG9_ALMA3_confirma2,2019-10-27,2019-11-01,-1.2624215356272228,-234.5509352877125,False
development,H_COG9_ALMA3_confirma2,2019-11-06,2019-11-09,-6.019424685761665,-1104.257179215234,False
development,H_COG9_ALMA3_confirma2,2019-11-15,2019-11-18,-1.954348575859588,-336.94217303389087,False
development,H_COG9_ALMA3_confirma2,2019-11-27,2019-12-02,2.9995277533401143,507.03106272913647,False
development,H_COG9_ALMA3_confirma2,2019-12-08,2019-12-11,-3.8037691776482974,-662.2638821315304,False
development,H_COG9_ALMA3_confirma2,2019-12-20,2019-12-26,0.4491113374196276,75.21924846525872,False
development,H_COG9_ALMA3_confirma2,2020-01-02,2020-01-03,-3.5571914148297745,-598.4505987285411,False
development,H_COG9_ALMA3_confirma2,2020-01-05,2020-01-10,5.984777482486736,971.0440407539318,False
development,H_COG9_ALMA3_confirma2,2020-01-16,2020-01-19,0.775223472742903,133.30956954090288,False
development,H_COG9_ALMA3_confirma2,2020-01-28,2020-02-02,5.037613362511961,872.9975283995627,False
development,H_COG9_ALMA3_confirma2,2020-02-08,2020-02-11,0.08517584225542496,15.504203636355669,False
development,H_COG9_ALMA3_confirma2,2020-02-23,2020-02-26,-3.75384115007541,-683.8780653948088,False
development,H_COG9_ALMA3_confirma2,2020-03-04,2020-03-09,-8.554477050222186,-1499.9599221649114,False
development,H_COG9_ALMA3_confirma2,2020-03-18,2020-03-22,16.11000707708463,2583.1187314821873,False
development,H_COG9_ALMA3_confirma2,2020-03-24,2020-03-26,2.972317286801296,553.3672547114984,False
development,H_COG9_ALMA3_confirma2,2020-04-03,2020-04-08,5.62125771550861,1077.636448431149,False
development,H_COG9_ALMA3_confirma2,2020-04-18,2020-04-21,-3.106063596933073,-628.92731007158,False
development,H_COG9_ALMA3_confirma2,2020-04-24,2020-04-25,-0.01925822803535704,-3.7783573877859453,False
development,H_COG9_ALMA3_confirma2,2020-04-27,2020-05-01,11.712817094567152,2297.5471134076834,False
development,H_COG9_ALMA3_confirma2,2020-05-03,2020-05-04,-1.1710398377121845,-256.61245857474205,False
development,H_COG9_ALMA3_confirma2,2020-05-18,2020-05-20,0.6687098091199939,144.8198147817966,False
development,H_COG9_ALMA3_confirma2,2020-05-29,2020-06-03,-0.9018636746364717,-196.61909430702872,False
development,H_COG9_ALMA3_confirma2,2020-06-18,2020-06-21,-1.4179921226997738,-306.3543856154065,False
development,H_COG9_ALMA3_confirma2,2020-06-24,2020-06-25,-3.6766529221745614,-783.0699839662229,False
development,H_COG9_ALMA3_confirma2,2020-07-03,2020-07-06,-0.4875065622539254,-100.0138105453334,False
development,H_COG9_ALMA3_confirma2,2020-07-08,2020-07-10,-0.5685805553988676,-116.07778704119119,False
development,H_COG9_ALMA3_confirma2,2020-07-23,2020-08-03,15.969847811974681,3241.7650315191786,False
development,H_COG9_ALMA3_confirma2,2020-08-07,2020-08-08,-1.7244760966422135,-405.95979258110674,False
development,H_COG9_ALMA3_confirma2,2020-08-16,2020-08-21,-0.2899611805335489,-67.08278277339195,False
development,H_COG9_ALMA3_confirma2,2020-08-28,2020-09-04,-10.789217272730134,-2488.85751931879,False
development,H_COG9_ALMA3_confirma2,2020-09-10,2020-09-19,6.667380283856139,1372.0902314410632,False
development,H_COG9_ALMA3_confirma2,2020-09-26,2020-10-01,0.540291712139318,118.60073506596018,False
development,H_COG9_ALMA3_confirma2,2020-10-09,2020-10-15,4.194317423826166,925.6792113367337,False
development,H_COG9_ALMA3_confirma2,2020-10-21,2020-10-26,9.073128678099573,2086.4131927565068,False
development,H_COG9_ALMA3_confirma2,2020-11-07,2020-11-08,-5.173439916121037,-1297.5987851292812,False
development,H_COG9_ALMA3_confirma2,2020-11-16,2020-11-17,4.4244899180026165,1052.3355135074817,False
development,H_COG9_ALMA3_confirma2,2020-11-19,2020-11-20,-0.159010208513366,-39.49284190799881,False
development,H_COG9_ALMA3_confirma2,2020-11-22,2020-11-23,-1.8449668069992486,-457.49970102021325,False
development,H_COG9_ALMA3_confirma2,2020-12-01,2020-12-06,-3.074588452214222,-748.3449346997586,False
development,H_COG9_ALMA3_confirma2,2020-12-14,2020-12-21,21.957188879067147,5179.99360027046,False
development,H_COG9_ALMA3_confirma2,2020-12-28,2021-01-02,11.271396938526301,3242.9304535067095,False
development,H_COG9_ALMA3_confirma2,2021-01-04,2021-01-05,-3.351890411476366,-1073.0828207909617,False
development,H_COG9_ALMA3_confirma2,2021-01-07,2021-01-10,8.6995679739865,2691.7485058902494,False
development,H_COG9_ALMA3_confirma2,2021-01-19,2021-01-21,-3.4418095398751847,-1157.5811518881674,False
development,H_COG9_ALMA3_confirma2,2021-01-27,2021-02-06,17.590599817687934,5712.607421552435,False
development,H_COG9_ALMA3_confirma2,2021-02-08,2021-02-11,15.150313326330389,5785.59396520866,False
development,H_COG9_ALMA3_confirma2,2021-02-19,2021-02-23,4.60314234326844,2024.1647878583826,False
development,H_COG9_ALMA3_confirma2,2021-03-03,2021-03-15,21.394574795526978,9841.014044262702,False
development,H_COG9_ALMA3_confirma2,2021-03-28,2021-04-03,5.2963746399912415,2957.4279141363586,False
development,H_COG9_ALMA3_confirma2,2021-04-10,2021-04-17,5.174405256142212,3042.3510743342267,False
development,H_COG9_ALMA3_confirma2,2021-04-26,2021-05-03,14.963224779084804,9253.033910925587,False
development,H_COG9_ALMA3_confirma2,2021-05-24,2021-05-29,2.5187099142897518,1790.5895390791702,False
development,H_COG9_ALMA3_confirma2,2021-06-04,2021-06-07,-9.064942621708582,-6606.722766679071,False
development,H_COG9_ALMA3_confirma2,2021-06-11,2021-06-17,4.24314991380883,2812.164651183033,False
development,H_COG9_ALMA3_confirma2,2021-06-25,2021-07-01,0.7989551600739109,551.9786765343015,False
development,H_COG9_ALMA3_confirma2,2021-07-10,2021-07-11,-1.2222036760043853,-851.1370795905677,False
development,H_COG9_ALMA3_confirma2,2021-07-23,2021-07-30,23.5726379725107,16215.242378626848,False
development,H_COG9_ALMA3_confirma2,2021-08-07,2021-08-12,5.923571169597763,5035.251725359252,False
development,H_COG9_ALMA3_confirma2,2021-08-21,2021-08-22,-1.3114433859336638,-1180.809226061363,False
development,H_COG9_ALMA3_confirma2,2021-08-24,2021-08-25,-3.9557351166426225,-3514.99078289936,False
development,H_COG9_ALMA3_confirma2,2021-09-03,2021-09-05,1.058715433911428,903.5405933773727,False
development,H_COG9_ALMA3_confirma2,2021-09-07,2021-09-08,-11.274831138992402,-9724.163323170156,False
development,H_COG9_ALMA3_confirma2,2021-09-16,2021-09-20,-2.1220558431991,-1623.8497441665968,False
development,H_COG9_ALMA3_confirma2,2021-09-25,2021-09-30,-3.2951580907433553,-2468.028252938442,False
development,H_COG9_ALMA3_confirma2,2021-10-03,2021-10-08,12.57317065492023,9106.823113057108,False
development,H_COG9_ALMA3_confirma2,2021-10-17,2021-10-22,1.8583481025310933,1515.249180204788,False
development,H_COG9_ALMA3_confirma2,2021-10-30,2021-11-01,-1.8272231112511972,-1517.5576471671811,False
development,H_COG9_ALMA3_confirma2,2021-11-03,2021-11-05,-3.178505297011125,-2591.597980591221,False
development,H_COG9_ALMA3_confirma2,2021-11-09,2021-11-11,-4.202475033121256,-3317.581634513699,False
development,H_COG9_ALMA3_confirma2,2021-11-22,2021-11-23,-4.337169100531457,-3280.024744337061,False
development,H_COG9_ALMA3_confirma2,2021-11-25,2021-11-27,-6.257624730022515,-4527.135657206192,False
development,H_COG9_ALMA3_confirma2,2021-11-30,2021-12-02,-1.3214344425249824,-896.180664179512,False
development,H_COG9_ALMA3_confirma2,2021-12-12,2021-12-14,-5.724091931080499,-3830.710878026759,False
development,H_COG9_ALMA3_confirma2,2021-12-17,2021-12-19,-1.9696747686010707,-1242.7049286286856,False
development,H_COG9_ALMA3_confirma2,2021-12-22,2021-12-27,3.550577370328223,2196.002971066162,False
development,H_COG9_ALMA3_confirma2,2022-01-03,2022-01-07,-9.163212845740476,-5868.596387280806,False
development,H_COG9_ALMA3_confirma2,2022-01-12,2022-01-17,0.4993028252324061,290.47733794087253,False
development,H_COG9_ALMA3_confirma2,2022-01-26,2022-02-01,3.7700635250393466,2204.2454322299454,False
development,H_COG9_ALMA3_confirma2,2022-02-06,2022-02-11,4.790779497483277,2906.6286254374863,False
development,H_COG9_ALMA3_confirma2,2022-02-17,2022-02-18,-7.930095215379007,-5041.79097810229,False
development,H_COG9_ALMA3_confirma2,2022-02-26,2022-03-04,7.923853435067696,4638.31845531107,False
development,H_COG9_ALMA3_confirma2,2022-03-11,2022-03-14,-4.458987013955373,-2816.9411885575755,False
development,H_COG9_ALMA3_confirma2,2022-03-18,2022-03-21,0.539175092833255,325.43273480904463,False
development,H_COG9_ALMA3_confirma2,2022-03-27,2022-03-31,5.427226674776775,3293.4016023744553,False
development,H_COG9_ALMA3_confirma2,2022-04-15,2022-04-21,3.234488246704803,2069.307783588374,False
development,H_COG9_ALMA3_confirma2,2022-04-30,2022-05-01,-2.7931139045553,-1844.7306773009914,False
development,H_COG9_ALMA3_confirma2,2022-05-03,2022-05-04,-2.3600870807907848,-1515.1979776774897,False
development,H_COG9_ALMA3_confirma2,2022-05-15,2022-05-19,-4.844084020246708,-3036.549780325673,False
development,H_COG9_ALMA3_confirma2,2022-05-26,2022-05-28,-3.3785324584365672,-2015.2671593158084,False
development,H_COG9_ALMA3_confirma2,2022-06-01,2022-06-02,-6.554794871892877,-3777.7852519249573,False
development,H_COG9_ALMA3_confirma2,2022-06-10,2022-06-11,-3.6705661310438398,-1976.8250523565293,False
development,H_COG9_ALMA3_confirma2,2022-06-20,2022-06-28,0.5173300853619001,268.3872786567881,False
development,H_COG9_ALMA3_confirma2,2022-07-06,2022-07-11,3.0867631999134115,1609.6759288933026,False
development,H_COG9_ALMA3_confirma2,2022-07-18,2022-07-22,10.97742098067258,5901.173164053966,False
development,H_COG9_ALMA3_confirma2,2022-07-29,2022-08-03,-3.89249224997702,-2322.204293577095,False
development,H_COG9_ALMA3_confirma2,2022-08-08,2022-08-14,5.15849888185389,2957.69456447869,False
development,H_COG9_ALMA3_confirma2,2022-08-24,2022-08-29,-9.438750424693188,-5691.003638721864,False
development,H_COG9_ALMA3_confirma2,2022-09-02,2022-09-06,-1.9699208568196624,-1075.6365354020381,False
development,H_COG9_ALMA3_confirma2,2022-09-11,2022-09-14,-7.0864569368430335,-3793.1958994414017,False
development,H_COG9_ALMA3_confirma2,2022-09-21,2022-09-25,-0.04768888810841032,-23.717687256197678,False
development,H_COG9_ALMA3_confirma2,2022-09-27,2022-10-01,0.7164494381700193,356.1504752462788,False
development,H_COG9_ALMA3_confirma2,2022-10-05,2022-10-07,-2.1484226014279018,-1075.6428666009888,False
development,H_COG9_ALMA3_confirma2,2022-10-15,2022-10-20,-0.5781119491716447,-283.2227699847281,False
development,H_COG9_ALMA3_confirma2,2022-10-24,2022-10-25,-1.5212000908827905,-740.9426066778033,False
development,H_COG9_ALMA3_confirma2,2022-10-27,2022-10-31,-0.9913519239334367,-475.5200435156803,False
development,H_COG9_ALMA3_confirma2,2022-11-06,2022-11-09,-13.190731983076597,-6264.450765759029,False
development,H_COG9_ALMA3_confirma2,2022-11-16,2022-11-19,-1.486122983528504,-612.6817570558051,False
development,H_COG9_ALMA3_confirma2,2022-11-21,2022-11-22,-3.35073534542929,-1360.8734344644981,False
development,H_COG9_ALMA3_confirma2,2022-11-25,2022-12-06,1.9035286150748787,747.19778078542,False
development,H_COG9_ALMA3_confirma2,2022-12-11,2022-12-13,0.17451789023785746,69.80802324614342,False
development,H_COG9_ALMA3_confirma2,2022-12-15,2022-12-16,-2.8029802873847154,-1123.1627476374051,False
development,H_COG9_ALMA3_confirma2,2022-12-24,2022-12-26,0.018889038177527517,7.35674055153504,False
validation,A_COG9_virada,2023-01-03,2023-01-18,26.367576870058194,2636.75768700582,False
validation,A_COG9_virada,2023-01-24,2023-01-25,-1.543184662089414,-195.0085064112791,False
validation,A_COG9_virada,2023-01-26,2023-01-27,-0.519051958539829,-64.57914279848956,False
validation,A_COG9_virada,2023-01-30,2023-01-31,-4.145871334372641,-513.1415446035462,False
validation,A_COG9_virada,2023-02-02,2023-02-03,-1.3165776762969483,-156.19915065088207,False
validation,A_COG9_virada,2023-02-08,2023-02-09,-1.5030809030873171,-175.97814701379684,False
validation,A_COG9_virada,2023-02-13,2023-02-20,11.098110686307084,1279.8176098599051,False
validation,A_COG9_virada,2023-02-28,2023-03-01,-1.7871578429447421,-228.9647438675911,False
validation,A_COG9_virada,2023-03-02,2023-03-04,-5.680898054554073,-714.8105902411935,False
validation,A_COG9_virada,2023-03-12,2023-03-19,31.146081965060525,3696.3838280906075,False
validation,A_COG9_virada,2023-03-27,2023-03-28,-3.305210126443725,-514.4320694065445,False
validation,A_COG9_virada,2023-03-30,2023-04-03,-0.9211002534880275,-138.62416256274446,False
validation,A_COG9_virada,2023-04-05,2023-04-06,-0.2834799306305702,-42.27031913803694,False
validation,A_COG9_virada,2023-04-10,2023-04-16,6.639622789362543,987.2422424207107,False
validation,A_COG9_virada,2023-04-25,2023-05-01,5.942008330403392,942.1763083912192,False
validation,A_COG9_virada,2023-05-07,2023-05-08,-1.744520284325246,-293.0509598582139,False
validation,A_COG9_virada,2023-05-15,2023-05-22,-0.9285859898672366,-153.26607368094665,False
validation,A_COG9_virada,2023-05-24,2023-05-25,-3.5616920924089968,-582.4097524881454,False
validation,A_COG9_virada,2023-05-27,2023-06-01,1.583622750546998,249.73164651654224,False
validation,A_COG9_virada,2023-06-07,2023-06-11,-5.384699887576428,-862.5952223604581,False
validation,A_COG9_virada,2023-06-12,2023-06-15,-3.364299801138204,-509.9194836432762,False
validation,A_COG9_virada,2023-06-16,2023-06-25,18.89761797562435,2767.907544960326,False
validation,A_COG9_virada,2023-07-03,2023-07-06,-0.6649808962433501,-115.80487366544912,False
validation,A_COG9_virada,2023-07-11,2023-07-15,-0.6259782059905405,-108.28773276414722,False
validation,A_COG9_virada,2023-07-23,2023-07-25,-2.3658744679594834,-406.7097763125166,False
validation,A_COG9_virada,2023-07-27,2023-07-28,-0.7383054088342833,-123.91691857511978,False
validation,A_COG9_virada,2023-07-29,2023-08-03,-0.7353681865148731,-122.51269062343272,False
validation,A_COG9_virada,2023-08-08,2023-08-12,0.43413062984312134,71.79450488459042,False
validation,A_COG9_virada,2023-08-22,2023-08-28,-0.3954850319636938,-65.68741212736859,False
validation,A_COG9_virada,2023-08-30,2023-09-01,-6.686581819146897,-1106.2041648389695,False
validation,A_COG9_virada,2023-09-08,2023-09-11,-1.8693913043974164,-288.58612236924637,False
validation,A_COG9_virada,2023-09-13,2023-09-21,4.6580967168293075,705.6481688980875,False
validation,A_COG9_virada,2023-09-29,2023-10-04,1.194993611260342,189.46026187053758,False
validation,A_COG9_virada,2023-10-11,2023-10-12,-2.172702424443751,-348.5875131742141,False
validation,A_COG9_virada,2023-10-16,2023-10-23,10.121761852609268,1588.6482495819146,False
validation,A_COG9_virada,2023-10-24,2023-10-28,2.178701159621088,376.5671655052611,False
validation,A_COG9_virada,2023-11-04,2023-11-06,0.5479530288486245,96.7717276519652,False
validation,A_COG9_virada,2023-11-08,2023-11-13,4.389865368942236,779.5241914796497,False
validation,A_COG9_virada,2023-11-16,2023-11-17,-4.762556164696374,-882.8295147298668,False
validation,A_COG9_virada,2023-11-20,2023-11-22,-4.617963812675363,-815.2578505525635,False
validation,A_COG9_virada,2023-11-23,2023-11-24,-0.6035958205702463,-101.63827310742636,False
validation,A_COG9_virada,2023-11-25,2023-11-26,-0.12216359157346535,-20.446713859993906,False
validation,A_COG9_virada,2023-11-29,2023-12-01,-0.5497582328995887,-91.90149890511384,False
validation,A_COG9_virada,2023-12-02,2023-12-09,13.846504458455033,2301.9550873231783,False
validation,A_COG9_virada,2023-12-15,2023-12-16,-2.8069246510247337,-531.2600408503749,False
validation,A_COG9_virada,2023-12-18,2023-12-25,3.5965960597893254,661.61201733286,False
validation,A_COG9_virada,2024-01-01,2024-01-07,3.6728976143892034,699.9484058233065,False
validation,A_COG9_virada,2024-01-09,2024-01-10,-2.0854976072443354,-412.03313206846724,False
validation,A_COG9_virada,2024-01-11,2024-01-13,-8.572503935398835,-1658.3536766826874,False
validation,A_COG9_virada,2024-01-18,2024-01-22,-3.086593769572632,-545.9159281588436,False
validation,A_COG9_virada,2024-01-26,2024-02-01,6.234467886174966,1068.6353612829225,False
validation,A_COG9_virada,2024-02-08,2024-02-14,11.727556760895585,2135.5175222461767,False
validation,A_COG9_virada,2024-02-15,2024-02-16,-0.13624227822895962,-27.718376829241606,False
validation,A_COG9_virada,2024-02-26,2024-03-03,19.47220300658634,3956.2059331424207,False
validation,A_COG9_virada,2024-03-05,2024-03-06,-6.905321523430308,-1676.1565484374842,False
validation,A_COG9_virada,2024-03-09,2024-03-10,-0.022830199347667612,-5.158996499951172,False
validation,A_COG9_virada,2024-03-12,2024-03-13,-1.1655897527524162,-263.3310608006468,False
validation,A_COG9_virada,2024-03-14,2024-03-15,-2.5964742514596684,-579.7604204536219,False
validation,A_COG9_virada,2024-03-21,2024-03-29,4.021293819351501,874.5910463617256,False
validation,A_COG9_virada,2024-03-30,2024-03-31,-0.6825916127067067,-154.42671012343635,False
validation,A_COG9_virada,2024-04-05,2024-04-06,-1.2707769183250228,-285.5329078584291,False
validation,A_COG9_virada,2024-04-07,2024-04-12,1.3070655715219592,289.9545613254595,False
validation,A_COG9_virada,2024-04-19,2024-04-25,0.9877252888806254,221.97725617711694,False
validation,A_COG9_virada,2024-05-04,2024-05-11,-3.600627237949705,-817.1825009441272,False
validation,A_COG9_virada,2024-05-14,2024-05-20,4.981540042793897,1089.8801161539159,False
validation,A_COG9_virada,2024-05-21,2024-05-22,-2.111240287171179,-484.91509969498657,False
validation,A_COG9_virada,2024-05-30,2024-06-01,-0.4651963694527028,-104.59169127644418,False
validation,A_COG9_virada,2024-06-04,2024-06-08,0.49114281791595715,109.91162547273052,False
validation,A_COG9_virada,2024-06-16,2024-06-21,-2.3442843382719736,-527.1981824364084,False
validation,A_COG9_virada,2024-06-22,2024-06-23,-0.11543993516086593,-25.3522996545762,False
validation,A_COG9_virada,2024-06-26,2024-07-04,-2.876411496607123,-630.9728351845188,False
validation,A_COG9_virada,2024-07-10,2024-07-21,15.312406145304003,3262.329373302531,False
validation,A_COG9_virada,2024-07-29,2024-07-30,-2.439936830748146,-599.4307028171461,False
validation,A_COG9_virada,2024-07-31,2024-08-01,-2.64939813794145,-635.0087367875894,False
validation,A_COG9_virada,2024-08-09,2024-08-15,-5.152541079442019,-1202.2438873601168,False
validation,A_COG9_virada,2024-08-18,2024-08-21,-1.1009317987959788,-243.6448470080868,False
validation,A_COG9_virada,2024-08-22,2024-08-27,2.4359827305757698,533.1669490774912,False
validation,A_COG9_virada,2024-09-03,2024-09-06,-5.277009463971593,-1183.1217162194262,False
validation,A_COG9_virada,2024-09-09,2024-09-16,7.444730121782173,1581.051121344466,False
validation,A_COG9_virada,2024-09-19,2024-09-22,2.265589680242619,516.9676066224129,False
validation,A_COG9_virada,2024-09-23,2024-09-25,0.7729635636594123,180.3726236342991,False
validation,A_COG9_virada,2024-09-28,2024-10-01,-4.001900948109394,-941.0700797578138,False
validation,A_COG9_virada,2024-10-06,2024-10-11,-3.081500901806733,-695.6336195734002,False
validation,A_COG9_virada,2024-10-13,2024-10-19,7.937166153965958,1736.5624884916215,False
validation,A_COG9_virada,2024-10-28,2024-11-01,3.0280926720352985,715.0972661041669,False
validation,A_COG9_virada,2024-11-07,2024-11-14,19.230008961423415,4678.763594828288,False
validation,A_COG9_virada,2024-11-16,2024-11-17,-0.7859393135288606,-227.99546318870853,False
validation,A_COG9_virada,2024-11-21,2024-11-24,3.2807026446810106,944.2288935064316,False
validation,A_COG9_virada,2024-11-25,2024-11-26,-5.27951937903225,-1569.3650958403232,False
validation,A_COG9_virada,2024-12-01,2024-12-06,0.25645043728439454,72.2066069977227,False
validation,A_COG9_virada,2024-12-07,2024-12-10,-2.7629127160677447,-779.9252550152014,False
validation,A_COG9_virada,2024-12-12,2024-12-13,-1.404473201199441,-385.5060662187607,False
validation,A_COG9_virada,2024-12-14,2024-12-15,-0.30371861160573,-82.1951849947327,False
validation,A_COG9_virada,2024-12-16,2024-12-19,-4.365276290249909,-1177.784047244888,False
validation,A_COG9_virada,2024-12-25,2024-12-29,-3.698479005435973,-954.3170790687582,False
validation,A_COG9_virada,2025-01-03,2025-01-08,-0.3305860205124467,-82.14614163281294,False
validation,A_COG9_virada,2025-01-14,2025-01-20,6.867133203493725,1700.7483620852217,False
validation,A_COG9_virada,2025-01-31,2025-02-01,-2.482940640650455,-657.165999964509,False
validation,A_COG9_virada,2025-02-04,2025-02-05,-3.8076353286778053,-982.7537130466662,False
validation,A_COG9_virada,2025-02-08,2025-02-12,-1.0522515238196917,-261.24591602956934,False
validation,A_COG9_virada,2025-02-13,2025-02-17,-2.084195847844661,-512.0052208325724,False
validation,A_COG9_virada,2025-02-20,2025-02-23,-0.3958628952707821,-95.22115713524545,False
validation,A_COG9_virada,2025-02-24,2025-02-25,-5.172938632733226,-1239.376798683119,False
validation,A_COG9_virada,2025-03-02,2025-03-08,0.5544499544130721,125.96812928748841,False
validation,A_COG9_virada,2025-03-12,2025-03-13,0.5986346766771344,136.76075595688962,False
validation,A_COG9_virada,2025-03-15,2025-03-19,-1.8050438782513556,-414.83889852432185,False
validation,A_COG9_virada,2025-03-22,2025-03-23,-0.5938307025482925,-134.01195330066184,False
validation,A_COG9_virada,2025-03-24,2025-03-28,1.0318077729048802,231.46909987528124,False
validation,A_COG9_virada,2025-04-02,2025-04-07,-8.176870023444083,-1853.273201840013,False
validation,A_COG9_virada,2025-04-10,2025-04-16,0.9419739658184989,196.03939066875319,False
validation,A_COG9_virada,2025-04-22,2025-04-27,7.802349311039358,1639.0855705755494,False
validation,A_COG9_virada,2025-05-02,2025-05-04,-0.9541087224380407,-216.0739090331699,False
validation,A_COG9_virada,2025-05-07,2025-05-13,5.8340941625038445,1308.6224348205978,False
validation,A_COG9_virada,2025-05-19,2025-05-24,0.5096623264021494,120.98988290619309,False
validation,A_COG9_virada,2025-06-01,2025-06-02,0.702345049312858,167.58103316415145,False
validation,A_COG9_virada,2025-06-04,2025-06-06,-3.9593876504740777,-951.3535570022214,False
validation,A_COG9_virada,2025-06-07,2025-06-13,1.0229031069065808,236.04963883254823,False
validation,A_COG9_virada,2025-06-19,2025-06-22,-2.9295121036573835,-682.9422546326059,False
validation,A_COG9_virada,2025-06-24,2025-07-01,1.4160790977146398,320.45231410047927,False
validation,A_COG9_virada,2025-07-03,2025-07-06,-0.8962626296557086,-205.69228579288756,False
validation,A_COG9_virada,2025-07-07,2025-07-08,-1.158578535876098,-263.5106831934172,False
validation,A_COG9_virada,2025-07-09,2025-07-16,7.787469732224084,1750.6853711116783,False
validation,A_COG9_virada,2025-07-23,2025-07-25,-1.6405740106432143,-397.53542517355163,False
validation,A_COG9_virada,2025-07-27,2025-07-29,-0.17921174797170814,-42.71323544486586,False
validation,A_COG9_virada,2025-08-05,2025-08-12,2.8468510130060354,677.301017804326,False
validation,A_COG9_virada,2025-08-13,2025-08-15,-1.8257546541459946,-446.735437198804,False
validation,A_COG9_virada,2025-08-23,2025-08-26,-6.117757729213114,-1469.5955685932022,False
validation,A_COG9_virada,2025-08-27,2025-08-29,0.4173869474783043,94.12996055787517,False
validation,A_COG9_virada,2025-09-01,2025-09-08,2.3631993898191928,535.1780525446884,False
validation,A_COG9_virada,2025-09-09,2025-09-10,-0.7611530651392528,-176.44679779193757,False
validation,A_COG9_virada,2025-09-11,2025-09-15,0.8447910662963132,194.34474523361496,False
validation,A_COG9_virada,2025-09-28,2025-10-06,12.292126962287163,2851.7010650671655,False
validation,A_COG9_virada,2025-10-15,2025-10-17,-4.56342740962139,-1188.823592365905,False
validation,A_COG9_virada,2025-10-18,2025-10-20,1.7716997892212705,440.48511397180846,False
validation,A_COG9_virada,2025-10-21,2025-10-29,1.8349078191292056,464.28257255750214,False
validation,A_COG9_virada,2025-11-06,2025-11-07,-2.7363896305123703,-705.087055154534,False
validation,A_COG9_virada,2025-11-08,2025-11-09,-1.2895595764420231,-323.1890237222651,False
validation,A_COG9_virada,2025-11-10,2025-11-14,-5.089188327657245,-1259.0031125783316,False
validation,A_COG9_virada,2025-11-19,2025-11-21,-7.081619620258717,-1662.7484985600677,False
validation,A_COG9_virada,2025-11-23,2025-12-01,6.312959362080317,1377.3001466390415,False
validation,A_COG9_virada,2025-12-04,2025-12-05,-1.7421720222755233,-404.08510538034534,False
validation,A_COG9_virada,2025-12-08,2025-12-11,1.4872753468171185,338.95367447457465,False
validation,A_COG9_virada,2025-12-12,2025-12-15,-4.978026205021024,-1151.3775011074467,False
validation,A_COG9_virada,2025-12-20,2025-12-25,-0.8283976225662348,-182.06373645670465,False
validation,A_COG9_virada,2025-12-29,2025-12-30,-1.110709847239133,-242.087608531554,False
validation,A_COG9_virada,2025-12-31,2025-12-31,-1.2429503520343776,-267.9013975502021,True
validation,B_COG9_ALMA3,2023-01-03,2023-01-18,26.367576870058194,2636.75768700582,False
validation,B_COG9_ALMA3,2023-01-24,2023-01-25,-1.543184662089414,-195.0085064112791,False
validation,B_COG9_ALMA3,2023-01-26,2023-01-27,-0.519051958539829,-64.57914279848956,False
validation,B_COG9_ALMA3,2023-01-30,2023-01-31,-4.145871334372641,-513.1415446035462,False
validation,B_COG9_ALMA3,2023-02-02,2023-02-03,-1.3165776762969483,-156.19915065088207,False
validation,B_COG9_ALMA3,2023-02-08,2023-02-09,-1.5030809030873171,-175.97814701379684,False
validation,B_COG9_ALMA3,2023-02-13,2023-02-20,11.098110686307084,1279.8176098599051,False
validation,B_COG9_ALMA3,2023-02-28,2023-03-01,-1.7871578429447421,-228.9647438675911,False
validation,B_COG9_ALMA3,2023-03-02,2023-03-04,-5.680898054554073,-714.8105902411935,False
validation,B_COG9_ALMA3,2023-03-12,2023-03-19,31.146081965060525,3696.3838280906075,False
validation,B_COG9_ALMA3,2023-03-27,2023-03-28,-3.305210126443725,-514.4320694065445,False
validation,B_COG9_ALMA3,2023-03-30,2023-04-03,-0.9211002534880275,-138.62416256274446,False
validation,B_COG9_ALMA3,2023-04-05,2023-04-06,-0.2834799306305702,-42.27031913803694,False
validation,B_COG9_ALMA3,2023-04-10,2023-04-16,6.639622789362543,987.2422424207107,False
validation,B_COG9_ALMA3,2023-04-25,2023-05-01,5.942008330403392,942.1763083912192,False
validation,B_COG9_ALMA3,2023-05-07,2023-05-08,-1.744520284325246,-293.0509598582139,False
validation,B_COG9_ALMA3,2023-05-15,2023-05-22,-0.9285859898672366,-153.26607368094665,False
validation,B_COG9_ALMA3,2023-05-24,2023-05-25,-3.5616920924089968,-582.4097524881454,False
validation,B_COG9_ALMA3,2023-05-27,2023-06-01,1.583622750546998,249.73164651654224,False
validation,B_COG9_ALMA3,2023-06-07,2023-06-11,-5.384699887576428,-862.5952223604581,False
validation,B_COG9_ALMA3,2023-06-12,2023-06-15,-3.364299801138204,-509.9194836432762,False
validation,B_COG9_ALMA3,2023-06-16,2023-06-25,18.89761797562435,2767.907544960326,False
validation,B_COG9_ALMA3,2023-07-03,2023-07-06,-0.6649808962433501,-115.80487366544912,False
validation,B_COG9_ALMA3,2023-07-11,2023-07-15,-0.6259782059905405,-108.28773276414722,False
validation,B_COG9_ALMA3,2023-07-23,2023-07-25,-2.3658744679594834,-406.7097763125166,False
validation,B_COG9_ALMA3,2023-07-27,2023-07-28,-0.7383054088342833,-123.91691857511978,False
validation,B_COG9_ALMA3,2023-07-29,2023-08-03,-0.7353681865148731,-122.51269062343272,False
validation,B_COG9_ALMA3,2023-08-08,2023-08-12,0.43413062984312134,71.79450488459042,False
validation,B_COG9_ALMA3,2023-08-22,2023-08-28,-0.3954850319636938,-65.68741212736859,False
validation,B_COG9_ALMA3,2023-08-30,2023-09-01,-6.686581819146897,-1106.2041648389695,False
validation,B_COG9_ALMA3,2023-09-08,2023-09-11,-1.8693913043974164,-288.58612236924637,False
validation,B_COG9_ALMA3,2023-09-13,2023-09-21,4.6580967168293075,705.6481688980875,False
validation,B_COG9_ALMA3,2023-09-29,2023-10-04,1.194993611260342,189.46026187053758,False
validation,B_COG9_ALMA3,2023-10-16,2023-10-23,10.121761852609268,1623.9314475133397,False
validation,B_COG9_ALMA3,2023-10-24,2023-10-28,2.178701159621066,384.9305611395648,False
validation,B_COG9_ALMA3,2023-11-04,2023-11-06,0.5479530288486023,98.92098632002308,False
validation,B_COG9_ALMA3,2023-11-08,2023-11-13,4.389865368942236,796.837090258563,False
validation,B_COG9_ALMA3,2023-11-16,2023-11-17,-4.762556164696363,-902.4367805397233,False
validation,B_COG9_ALMA3,2023-11-20,2023-11-22,-4.617963812675352,-833.3643786110952,False
validation,B_COG9_ALMA3,2023-11-23,2023-11-24,-0.6035958205702463,-103.89561566793418,False
validation,B_COG9_ALMA3,2023-11-25,2023-11-26,-0.12216359157345424,-20.9008266268429,False
validation,B_COG9_ALMA3,2023-11-29,2023-12-01,-0.5497582328995665,-93.94259187639545,False
validation,B_COG9_ALMA3,2023-12-02,2023-12-09,13.846504458455012,2353.08052493761,False
validation,B_COG9_ALMA3,2023-12-15,2023-12-16,-2.8069246510247337,-543.0590990618548,False
validation,B_COG9_ALMA3,2023-12-18,2023-12-25,3.5965960597893254,676.3061371718541,False
validation,B_COG9_ALMA3,2024-01-01,2024-01-07,3.672897614389181,715.4939604487226,False
validation,B_COG9_ALMA3,2024-01-09,2024-01-10,-2.0854976072443465,-421.1842116462831,False
validation,B_COG9_ALMA3,2024-01-11,2024-01-13,-8.572503935398823,-1695.1850023270526,False
validation,B_COG9_ALMA3,2024-01-18,2024-01-22,-3.086593769572643,-558.0404873570296,False
validation,B_COG9_ALMA3,2024-01-26,2024-02-01,6.234467886174966,1092.3692954490216,False
validation,B_COG9_ALMA3,2024-02-08,2024-02-14,11.727556760895608,2182.946452749373,False
validation,B_COG9_ALMA3,2024-02-15,2024-02-16,-0.13624227822897073,-28.333990119510418,False
validation,B_COG9_ALMA3,2024-02-26,2024-03-03,19.47220300658634,4044.071574283109,False
validation,B_COG9_ALMA3,2024-03-05,2024-03-06,-6.905321523430297,-1713.383268246689,False
validation,B_COG9_ALMA3,2024-03-09,2024-03-10,-0.02283019934765651,-5.273575604973303,False
validation,B_COG9_ALMA3,2024-03-12,2024-03-13,-1.1655897527524162,-269.17953099672013,False
validation,B_COG9_ALMA3,2024-03-14,2024-03-15,-2.5964742514596573,-592.6366513455469,False
validation,B_COG9_ALMA3,2024-03-21,2024-03-29,4.0212938193515235,894.0153393139044,False
validation,B_COG9_ALMA3,2024-03-30,2024-03-31,-0.6825916127067067,-157.85646128491499,False
validation,B_COG9_ALMA3,2024-04-05,2024-04-06,-1.2707769183250117,-291.8744715787507,False
validation,B_COG9_ALMA3,2024-04-07,2024-04-12,1.3070655715219592,296.39432807751655,False
validation,B_COG9_ALMA3,2024-04-19,2024-04-25,0.9877252888806032,226.90727606542714,False
validation,B_COG9_ALMA3,2024-05-04,2024-05-11,-3.600627237949694,-835.3317746644097,False
validation,B_COG9_ALMA3,2024-05-14,2024-05-20,4.981540042793897,1114.0858872362842,False
validation,B_COG9_ALMA3,2024-05-21,2024-05-22,-2.11124028717119,-495.6848565917571,False
validation,B_COG9_ALMA3,2024-05-30,2024-06-01,-0.4651963694527139,-106.91462799088913,False
validation,B_COG9_ALMA3,2024-06-04,2024-06-08,0.49114281791595715,112.35271564957657,False
validation,B_COG9_ALMA3,2024-06-16,2024-06-21,-2.3442843382719847,-538.9070285103517,False
validation,B_COG9_ALMA3,2024-06-22,2024-06-23,-0.11543993516086593,-25.915363383104705,False
validation,B_COG9_ALMA3,2024-06-26,2024-07-04,-2.876411496607123,-644.9864718967547,False
validation,B_COG9_ALMA3,2024-07-10,2024-07-21,15.312406145304003,3334.7843129193025,False
validation,B_COG9_ALMA3,2024-07-29,2024-07-30,-2.439936830748146,-612.7438022645765,False
validation,B_COG9_ALMA3,2024-07-31,2024-08-01,-2.649398137941439,-649.1120091476951,False
validation,B_COG9_ALMA3,2024-08-09,2024-08-15,-5.152541079442019,-1228.9452097269423,False
validation,B_COG9_ALMA3,2024-08-18,2024-08-21,-1.1009317987959677,-249.0560948184284,False
validation,B_COG9_ALMA3,2024-08-22,2024-08-27,2.435982730575792,545.0083589048409,False
validation,B_COG9_ALMA3,2024-09-03,2024-09-06,-5.2770094639715825,-1209.3983433464964,False
validation,B_COG9_ALMA3,2024-09-09,2024-09-16,7.444730121782173,1616.1655903081191,False
validation,B_COG9_ALMA3,2024-09-19,2024-09-22,2.2655896802425968,528.4492359846008,False
validation,B_COG9_ALMA3,2024-09-23,2024-09-25,0.7729635636593901,184.37862243407653,False
validation,B_COG9_ALMA3,2024-09-28,2024-10-01,-4.001900948109382,-961.9708435991306,False
validation,B_COG9_ALMA3,2024-10-06,2024-10-11,-3.081500901806733,-711.0833446422585,False
validation,B_COG9_ALMA3,2024-10-13,2024-10-19,7.9371661539659355,1775.1307983851839,False
validation,B_COG9_ALMA3,2024-10-28,2024-11-01,3.0280926720352985,730.9792704350912,False
validation,B_COG9_ALMA3,2024-11-07,2024-11-14,19.230008961423415,4782.676932493901,False
validation,B_COG9_ALMA3,2024-11-21,2024-11-24,3.2807026446810106,972.8457907793781,False
validation,B_COG9_ALMA3,2024-11-25,2024-11-26,-5.27951937903225,-1616.9280967612503,False
validation,B_COG9_ALMA3,2024-12-01,2024-12-06,0.25645043728439454,74.39498427477156,False
validation,B_COG9_ALMA3,2024-12-07,2024-12-10,-2.762912716067756,-803.5625754327812,False
validation,B_COG9_ALMA3,2024-12-12,2024-12-13,-1.4044732011994299,-397.1896607062263,False
validation,B_COG9_ALMA3,2024-12-14,2024-12-15,-0.30371861160573,-84.68628771516524,False
validation,B_COG9_ALMA3,2024-12-16,2024-12-19,-4.365276290249909,-1213.4793382082498,False
validation,B_COG9_ALMA3,2024-12-25,2024-12-29,-3.698479005435973,-983.2397206076275,False
validation,B_COG9_ALMA3,2025-01-03,2025-01-08,-0.3305860205124356,-84.635757988166,False
validation,B_COG9_ALMA3,2025-01-14,2025-01-20,6.867133203493725,1752.2932168335137,False
validation,B_COG9_ALMA3,2025-01-31,2025-02-01,-2.482940640650466,-677.0828358520703,False
validation,B_COG9_ALMA3,2025-02-04,2025-02-05,-3.8076353286778053,-1012.5381882351212,False
validation,B_COG9_ALMA3,2025-02-08,2025-02-12,-1.0522515238196806,-269.1635381161286,False
validation,B_COG9_ALMA3,2025-02-13,2025-02-17,-2.084195847844672,-527.522645588946,False
validation,B_COG9_ALMA3,2025-02-20,2025-02-23,-0.395862895270771,-98.1070400929566,False
validation,B_COG9_ALMA3,2025-02-24,2025-02-25,-5.172938632733226,-1276.9387910922705,False
validation,B_COG9_ALMA3,2025-03-02,2025-03-08,0.5544499544130721,129.7858656862336,False
validation,B_COG9_ALMA3,2025-03-12,2025-03-13,0.5986346766771566,140.90558623174002,False
validation,B_COG9_ALMA3,2025-03-15,2025-03-19,-1.8050438782513445,-427.4114878885448,False
validation,B_COG9_ALMA3,2025-03-22,2025-03-23,-0.5938307025483036,-138.07347517033486,False
validation,B_COG9_ALMA3,2025-03-24,2025-03-28,1.0318077729048802,238.48427119501503,False
validation,B_COG9_ALMA3,2025-04-02,2025-04-07,-8.176870023444083,-1909.4406514917791,False
validation,B_COG9_ALMA3,2025-04-10,2025-04-16,0.9419739658185211,201.9807880807639,False
validation,B_COG9_ALMA3,2025-04-22,2025-04-27,7.802349311039358,1688.761601162314,False
validation,B_COG9_ALMA3,2025-05-02,2025-05-04,-0.9541087224380296,-222.62249582254663,False
validation,B_COG9_ALMA3,2025-05-07,2025-05-13,5.8340941625038445,1348.2830658856656,False
validation,B_COG9_ALMA3,2025-05-19,2025-05-24,0.5096623264021716,124.65674278943334,False
validation,B_COG9_ALMA3,2025-06-01,2025-06-02,0.702345049312858,172.6599385481495,False
validation,B_COG9_ALMA3,2025-06-04,2025-06-06,-3.9593876504740666,-980.186382600139,False
validation,B_COG9_ALMA3,2025-06-07,2025-06-13,1.0229031069065808,243.2036332847856,False
validation,B_COG9_ALMA3,2025-06-19,2025-06-22,-2.9295121036573835,-703.6402956251877,False
validation,B_COG9_ALMA3,2025-06-24,2025-07-01,1.4160790977146398,330.16431403667957,False
validation,B_COG9_ALMA3,2025-07-03,2025-07-06,-0.8962626296556975,-211.92623505333904,False
validation,B_COG9_ALMA3,2025-07-07,2025-07-08,-1.1585785358760758,-271.4969439434608,False
validation,B_COG9_ALMA3,2025-07-09,2025-07-16,7.787469732224084,1803.743674841735,False
validation,B_COG9_ALMA3,2025-07-23,2025-07-25,-1.6405740106432032,-409.5835953818387,False
validation,B_COG9_ALMA3,2025-07-27,2025-07-29,-0.17921174797169703,-44.00775235631227,False
validation,B_COG9_ALMA3,2025-08-05,2025-08-12,2.8468510130060354,697.8280889230591,False
validation,B_COG9_ALMA3,2025-08-13,2025-08-15,-1.8257546541459835,-460.2747201019447,False
validation,B_COG9_ALMA3,2025-08-23,2025-08-26,-6.117757729213114,-1514.1348383703007,False
validation,B_COG9_ALMA3,2025-08-27,2025-08-29,0.4173869474782821,96.9827724450297,False
validation,B_COG9_ALMA3,2025-09-01,2025-09-08,2.3631993898191928,551.397780046922,False
validation,B_COG9_ALMA3,2025-09-09,2025-09-10,-0.7611530651392528,-181.79439933355388,False
validation,B_COG9_ALMA3,2025-09-11,2025-09-15,0.8447910662963132,200.23478275326124,False
validation,B_COG9_ALMA3,2025-09-28,2025-10-06,12.292126962287186,2938.1280289033784,False
validation,B_COG9_ALMA3,2025-10-15,2025-10-17,-4.56342740962139,-1224.8534606026806,False
validation,B_COG9_ALMA3,2025-10-18,2025-10-20,1.7716997892212927,453.8349673214434,False
validation,B_COG9_ALMA3,2025-10-21,2025-10-29,1.8349078191292056,478.35365932033164,False
validation,B_COG9_ALMA3,2025-11-06,2025-11-07,-2.7363896305123814,-726.4562421859919,False
validation,B_COG9_ALMA3,2025-11-08,2025-11-09,-1.2895595764420231,-332.9839655580945,False
validation,B_COG9_ALMA3,2025-11-10,2025-11-14,-5.089188327657245,-1297.1599228462146,False
validation,B_COG9_ALMA3,2025-11-19,2025-11-21,-7.081619620258706,-1713.1416853194169,False
validation,B_COG9_ALMA3,2025-11-23,2025-12-01,6.312959362080295,1419.0422041861457,False
validation,B_COG9_ALMA3,2025-12-04,2025-12-05,-1.7421720222755233,-416.33177780238475,False
validation,B_COG9_ALMA3,2025-12-08,2025-12-11,1.4872753468171185,349.22639812181296,False
validation,B_COG9_ALMA3,2025-12-12,2025-12-15,-4.978026205021024,-1186.2724846206293,False
validation,B_COG9_ALMA3,2025-12-20,2025-12-25,-0.8283976225662348,-187.581571463812,False
validation,B_COG9_ALMA3,2025-12-29,2025-12-30,-1.110709847239122,-249.42459670469907,False
validation,B_COG9_ALMA3,2025-12-31,2025-12-31,-1.2429503520343554,-276.0207283879827,True
validation,C_COG9_RMA2_ALMA3,2023-01-03,2023-01-19,23.647828971839857,2364.7828971839863,False
validation,C_COG9_RMA2_ALMA3,2023-02-02,2023-02-03,-1.3165776762969594,-162.79197134690912,False
validation,C_COG9_RMA2_ALMA3,2023-02-14,2023-02-22,11.953350542443975,1458.5467485225108,False
validation,C_COG9_RMA2_ALMA3,2023-03-02,2023-03-05,-5.713681819233141,-780.5196575093778,False
validation,C_COG9_RMA2_ALMA3,2023-03-13,2023-03-21,25.620150466679515,3299.8799960524557,False
validation,C_COG9_RMA2_ALMA3,2023-03-30,2023-04-04,-2.2289463584407865,-360.6412475580273,False
validation,C_COG9_RMA2_ALMA3,2023-04-05,2023-04-06,-0.2834799306305702,-44.844418104670694,False
validation,C_COG9_RMA2_ALMA3,2023-04-10,2023-04-17,6.673274264151097,1052.6697994894366,False
validation,C_COG9_RMA2_ALMA3,2023-04-26,2023-05-02,-1.1187622328944435,-188.25503995573308,False
validation,C_COG9_RMA2_ALMA3,2023-05-15,2023-05-22,-0.9285859898672255,-154.5058173917314,False
validation,C_COG9_RMA2_ALMA3,2023-05-27,2023-06-02,0.11857557454504342,19.5463786787368,False
validation,C_COG9_RMA2_ALMA3,2023-06-09,2023-06-11,-2.773003079696157,-457.65275870430014,False
validation,C_COG9_RMA2_ALMA3,2023-06-13,2023-06-15,-3.288424295755321,-527.6676296283877,False
validation,C_COG9_RMA2_ALMA3,2023-06-16,2023-06-26,18.645353170050072,2893.487947166481,False
validation,C_COG9_RMA2_ALMA3,2023-07-04,2023-07-06,-2.3840434135067867,-438.9509131193263,False
validation,C_COG9_RMA2_ALMA3,2023-07-12,2023-07-16,-1.382375674130898,-248.45554544466358,False
validation,C_COG9_RMA2_ALMA3,2023-07-23,2023-07-25,-2.3658744679594945,-419.3424665705352,False
validation,C_COG9_RMA2_ALMA3,2023-07-30,2023-08-04,-0.8404613354625612,-145.44424035739212,False
validation,C_COG9_RMA2_ALMA3,2023-08-09,2023-08-14,-1.8620498682407782,-319.52481649467154,False
validation,C_COG9_RMA2_ALMA3,2023-08-23,2023-09-01,-0.7404276382242392,-124.6903632459398,False
validation,C_COG9_RMA2_ALMA3,2023-09-08,2023-09-12,-4.4480842818803605,-743.5251719409735,False
validation,C_COG9_RMA2_ALMA3,2023-09-14,2023-09-21,3.133845052724471,500.54091924621207,False
validation,C_COG9_RMA2_ALMA3,2023-09-29,2023-10-06,1.135737251162805,187.0859385881049,False
validation,C_COG9_RMA2_ALMA3,2023-10-17,2023-10-28,18.55990647135699,3092.0300405202033,False
validation,C_COG9_RMA2_ALMA3,2023-11-10,2023-11-14,-0.9465518814725904,-186.96064272866352,False
validation,C_COG9_RMA2_ALMA3,2023-11-20,2023-11-24,-0.47456089128913304,-92.84687960326846,False
validation,C_COG9_RMA2_ALMA3,2023-11-25,2023-11-28,-1.544353289443856,-300.7157171115796,False
validation,C_COG9_RMA2_ALMA3,2023-11-29,2023-12-01,-0.5497582328995776,-105.39544478760945,False
validation,C_COG9_RMA2_ALMA3,2023-12-02,2023-12-10,12.66757417378086,2415.1794142073086,False
validation,C_COG9_RMA2_ALMA3,2023-12-18,2023-12-26,5.005354581554644,1075.2011856018107,False
validation,C_COG9_RMA2_ALMA3,2024-01-02,2024-01-08,-0.8649468940532645,-195.09932883514557,False
validation,C_COG9_RMA2_ALMA3,2024-01-09,2024-01-13,-9.150928256372959,-2046.2501578584342,False
validation,C_COG9_RMA2_ALMA3,2024-01-20,2024-01-23,-5.303859140729184,-1077.4721444211427,False
validation,C_COG9_RMA2_ALMA3,2024-01-26,2024-02-02,7.489297045953092,1440.7459469771165,False
validation,C_COG9_RMA2_ALMA3,2024-02-08,2024-02-16,16.629243736988464,3438.619105650596,False
validation,C_COG9_RMA2_ALMA3,2024-02-27,2024-03-06,16.624870583694396,4009.380794859,False
validation,C_COG9_RMA2_ALMA3,2024-03-14,2024-03-15,-2.5964742514596684,-730.2881061030384,False
validation,C_COG9_RMA2_ALMA3,2024-03-23,2024-04-01,11.395334110982391,3121.8493960011947,False
validation,C_COG9_RMA2_ALMA3,2024-04-07,2024-04-13,-2.8746632431751573,-877.2812779024644,False
validation,C_COG9_RMA2_ALMA3,2024-04-20,2024-04-27,-0.37455487064357307,-111.0196545881372,False
validation,C_COG9_RMA2_ALMA3,2024-05-04,2024-05-11,-3.600627237949694,-1063.243803142679,False
validation,C_COG9_RMA2_ALMA3,2024-05-14,2024-05-23,9.563603934494802,2722.390921540391,False
validation,C_COG9_RMA2_ALMA3,2024-05-31,2024-06-01,-1.4841907069918059,-462.897593632646,False
validation,C_COG9_RMA2_ALMA3,2024-06-04,2024-06-09,0.42573829129084473,130.81087697647308,False
validation,C_COG9_RMA2_ALMA3,2024-06-18,2024-06-24,-5.238254427919998,-1616.340170310119,False
validation,C_COG9_RMA2_ALMA3,2024-06-28,2024-07-04,-2.7197236354737253,-795.2505996112668,False
validation,C_COG9_RMA2_ALMA3,2024-07-10,2024-07-21,15.312406145304003,4355.594746066192,False
validation,C_COG9_RMA2_ALMA3,2024-07-31,2024-08-01,-2.649398137941461,-869.0150275151682,False
validation,C_COG9_RMA2_ALMA3,2024-08-09,2024-08-15,-5.152541079442008,-1645.2813076864222,False
validation,C_COG9_RMA2_ALMA3,2024-08-20,2024-08-28,-0.33896890559247383,-102.66070963889797,False
validation,C_COG9_RMA2_ALMA3,2024-09-03,2024-09-07,-9.015060580171141,-2721.061930831158,False
validation,C_COG9_RMA2_ALMA3,2024-09-10,2024-09-17,1.7488857783922729,480.28689118635884,False
validation,C_COG9_RMA2_ALMA3,2024-09-20,2024-09-25,1.7827423413395938,498.14701079573206,False
validation,C_COG9_RMA2_ALMA3,2024-09-29,2024-10-01,-4.130247278418819,-1174.6788539565568,False
validation,C_COG9_RMA2_ALMA3,2024-10-07,2024-10-11,-4.256959517760073,-1160.7113321937031,False
validation,C_COG9_RMA2_ALMA3,2024-10-13,2024-10-20,7.858296990810665,2051.447266371284,False
validation,C_COG9_RMA2_ALMA3,2024-10-29,2024-11-02,-0.963928578578932,-271.41280579730665,False
validation,C_COG9_RMA2_ALMA3,2024-11-07,2024-11-15,15.206712972081448,4240.4723065149265,False
validation,C_COG9_RMA2_ALMA3,2024-11-22,2024-11-26,-5.681332113707416,-1825.184810672621,False
validation,C_COG9_RMA2_ALMA3,2024-12-02,2024-12-06,-0.5452902825275663,-165.22740611188783,False
validation,C_COG9_RMA2_ALMA3,2024-12-07,2024-12-10,-2.762912716067756,-832.6200140717301,False
validation,C_COG9_RMA2_ALMA3,2024-12-14,2024-12-15,-0.3037186116057411,-88.99856985196311,False
validation,C_COG9_RMA2_ALMA3,2024-12-16,2024-12-19,-4.365276290249909,-1275.2705137894227,False
validation,C_COG9_RMA2_ALMA3,2024-12-26,2024-12-30,-6.006473705297754,-1678.1306491647847,False
validation,C_COG9_RMA2_ALMA3,2025-01-03,2025-01-09,-2.2776094044778206,-598.1131896439947,False
validation,C_COG9_RMA2_ALMA3,2025-01-15,2025-01-21,5.584902660631963,1433.2231783919597,False
validation,C_COG9_RMA2_ALMA3,2025-01-31,2025-02-02,-4.19080556543131,-1135.5272238441685,False
validation,C_COG9_RMA2_ALMA3,2025-02-04,2025-02-05,-3.8076353286778053,-988.4679106987242,False
validation,C_COG9_RMA2_ALMA3,2025-02-09,2025-02-17,-0.6372067699751294,-159.12126021625227,False
validation,C_COG9_RMA2_ALMA3,2025-02-21,2025-02-25,-7.147527139355702,-1773.4846467262869,False
validation,C_COG9_RMA2_ALMA3,2025-03-03,2025-03-09,-8.810661759972515,-2029.8952322154692,False
validation,C_COG9_RMA2_ALMA3,2025-03-15,2025-03-23,-0.4688379334261472,-98.49901815958947,False
validation,C_COG9_RMA2_ALMA3,2025-03-24,2025-03-28,1.0318077729048802,215.75805994711118,False
validation,C_COG9_RMA2_ALMA3,2025-04-04,2025-04-07,-6.03033440244749,-1273.9950864155253,False
validation,C_COG9_RMA2_ALMA3,2025-04-11,2025-04-18,6.389059713242795,1268.3846735206753,False
validation,C_COG9_RMA2_ALMA3,2025-04-22,2025-04-28,6.801303084096966,1436.4917548681515,False
validation,C_COG9_RMA2_ALMA3,2025-05-08,2025-05-14,6.968300281965334,1571.8620104154907,False
validation,C_COG9_RMA2_ALMA3,2025-05-20,2025-05-25,1.7668869919123198,426.3354332833587,False
validation,C_COG9_RMA2_ALMA3,2025-06-04,2025-06-14,0.35298705387787344,86.67780859410777,False
validation,C_COG9_RMA2_ALMA3,2025-06-20,2025-06-22,-2.7178573762437486,-669.7398060678497,False
validation,C_COG9_RMA2_ALMA3,2025-06-24,2025-07-01,1.4160790977146398,339.46897493224606,False
validation,C_COG9_RMA2_ALMA3,2025-07-07,2025-07-08,-1.158578535876098,-281.6727741231116,False
validation,C_COG9_RMA2_ALMA3,2025-07-09,2025-07-16,7.787469732224084,1871.3488163811016,False
validation,C_COG9_RMA2_ALMA3,2025-07-24,2025-07-26,-1.2580454531245011,-325.85394613872995,False
validation,C_COG9_RMA2_ALMA3,2025-07-27,2025-07-29,-0.17921174797171924,-45.8347479777367,False
validation,C_COG9_RMA2_ALMA3,2025-08-06,2025-08-15,3.339169901457839,852.4872337749366,False
validation,C_COG9_RMA2_ALMA3,2025-08-23,2025-08-26,-6.117757729213125,-1614.0114448965796,False
validation,C_COG9_RMA2_ALMA3,2025-08-27,2025-08-29,0.4173869474783043,103.38002978160148,False
validation,C_COG9_RMA2_ALMA3,2025-09-02,2025-09-10,1.807816301518339,449.6359252934126,False
validation,C_COG9_RMA2_ALMA3,2025-09-11,2025-09-16,0.9162681346530643,232.01198020547236,False
validation,C_COG9_RMA2_ALMA3,2025-09-29,2025-10-07,10.806648145487308,2761.468038452789,False
validation,C_COG9_RMA2_ALMA3,2025-10-16,2025-10-17,-2.611972726884315,-739.5771169363979,False
validation,C_COG9_RMA2_ALMA3,2025-10-18,2025-10-30,3.0630451894760435,844.6441921241312,False
validation,C_COG9_RMA2_ALMA3,2025-11-10,2025-11-14,-5.089188327657235,-1446.3449676887285,False
validation,C_COG9_RMA2_ALMA3,2025-11-20,2025-11-21,-5.654813651205082,-1525.3073102204653,False
validation,C_COG9_RMA2_ALMA3,2025-11-23,2025-12-02,1.5196996397638163,386.73774541459716,False
validation,C_COG9_RMA2_ALMA3,2025-12-09,2025-12-11,1.2196229233579103,315.0900602480033,False
validation,C_COG9_RMA2_ALMA3,2025-12-12,2025-12-15,-4.978026205021003,-1301.760286839577,False
validation,C_COG9_RMA2_ALMA3,2025-12-20,2025-12-27,-1.167621645452055,-290.13493458560697,False
validation,C_COG9_RMA2_ALMA3,2025-12-31,2025-12-31,-1.2429503520343665,-305.24665634348275,True
validation,D_COG21_ALMA3,2023-01-03,2023-01-25,35.335234263231484,3533.5234263231487,False
validation,D_COG21_ALMA3,2023-02-16,2023-02-27,-3.44769639410194,-466.59479916428427,False
validation,D_COG21_ALMA3,2023-03-13,2023-03-28,22.93656564664208,2997.104662568161,False
validation,D_COG21_ALMA3,2023-04-10,2023-04-18,3.595396331059919,577.565663519088,False
validation,D_COG21_ALMA3,2023-05-03,2023-05-09,-3.780738569907671,-629.175350274727,False
validation,D_COG21_ALMA3,2023-05-10,2023-05-11,-0.4061498279388842,-65.03443091231384,False
validation,D_COG21_ALMA3,2023-05-19,2023-05-23,-0.19546866965782783,-31.172149459780485,False
validation,D_COG21_ALMA3,2023-05-24,2023-06-02,-1.7708309930410615,-281.84930395586525,False
validation,D_COG21_ALMA3,2023-06-07,2023-06-08,-3.5608783616577377,-556.7208170751765,False
validation,D_COG21_ALMA3,2023-06-18,2023-07-02,14.99902413661729,2261.499898000149,False
validation,D_COG21_ALMA3,2023-07-14,2023-07-15,-3.9200762514280174,-679.7077758901214,False
validation,D_COG21_ALMA3,2023-07-24,2023-07-25,-3.306264685740312,-550.805149282316,False
validation,D_COG21_ALMA3,2023-08-02,2023-08-03,-2.0447622170156166,-329.38325914102825,False
validation,D_COG21_ALMA3,2023-08-04,2023-08-15,0.5107599795806106,80.59409722044802,False
validation,D_COG21_ALMA3,2023-08-29,2023-09-09,-1.0992154570594326,-174.33386454515312,False
validation,D_COG21_ALMA3,2023-09-14,2023-09-23,1.062157773940875,166.6048728536316,False
validation,D_COG21_ALMA3,2023-09-29,2023-09-30,-0.721761463899373,-114.41446248535249,False
validation,D_COG21_ALMA3,2023-10-02,2023-10-03,-2.073513731192267,-326.3233965648378,False
validation,D_COG21_ALMA3,2023-10-05,2023-10-12,-3.540699903911748,-545.67064114188,False
validation,D_COG21_ALMA3,2023-10-17,2023-10-18,-0.6663684517657531,-99.0603830498876,False
validation,D_COG21_ALMA3,2023-10-20,2023-11-02,22.991159511252455,3395.0233288825766,False
validation,D_COG21_ALMA3,2023-11-16,2023-11-17,-4.762556164696374,-864.9597421228718,False
validation,D_COG21_ALMA3,2023-11-20,2023-11-21,-0.06220073915106372,-10.758681732735567,False
validation,D_COG21_ALMA3,2023-11-23,2023-11-24,-0.6035958205702463,-104.33728226393578,False
validation,D_COG21_ALMA3,2023-12-01,2023-12-12,9.028384690957903,1551.2222495935785,False
validation,D_COG21_ALMA3,2023-12-27,2023-12-29,-0.17095238566358084,-32.02423125803398,False
validation,D_COG21_ALMA3,2023-12-30,2024-01-02,4.707425499001561,880.3268151399861,False
validation,D_COG21_ALMA3,2024-01-03,2024-01-04,-4.961460476898505,-971.5104869873612,False
validation,D_COG21_ALMA3,2024-01-05,2024-01-06,-0.3130544980606387,-58.25828005205403,False
validation,D_COG21_ALMA3,2024-01-09,2024-01-13,-9.15092825637297,-1697.6226074759943,False
validation,D_COG21_ALMA3,2024-01-27,2024-02-22,23.60049367628605,3977.5677119033426,False
validation,D_COG21_ALMA3,2024-02-29,2024-03-14,16.692373737328502,3477.24105955716,False
validation,D_COG21_ALMA3,2024-03-26,2024-03-27,-0.14547724063590506,-35.36341751208238,False
validation,D_COG21_ALMA3,2024-03-29,2024-04-07,-2.954168843371585,-717.0711129686388,False
validation,D_COG21_ALMA3,2024-04-08,2024-04-10,-0.607706170347444,-143.15200786239075,False
validation,D_COG21_ALMA3,2024-04-11,2024-04-12,-1.1815819662452154,-276.6434330829252,False
validation,D_COG21_ALMA3,2024-04-21,2024-04-24,1.962526998337455,454.05665828981364,False
validation,D_COG21_ALMA3,2024-04-26,2024-04-27,-1.4253911144719522,-336.255228534028,False
validation,D_COG21_ALMA3,2024-04-28,2024-05-01,-4.682667346461122,-1088.9134655400376,False
validation,D_COG21_ALMA3,2024-05-03,2024-05-07,6.629408230840217,1469.4225666123675,False
validation,D_COG21_ALMA3,2024-05-13,2024-05-23,12.158335377682938,2873.5784621692983,False
validation,D_COG21_ALMA3,2024-05-25,2024-05-29,-0.5200261417947716,-137.84965142729197,False
validation,D_COG21_ALMA3,2024-06-06,2024-06-07,-0.7327151113909802,-193.21965705711045,False
validation,D_COG21_ALMA3,2024-06-11,2024-06-12,-3.490667572124695,-913.7571608254912,False
validation,D_COG21_ALMA3,2024-06-28,2024-06-29,-2.3654443991715124,-597.5914258891353,False
validation,D_COG21_ALMA3,2024-06-30,2024-07-05,-6.735165317116576,-1661.2822597672748,False
validation,D_COG21_ALMA3,2024-07-09,2024-07-26,15.671862693388094,3605.2360914239616,False
validation,D_COG21_ALMA3,2024-07-28,2024-07-29,0.2193736737544194,58.37478976880084,False
validation,D_COG21_ALMA3,2024-08-11,2024-08-15,-3.9654748885358027,-1057.5178571626238,False
validation,D_COG21_ALMA3,2024-08-17,2024-08-27,6.40546342574233,1640.478165789089,False
validation,D_COG21_ALMA3,2024-08-30,2024-08-31,-0.6942777178426174,-189.19822315542478,False
validation,D_COG21_ALMA3,2024-09-12,2024-09-28,14.362090884740919,3886.6530249433563,False
validation,D_COG21_ALMA3,2024-10-13,2024-10-23,6.356659671999254,1967.2934597132626,False
validation,D_COG21_ALMA3,2024-10-29,2024-10-31,3.095715263682086,1018.980528531225,False
validation,D_COG21_ALMA3,2024-11-07,2024-11-24,28.857029790400812,9792.579828882255,False
validation,D_COG21_ALMA3,2024-12-05,2024-12-06,-1.9597766610025436,-856.9592888484403,False
validation,D_COG21_ALMA3,2024-12-07,2024-12-08,-0.20843758574885518,-89.35810195935483,False
validation,D_COG21_ALMA3,2024-12-12,2024-12-18,4.638631066996557,1984.4563737562785,False
validation,D_COG21_ALMA3,2025-01-03,2025-01-10,-4.855958967987251,-2173.7959797883086,False
validation,D_COG21_ALMA3,2025-01-11,2025-01-12,-0.4322830852727222,-184.11688069377124,False
validation,D_COG21_ALMA3,2025-01-15,2025-01-21,5.584902660631963,2368.4243808236934,False
validation,D_COG21_ALMA3,2025-01-22,2025-01-29,-4.815966895812018,-2156.3995463217216,False
validation,D_COG21_ALMA3,2025-02-12,2025-02-25,-4.697913303136847,-2002.234034359637,False
validation,D_COG21_ALMA3,2025-03-03,2025-03-04,-8.812036646976562,-3579.2212559314503,False
validation,D_COG21_ALMA3,2025-03-06,2025-03-10,-11.161910556675636,-4134.169754885297,False
validation,D_COG21_ALMA3,2025-03-13,2025-03-21,0.34771496211247754,114.41220511977735,False
validation,D_COG21_ALMA3,2025-03-24,2025-03-31,-4.576191212266767,-1510.9866514761088,False
validation,D_COG21_ALMA3,2025-04-10,2025-04-11,-3.929523160132553,-1238.092420410252,False
validation,D_COG21_ALMA3,2025-04-12,2025-04-28,12.040484559322051,3644.576944073753,False
validation,D_COG21_ALMA3,2025-04-29,2025-04-30,-1.0911420525359095,-370.0491666843518,False
validation,D_COG21_ALMA3,2025-05-03,2025-05-05,-2.9848435144851138,-1001.2323920093513,False
validation,D_COG21_ALMA3,2025-05-09,2025-05-10,-0.5791826120713273,-188.481369128418,False
validation,D_COG21_ALMA3,2025-05-14,2025-05-18,-1.2352935852218305,-399.66896713481765,False
validation,D_COG21_ALMA3,2025-05-19,2025-05-21,0.07107286992127371,22.710979835344915,False
validation,D_COG21_ALMA3,2025-05-22,2025-05-24,-2.4143253916275476,-772.0339111881112,False
validation,D_COG21_ALMA3,2025-06-10,2025-06-20,-5.367108130842424,-1674.8155667238534,False
validation,D_COG21_ALMA3,2025-06-24,2025-06-27,1.2272961221792,362.4249749537412,False
validation,D_COG21_ALMA3,2025-06-29,2025-07-20,9.497236083033144,2838.9884522405846,False
validation,D_COG21_ALMA3,2025-08-05,2025-08-06,-1.1013481421429216,-360.4907891272378,False
validation,D_COG21_ALMA3,2025-08-08,2025-08-20,-4.202857567679763,-1360.5189425459685,False
validation,D_COG21_ALMA3,2025-09-03,2025-09-20,3.637182697489316,1127.9181664872267,False
validation,D_COG21_ALMA3,2025-10-02,2025-10-11,-5.192729258531625,-1668.8747863157187,False
validation,D_COG21_ALMA3,2025-10-24,2025-11-02,-0.28151771081909027,-85.77790607904899,False
validation,D_COG21_ALMA3,2025-11-03,2025-11-05,-8.456158213364851,-2569.3216595366976,False
validation,D_COG21_ALMA3,2025-11-11,2025-11-12,-3.0759448834347336,-855.56510209314,False
validation,D_COG21_ALMA3,2025-11-24,2025-11-26,0.3204568305896549,86.39241639799002,False
validation,D_COG21_ALMA3,2025-11-27,2025-12-12,1.936525079602447,523.7435834186581,False
validation,D_COG21_ALMA3,2025-12-25,2025-12-27,-0.6405836581609758,-176.60429831652073,False
validation,D_COG21_ALMA3,2025-12-29,2025-12-31,-0.6447110427289626,-176.6036010855605,True
validation,E_COG9_ALMA5,2023-01-03,2023-01-18,26.367576870058194,2636.75768700582,False
validation,E_COG9_ALMA5,2023-01-24,2023-01-25,-1.543184662089414,-195.0085064112791,False
validation,E_COG9_ALMA5,2023-01-30,2023-01-31,-4.145871334372631,-515.818912772811,False
validation,E_COG9_ALMA5,2023-02-02,2023-02-03,-1.3165776762969594,-157.01413559688262,False
validation,E_COG9_ALMA5,2023-02-08,2023-02-09,-1.5030809030873171,-176.8963308838338,False
validation,E_COG9_ALMA5,2023-02-13,2023-02-20,11.098110686307084,1286.4951883314607,False
validation,E_COG9_ALMA5,2023-02-28,2023-03-01,-1.7871578429447643,-230.15939069274827,False
validation,E_COG9_ALMA5,2023-03-02,2023-03-04,-5.680898054554062,-718.5401871555187,False
validation,E_COG9_ALMA5,2023-03-12,2023-03-20,36.338703528942396,4335.140254052878,False
validation,E_COG9_ALMA5,2023-03-30,2023-04-04,-2.2289463584407865,-362.5371370165758,False
validation,E_COG9_ALMA5,2023-04-05,2023-04-06,-0.2834799306305702,-45.08016501419661,False
validation,E_COG9_ALMA5,2023-04-10,2023-04-16,6.639622789362543,1052.86745179227,False
validation,E_COG9_ALMA5,2023-04-25,2023-05-01,5.942008330403392,1004.8058382536037,False
validation,E_COG9_ALMA5,2023-05-07,2023-05-08,-1.744520284325235,-312.53101224137936,False
validation,E_COG9_ALMA5,2023-05-15,2023-05-22,-0.9285859898672366,-163.4541691074628,False
validation,E_COG9_ALMA5,2023-05-24,2023-05-25,-3.5616920924089746,-621.1244268656847,False
validation,E_COG9_ALMA5,2023-05-27,2023-06-01,1.5836227505470424,266.33212296006604,False
validation,E_COG9_ALMA5,2023-06-07,2023-06-11,-5.384699887576428,-919.93473807193,False
validation,E_COG9_ALMA5,2023-06-13,2023-06-15,-3.288424295755321,-531.550749713364,False
validation,E_COG9_ALMA5,2023-06-16,2023-06-25,18.89761797562435,2954.2171247969472,False
validation,E_COG9_ALMA5,2023-07-03,2023-07-06,-0.664980896243339,-123.59977179885027,False
validation,E_COG9_ALMA5,2023-07-12,2023-07-16,-1.3823756741308757,-255.23308067769176,False
validation,E_COG9_ALMA5,2023-07-23,2023-07-25,-2.3658744679594945,-430.78156863123513,False
validation,E_COG9_ALMA5,2023-07-29,2023-08-03,-0.7353681865148953,-130.7289864868835,False
validation,E_COG9_ALMA5,2023-08-08,2023-08-13,0.4483291515399168,79.11495247264975,False
validation,E_COG9_ALMA5,2023-08-23,2023-08-28,-0.12434015331267423,-22.040208997448644,False
validation,E_COG9_ALMA5,2023-08-30,2023-09-01,-6.686581819146909,-1183.7721943823708,False
validation,E_COG9_ALMA5,2023-09-08,2023-09-11,-1.8693913043974275,-308.82204045495746,False
validation,E_COG9_ALMA5,2023-09-13,2023-09-21,4.6580967168293075,755.1288522584691,False
validation,E_COG9_ALMA5,2023-09-29,2023-10-04,1.1949936112603199,202.74538559108623,False
validation,E_COG9_ALMA5,2023-10-16,2023-10-28,24.439537601325533,4196.018625003366,False
validation,E_COG9_ALMA5,2023-11-04,2023-11-06,0.5479530288486245,117.07014143260312,False
validation,E_COG9_ALMA5,2023-11-09,2023-11-14,2.0462899004647594,439.58534514753046,False
validation,E_COG9_ALMA5,2023-11-20,2023-11-22,-4.617963812675352,-1012.3339221487731,False
validation,E_COG9_ALMA5,2023-11-23,2023-11-24,-0.6035958205702352,-126.20776553765245,False
validation,E_COG9_ALMA5,2023-11-25,2023-11-27,-1.0031508526015975,-208.4859408329212,False
validation,E_COG9_ALMA5,2023-11-29,2023-12-01,-0.5497582328995776,-113.11068728086684,False
validation,E_COG9_ALMA5,2023-12-02,2023-12-09,13.846504458454989,2833.2043015495074,False
validation,E_COG9_ALMA5,2023-12-15,2023-12-16,-2.8069246510247337,-653.8651606486965,False
validation,E_COG9_ALMA5,2023-12-18,2023-12-25,3.5965960597893476,814.2999938561152,False
validation,E_COG9_ALMA5,2024-01-01,2024-01-08,3.5802085690670005,839.743364479793,False
validation,E_COG9_ALMA5,2024-01-09,2024-01-10,-2.0854976072443354,-506.66946307458056,False
validation,E_COG9_ALMA5,2024-01-11,2024-01-13,-8.572503935398823,-2039.2466079959631,False
validation,E_COG9_ALMA5,2024-01-18,2024-01-23,-7.776765643129391,-1691.3671552601554,False
validation,E_COG9_ALMA5,2024-01-26,2024-02-01,6.234467886174988,1250.4853921674257,False
validation,E_COG9_ALMA5,2024-02-08,2024-02-16,16.629243736988464,3543.3754865171795,False
validation,E_COG9_ALMA5,2024-02-26,2024-03-04,21.643747497738254,5378.790085482677,False
validation,E_COG9_ALMA5,2024-03-09,2024-03-10,-0.022830199347667612,-6.901629346724803,False
validation,E_COG9_ALMA5,2024-03-12,2024-03-13,-1.1655897527524162,-352.2804051414096,False
validation,E_COG9_ALMA5,2024-03-14,2024-03-15,-2.5964742514596684,-775.5949305082977,False
validation,E_COG9_ALMA5,2024-03-21,2024-03-29,4.0212938193515235,1170.0149887696061,False
validation,E_COG9_ALMA5,2024-03-30,2024-03-31,-0.6825916127067067,-206.58977274284553,False
validation,E_COG9_ALMA5,2024-04-07,2024-04-12,1.3070655715219814,392.8896824552794,False
validation,E_COG9_ALMA5,2024-04-19,2024-04-25,0.9877252888806254,300.7801404918355,False
validation,E_COG9_ALMA5,2024-05-04,2024-05-11,-3.600627237949705,-1107.2858169096653,False
validation,E_COG9_ALMA5,2024-05-14,2024-05-20,4.981540042793897,1476.7922628725028,False
validation,E_COG9_ALMA5,2024-05-21,2024-05-23,-3.4811850810932854,-1083.4174738445363,False
validation,E_COG9_ALMA5,2024-05-30,2024-06-01,-0.4651963694527028,-139.7388033115676,False
validation,E_COG9_ALMA5,2024-06-04,2024-06-08,0.49114281791597936,146.8464543038499,False
validation,E_COG9_ALMA5,2024-06-16,2024-06-21,-2.3442843382719736,-704.3584650235789,False
validation,E_COG9_ALMA5,2024-06-22,2024-06-23,-0.11543993516088813,-33.87171554156885,False
validation,E_COG9_ALMA5,2024-06-27,2024-07-04,-1.374789209220395,-402.91700318315634,False
validation,E_COG9_ALMA5,2024-07-10,2024-07-21,15.312406145304003,4425.994446166063,False
validation,E_COG9_ALMA5,2024-07-29,2024-07-30,-2.439936830748146,-813.2461986339331,False
validation,E_COG9_ALMA5,2024-07-31,2024-08-01,-2.64939813794145,-861.514832097906,False
validation,E_COG9_ALMA5,2024-08-09,2024-08-15,-5.152541079442008,-1631.0814021228834,False
validation,E_COG9_ALMA5,2024-08-18,2024-08-27,5.301201606309935,1591.6742629981563,False
validation,E_COG9_ALMA5,2024-09-03,2024-09-06,-5.2770094639715825,-1668.4034263236244,False
validation,E_COG9_ALMA5,2024-09-10,2024-09-16,3.353422671215167,1004.2848170223078,False
validation,E_COG9_ALMA5,2024-09-19,2024-09-22,2.265589680242619,701.2529836268841,False
validation,E_COG9_ALMA5,2024-09-23,2024-09-25,0.7729635636593901,244.67072765846024,False
validation,E_COG9_ALMA5,2024-09-29,2024-10-01,-4.130247278418819,-1317.4771009690958,False
validation,E_COG9_ALMA5,2024-10-06,2024-10-11,-3.081500901806744,-942.3471645704376,False
validation,E_COG9_ALMA5,2024-10-13,2024-10-20,7.858296990810643,2329.076466035134,False
validation,E_COG9_ALMA5,2024-10-28,2024-11-02,1.861368430576471,595.033218653014,False
validation,E_COG9_ALMA5,2024-11-07,2024-11-15,15.206712972081448,4951.693132925338,False
validation,E_COG9_ALMA5,2024-11-21,2024-11-24,3.2807026446810106,1230.7306841886166,False
validation,E_COG9_ALMA5,2024-11-25,2024-11-26,-5.279519379032238,-2045.5482684635062,False
validation,E_COG9_ALMA5,2024-12-01,2024-12-06,0.25645043728437233,94.11583085879829,False
validation,E_COG9_ALMA5,2024-12-07,2024-12-10,-2.762912716067767,-1016.5733640667386,False
validation,E_COG9_ALMA5,2024-12-14,2024-12-15,-0.3037186116057189,-108.66130290226283,False
validation,E_COG9_ALMA5,2024-12-16,2024-12-19,-4.36527629024992,-1557.0200264082814,False
validation,E_COG9_ALMA5,2024-12-25,2024-12-29,-3.698479005435995,-1261.5986836715601,False
validation,E_COG9_ALMA5,2025-01-03,2025-01-08,-0.33058602051242447,-108.59646801435883,False
validation,E_COG9_ALMA5,2025-01-14,2025-01-20,6.867133203493725,2248.3741954582365,False
validation,E_COG9_ALMA5,2025-01-31,2025-02-02,-4.190805565431321,-1466.3403718580448,False
validation,E_COG9_ALMA5,2025-02-04,2025-02-05,-3.807635328677794,-1276.4382687689904,False
validation,E_COG9_ALMA5,2025-02-09,2025-02-12,-0.9885911608351949,-318.78787339515475,False
validation,E_COG9_ALMA5,2025-02-13,2025-02-17,-2.084195847844661,-665.4398974102078,False
validation,E_COG9_ALMA5,2025-02-20,2025-02-23,-0.3958628952707821,-123.75646664759188,False
validation,E_COG9_ALMA5,2025-02-24,2025-02-25,-5.172938632733226,-1610.7858596191436,False
validation,E_COG9_ALMA5,2025-03-02,2025-03-08,0.5544499544130943,163.71750837563377,False
validation,E_COG9_ALMA5,2025-03-12,2025-03-14,-2.4841656688146085,-737.5893283755868,False
validation,E_COG9_ALMA5,2025-03-15,2025-03-19,-1.8050438782513667,-522.6331745475836,False
validation,E_COG9_ALMA5,2025-03-22,2025-03-23,-0.5938307025483036,-168.83443869413895,False
validation,E_COG9_ALMA5,2025-03-24,2025-03-28,1.031807772904858,291.6154461594997,False
validation,E_COG9_ALMA5,2025-04-03,2025-04-07,-5.236806110999648,-1495.327592699803,False
validation,E_COG9_ALMA5,2025-04-10,2025-04-16,0.9419739658185211,254.8874439702122,False
validation,E_COG9_ALMA5,2025-04-22,2025-04-28,6.801303084096966,1857.690944568054,False
validation,E_COG9_ALMA5,2025-05-03,2025-05-05,-2.9848435144851138,-870.7218734007874,False
validation,E_COG9_ALMA5,2025-05-08,2025-05-13,5.619787497887563,1590.440291538067,False
validation,E_COG9_ALMA5,2025-05-19,2025-05-24,0.5096623264021716,152.34397995270774,False
validation,E_COG9_ALMA5,2025-06-01,2025-06-02,0.702345049312858,211.00906078739717,False
validation,E_COG9_ALMA5,2025-06-04,2025-06-13,-0.0205931370024115,-6.230353259612457,False
validation,E_COG9_ALMA5,2025-06-19,2025-06-22,-2.9295121036573946,-886.1270939029564,False
validation,E_COG9_ALMA5,2025-06-24,2025-07-01,1.4160790977146398,415.7913438539472,False
validation,E_COG9_ALMA5,2025-07-04,2025-07-06,-1.5611276984050293,-464.87177308685204,False
validation,E_COG9_ALMA5,2025-07-07,2025-07-08,-1.1585785358760758,-339.6149936679176,False
validation,E_COG9_ALMA5,2025-07-09,2025-07-16,7.787469732224084,2256.2994183739174,False
validation,E_COG9_ALMA5,2025-07-23,2025-07-25,-1.6405740106432032,-512.3473146020187,False
validation,E_COG9_ALMA5,2025-07-27,2025-07-29,-0.17921174797170814,-55.04921094412566,False
validation,E_COG9_ALMA5,2025-08-05,2025-08-12,2.8468510130060354,872.9117851516421,False
validation,E_COG9_ALMA5,2025-08-13,2025-08-15,-1.8257546541459835,-575.756742902704,False
validation,E_COG9_ALMA5,2025-08-23,2025-08-26,-6.117757729213114,-1894.0282939339195,False
validation,E_COG9_ALMA5,2025-08-27,2025-08-29,0.4173869474783043,121.31555947339075,False
validation,E_COG9_ALMA5,2025-09-01,2025-09-08,2.3631993898191705,689.7423995245299,False
validation,E_COG9_ALMA5,2025-09-11,2025-09-15,0.8447910662963132,252.39440401273532,False
validation,E_COG9_ALMA5,2025-09-28,2025-10-06,12.292126962287186,3703.4877885426176,False
validation,E_COG9_ALMA5,2025-10-16,2025-10-17,-2.611972726884304,-883.6938358397456,False
validation,E_COG9_ALMA5,2025-10-18,2025-10-29,5.75822157656154,1897.261216044426,False
validation,E_COG9_ALMA5,2025-11-08,2025-11-09,-1.2895595764420342,-449.3598919760334,False
validation,E_COG9_ALMA5,2025-11-10,2025-11-14,-5.089188327657257,-1750.5096433963772,False
validation,E_COG9_ALMA5,2025-11-20,2025-11-21,-5.654813651205071,-1846.0776753354257,False
validation,E_COG9_ALMA5,2025-11-23,2025-12-01,6.312959362080295,1944.3946299090821,False
validation,E_COG9_ALMA5,2025-12-04,2025-12-05,-1.7421720222755344,-570.4645504068976,False
validation,E_COG9_ALMA5,2025-12-08,2025-12-11,1.4872753468171185,478.51567143485954,False
validation,E_COG9_ALMA5,2025-12-12,2025-12-15,-4.978026205021013,-1625.4497871175918,False
validation,E_COG9_ALMA5,2025-12-20,2025-12-25,-0.8283976225662348,-257.02730979261105,False
validation,E_COG9_ALMA5,2025-12-31,2025-12-31,-1.2429503520343665,-382.4560531943971,True
validation,F_COG9_ALMA3_EMA200,2023-01-24,2023-01-25,-1.5431846620894252,-154.31846620894248,False
validation,F_COG9_ALMA3_EMA200,2023-01-26,2023-01-27,-0.5190519585398401,-51.10420283273743,False
validation,F_COG9_ALMA3_EMA200,2023-01-30,2023-01-31,-4.145871334372641,-406.070573887162,False
validation,F_COG9_ALMA3_EMA200,2023-02-02,2023-02-03,-1.3165776762969372,-123.60698410122859,False
validation,F_COG9_ALMA3_EMA200,2023-02-08,2023-02-09,-1.503080903087295,-139.25893917768917,False
validation,F_COG9_ALMA3_EMA200,2023-02-13,2023-02-20,11.098110686307084,1012.7737205690992,False
validation,F_COG9_ALMA3_EMA200,2023-02-28,2023-03-01,-1.7871578429447532,-181.1894708585205,False
validation,F_COG9_ALMA3_EMA200,2023-03-02,2023-03-04,-5.680898054554062,-565.659806056281,False
validation,F_COG9_ALMA3_EMA200,2023-03-27,2023-03-28,-3.305210126443725,-310.4109665817359,False
validation,F_COG9_ALMA3_EMA200,2023-03-30,2023-04-03,-0.9211002534880275,-83.64653537701452,False
validation,F_COG9_ALMA3_EMA200,2023-04-05,2023-04-06,-0.2834799306305702,-25.506128800432634,False
validation,F_COG9_ALMA3_EMA200,2023-04-10,2023-04-16,6.63962278936252,595.7070659954352,False
validation,F_COG9_ALMA3_EMA200,2023-04-25,2023-05-01,5.94200833040337,568.5140487363406,False
validation,F_COG9_ALMA3_EMA200,2023-05-07,2023-05-08,-1.744520284325246,-176.82846213734956,False
validation,F_COG9_ALMA3_EMA200,2023-05-15,2023-05-22,-0.9285859898672477,-92.48154013876774,False
validation,F_COG9_ALMA3_EMA200,2023-05-24,2023-05-25,-3.5616920924089857,-351.42905150728984,False
validation,F_COG9_ALMA3_EMA200,2023-05-27,2023-06-01,1.5836227505470202,150.68936481871424,False
validation,F_COG9_ALMA3_EMA200,2023-06-07,2023-06-11,-5.3846998875764385,-520.4944105653976,False
validation,F_COG9_ALMA3_EMA200,2023-06-12,2023-06-15,-3.364299801138204,-307.6880490346721,False
validation,F_COG9_ALMA3_EMA200,2023-06-16,2023-06-25,18.89761797562435,1670.16970273876,False
validation,F_COG9_ALMA3_EMA200,2023-07-03,2023-07-06,-0.664980896243339,-69.87725864531785,False
validation,F_COG9_ALMA3_EMA200,2023-07-11,2023-07-15,-0.6259782059905072,-65.34137701609325,False
validation,F_COG9_ALMA3_EMA200,2023-07-23,2023-07-25,-2.3658744679594834,-245.41077878183205,False
validation,F_COG9_ALMA3_EMA200,2023-07-27,2023-07-28,-0.7383054088342611,-74.77210842455133,False
validation,F_COG9_ALMA3_EMA200,2023-07-29,2023-08-03,-0.7353681865148953,-73.92479002878099,False
validation,F_COG9_ALMA3_EMA200,2023-08-08,2023-08-12,0.43413062984312134,43.32117490690689,False
validation,F_COG9_ALMA3_EMA200,2023-08-30,2023-09-01,-6.686581819146897,-670.1396059923227,False
validation,F_COG9_ALMA3_EMA200,2023-09-29,2023-09-30,-0.7217614638993508,-67.49924449375612,False
validation,F_COG9_ALMA3_EMA200,2023-10-16,2023-10-23,10.121761852609268,939.7566317974452,False
validation,F_COG9_ALMA3_EMA200,2023-10-24,2023-10-28,2.178701159621088,222.75635351870187,False
validation,F_COG9_ALMA3_EMA200,2023-11-04,2023-11-06,0.5479530288486023,57.244813542180054,False
validation,F_COG9_ALMA3_EMA200,2023-11-08,2023-11-13,4.389865368942236,461.1234921149662,False
validation,F_COG9_ALMA3_EMA200,2023-11-16,2023-11-17,-4.762556164696374,-522.2332202438465,False
validation,F_COG9_ALMA3_EMA200,2023-11-20,2023-11-22,-4.617963812675352,-482.2615527907619,False
validation,F_COG9_ALMA3_EMA200,2023-11-23,2023-11-24,-0.6035958205702463,-60.12359326382102,False
validation,F_COG9_ALMA3_EMA200,2023-11-25,2023-11-26,-0.12216359157345424,-12.09514752774885,False
validation,F_COG9_ALMA3_EMA200,2023-11-29,2023-12-01,-0.5497582328995776,-54.36385498862546,False
validation,F_COG9_ALMA3_EMA200,2023-12-02,2023-12-09,13.846504458455012,1361.7095917747265,False
validation,F_COG9_ALMA3_EMA200,2023-12-15,2023-12-16,-2.8069246510247337,-314.26412154453465,False
validation,F_COG9_ALMA3_EMA200,2023-12-18,2023-12-25,3.5965960597893254,391.3731571032604,False
validation,F_COG9_ALMA3_EMA200,2024-01-01,2024-01-07,3.6728976143892034,414.05084886576515,False
validation,F_COG9_ALMA3_EMA200,2024-01-09,2024-01-10,-2.0854976072443465,-243.73606207888952,False
validation,F_COG9_ALMA3_EMA200,2024-01-11,2024-01-13,-8.572503935398823,-980.9905156401801,False
validation,F_COG9_ALMA3_EMA200,2024-01-18,2024-01-22,-3.086593769572643,-322.933735662471,False
validation,F_COG9_ALMA3_EMA200,2024-01-26,2024-02-01,6.234467886174988,632.14570500624,False
validation,F_COG9_ALMA3_EMA200,2024-02-08,2024-02-14,11.727556760895608,1263.254313457146,False
validation,F_COG9_ALMA3_EMA200,2024-02-15,2024-02-16,-0.13624227822895962,-16.396662039438525,False
validation,F_COG9_ALMA3_EMA200,2024-02-26,2024-03-03,19.47220300658634,2340.2730990988275,False
validation,F_COG9_ALMA3_EMA200,2024-03-05,2024-03-06,-6.905321523430297,-991.5217120840825,False
validation,F_COG9_ALMA3_EMA200,2024-03-09,2024-03-10,-0.02283019934765651,-3.0517776200758817,False
validation,F_COG9_ALMA3_EMA200,2024-03-12,2024-03-13,-1.1655897527524162,-155.77212313096425,False
validation,F_COG9_ALMA3_EMA200,2024-03-14,2024-03-15,-2.5964742514596573,-342.9542695296768,False
validation,F_COG9_ALMA3_EMA200,2024-03-21,2024-03-29,4.021293819351501,517.3597970132178,False
validation,F_COG9_ALMA3_EMA200,2024-03-30,2024-03-31,-0.6825916127067178,-91.35031936953601,False
validation,F_COG9_ALMA3_EMA200,2024-04-05,2024-04-06,-1.2707769183250117,-168.9055105980715,False
validation,F_COG9_ALMA3_EMA200,2024-04-07,2024-04-12,1.3070655715219592,171.52111677158973,False
validation,F_COG9_ALMA3_EMA200,2024-04-19,2024-04-25,0.9877252888806254,131.30949450612752,False
validation,F_COG9_ALMA3_EMA200,2024-05-04,2024-05-11,-3.600627237949694,-483.40006974682365,False
validation,F_COG9_ALMA3_EMA200,2024-05-14,2024-05-20,4.981540042793919,644.7129295546456,False
validation,F_COG9_ALMA3_EMA200,2024-05-21,2024-05-22,-2.111240287171179,-286.8490119930648,False
validation,F_COG9_ALMA3_EMA200,2024-05-30,2024-06-01,-0.4651963694527028,-61.87067246246443,False
validation,F_COG9_ALMA3_EMA200,2024-06-04,2024-06-08,0.49114281791595715,65.0176519420329,False
validation,F_COG9_ALMA3_EMA200,2024-06-16,2024-06-21,-2.3442843382719736,-311.8613502684184,False
validation,F_COG9_ALMA3_EMA200,2024-06-22,2024-06-23,-0.11543993516088813,-14.997021359497012,False
validation,F_COG9_ALMA3_EMA200,2024-06-26,2024-07-04,-2.876411496607123,-373.24870782738617,False
validation,F_COG9_ALMA3_EMA200,2024-07-29,2024-07-30,-2.439936830748146,-307.5038800128659,False
validation,F_COG9_ALMA3_EMA200,2024-07-31,2024-08-01,-2.64939813794145,-325.75516984123897,False
validation,F_COG9_ALMA3_EMA200,2024-08-09,2024-08-12,-5.105346365563346,-611.0938914704129,False
validation,F_COG9_ALMA3_EMA200,2024-08-18,2024-08-19,-2.083741896545932,-236.6837272360026,False
validation,F_COG9_ALMA3_EMA200,2024-08-22,2024-08-27,2.435982730575792,270.92774949049635,False
validation,F_COG9_ALMA3_EMA200,2024-09-19,2024-09-22,2.2655896802425968,258.11490293596944,False
validation,F_COG9_ALMA3_EMA200,2024-09-23,2024-09-25,0.7729635636593901,90.05760060258035,False
validation,F_COG9_ALMA3_EMA200,2024-09-28,2024-10-01,-4.001900948109405,-469.8635063029178,False
validation,F_COG9_ALMA3_EMA200,2024-10-06,2024-10-11,-3.081500901806722,-347.32041600882985,False
validation,F_COG9_ALMA3_EMA200,2024-10-13,2024-10-19,7.937166153965958,867.0420591490692,False
validation,F_COG9_ALMA3_EMA200,2024-10-28,2024-11-01,3.0280926720352985,357.0383503062858,False
validation,F_COG9_ALMA3_EMA200,2024-11-07,2024-11-14,19.230008961423415,2336.0431014810492,False
validation,F_COG9_ALMA3_EMA200,2024-11-21,2024-11-24,3.2807026446810106,475.1752481784315,False
validation,F_COG9_ALMA3_EMA200,2024-11-25,2024-11-26,-5.27951937903225,-789.7697836053485,False
validation,F_COG9_ALMA3_EMA200,2024-12-01,2024-12-06,0.25645043728439454,36.33736759828389,False
validation,F_COG9_ALMA3_EMA200,2024-12-07,2024-12-10,-2.762912716067756,-392.49082416471356,False
validation,F_COG9_ALMA3_EMA200,2024-12-12,2024-12-13,-1.404473201199452,-194.00268510057322,False
validation,F_COG9_ALMA3_EMA200,2024-12-14,2024-12-15,-0.3037186116057411,-41.36403545532812,False
validation,F_COG9_ALMA3_EMA200,2024-12-16,2024-12-19,-4.36527629024992,-592.709914724057,False
validation,F_COG9_ALMA3_EMA200,2024-12-25,2024-12-29,-3.698479005435973,-480.25204270485847,False
validation,F_COG9_ALMA3_EMA200,2025-01-03,2025-01-08,-0.3305860205124467,-41.33935479597312,False
validation,F_COG9_ALMA3_EMA200,2025-01-14,2025-01-20,6.867133203493725,855.8873071992057,False
validation,F_COG9_ALMA3_EMA200,2025-01-31,2025-02-01,-2.482940640650466,-330.7132616625822,False
validation,F_COG9_ALMA3_EMA200,2025-02-04,2025-02-05,-3.807635328677794,-494.5625395565603,False
validation,F_COG9_ALMA3_EMA200,2025-02-08,2025-02-12,-1.0522515238196806,-131.46980974492362,False
validation,F_COG9_ALMA3_EMA200,2025-02-13,2025-02-17,-2.084195847844672,-257.6623205992946,False
validation,F_COG9_ALMA3_EMA200,2025-02-20,2025-02-23,-0.395862895270771,-47.91924636573094,False
validation,F_COG9_ALMA3_EMA200,2025-02-24,2025-02-25,-5.172938632733226,-623.7059487915667,False
validation,F_COG9_ALMA3_EMA200,2025-03-02,2025-03-08,0.5544499544130721,63.39240147002238,False
validation,F_COG9_ALMA3_EMA200,2025-03-24,2025-03-28,1.031807772904858,118.62464946768887,False
validation,F_COG9_ALMA3_EMA200,2025-04-22,2025-04-27,7.802349311039358,906.274291847325,False
validation,F_COG9_ALMA3_EMA200,2025-05-02,2025-05-04,-0.9541087224380185,-119.470412290284,False
validation,F_COG9_ALMA3_EMA200,2025-05-07,2025-05-13,5.834094162503822,723.556409563238,False
validation,F_COG9_ALMA3_EMA200,2025-05-19,2025-05-24,0.5096623264021716,66.89706896327516,False
validation,F_COG9_ALMA3_EMA200,2025-06-01,2025-06-02,0.702345049312858,92.65799472846084,False
validation,F_COG9_ALMA3_EMA200,2025-06-04,2025-06-06,-3.9593876504740777,-526.0172419588034,False
validation,F_COG9_ALMA3_EMA200,2025-06-07,2025-06-13,1.0229031069065586,130.5152843232372,False
validation,F_COG9_ALMA3_EMA200,2025-06-19,2025-06-22,-2.9295121036573724,-377.60872238808406,False
validation,F_COG9_ALMA3_EMA200,2025-06-24,2025-07-01,1.4160790977146398,177.1827531434319,False
validation,F_COG9_ALMA3_EMA200,2025-07-03,2025-07-06,-0.8962626296557086,-113.73026155062144,False
validation,F_COG9_ALMA3_EMA200,2025-07-07,2025-07-08,-1.158578535876098,-145.6988958309612,False
validation,F_COG9_ALMA3_EMA200,2025-07-09,2025-07-16,7.787469732224106,967.979447463862,False
validation,F_COG9_ALMA3_EMA200,2025-07-23,2025-07-25,-1.6405740106432032,-219.8031282813845,False
validation,F_COG9_ALMA3_EMA200,2025-07-27,2025-07-29,-0.17921174797170814,-23.61677016759495,False
validation,F_COG9_ALMA3_EMA200,2025-08-05,2025-08-12,2.8468510130060354,374.4896003584199,False
validation,F_COG9_ALMA3_EMA200,2025-08-13,2025-08-15,-1.8257546541459724,-247.00653172627426,False
validation,F_COG9_ALMA3_EMA200,2025-08-23,2025-08-26,-6.117757729213125,-812.5608004474743,False
validation,F_COG9_ALMA3_EMA200,2025-08-27,2025-08-29,0.4173869474782821,52.04582657405081,False
validation,F_COG9_ALMA3_EMA200,2025-09-01,2025-09-08,2.3631993898191928,295.9077422735536,False
validation,F_COG9_ALMA3_EMA200,2025-09-09,2025-09-10,-0.7611530651392528,-97.5600051566962,False
validation,F_COG9_ALMA3_EMA200,2025-09-11,2025-09-15,0.8447910662963132,107.45604105281382,False
validation,F_COG9_ALMA3_EMA200,2025-09-28,2025-10-06,12.292126962287186,1576.7470653753098,False
validation,F_COG9_ALMA3_EMA200,2025-10-15,2025-10-17,-4.563427409621401,-657.3178842178968,False
validation,F_COG9_ALMA3_EMA200,2025-10-21,2025-10-23,-2.97366947595743,-408.7820630578444,False
validation,G_COG9_LSMA200_EMA200,2023-01-30,2023-01-31,-4.145871334372641,-414.58713343726413,False
validation,G_COG9_LSMA200_EMA200,2023-02-17,2023-02-24,1.491500747290475,142.96650453566144,False
validation,G_COG9_LSMA200_EMA200,2023-03-15,2023-03-26,10.985972743147233,1068.757106058827,False
validation,G_COG9_LSMA200_EMA200,2023-04-12,2023-04-18,-2.8420740106739784,-306.862609714286,False
validation,G_COG9_LSMA200_EMA200,2023-04-29,2023-05-03,-2.4826979573905117,-260.441815031676,False
validation,G_COG9_LSMA200_EMA200,2023-05-30,2023-06-04,-2.6977412379677546,-275.9743978527422,False
validation,G_COG9_LSMA200_EMA200,2023-06-18,2023-06-30,14.477943679442774,1441.1139051588852,False
validation,G_COG9_LSMA200_EMA200,2023-07-04,2023-07-07,-4.334071331233746,-493.8661955719508,False
validation,G_COG9_LSMA200_EMA200,2023-07-14,2023-07-18,-4.471572224409492,-487.4507996167413,False
validation,G_COG9_LSMA200_EMA200,2023-08-01,2023-08-06,-0.8456950005163999,-88.06775602326707,False
validation,G_COG9_LSMA200_EMA200,2023-08-09,2023-08-16,-2.209807747894177,-228.1756173098929,False
validation,G_COG9_LSMA200_EMA200,2023-09-29,2023-09-30,-0.7217614638993619,-72.87922282951149,False
validation,G_COG9_LSMA200_EMA200,2023-10-17,2023-11-01,21.175730710228848,2122.7678945819953,False
validation,G_COG9_LSMA200_EMA200,2023-11-11,2023-11-15,-4.978130605046427,-604.7084521641791,False
validation,G_COG9_LSMA200_EMA200,2023-12-03,2023-12-12,4.257212248564501,491.39261534164325,False
validation,G_COG9_LSMA200_EMA200,2023-12-24,2023-12-25,-1.9208009857821562,-231.1488838026853,False
validation,G_COG9_LSMA200_EMA200,2024-01-05,2024-01-08,-0.8010664412250401,-94.54855143826353,False
validation,G_COG9_LSMA200_EMA200,2024-01-09,2024-01-13,-9.15092825637297,-1071.4169059823816,False
validation,G_COG9_LSMA200_EMA200,2024-01-30,2024-02-04,-0.9709554897143868,-103.27927013932276,False
validation,G_COG9_LSMA200_EMA200,2024-02-09,2024-02-21,15.044866314153026,1584.7645959815072,False
validation,G_COG9_LSMA200_EMA200,2024-02-28,2024-03-16,21.484698641957788,2603.5920544210167,False
validation,G_COG9_LSMA200_EMA200,2024-03-27,2024-04-02,-0.7813004421002523,-115.02263750590282,False
validation,G_COG9_LSMA200_EMA200,2024-04-10,2024-04-13,-3.225823602258937,-471.1936157515647,False
validation,G_COG9_LSMA200_EMA200,2024-04-23,2024-04-27,-4.849411015860083,-685.4996871649892,False
validation,G_COG9_LSMA200_EMA200,2024-05-06,2024-05-12,-5.261848814293424,-707.7308269570094,False
validation,G_COG9_LSMA200_EMA200,2024-05-16,2024-05-27,3.1657684611087866,403.39805558399894,False
validation,G_COG9_LSMA200_EMA200,2024-06-06,2024-06-11,-2.498041765612835,-328.3900313321901,False
validation,G_COG9_LSMA200_EMA200,2024-07-02,2024-07-05,-9.572136278888498,-1226.9093641433246,False
validation,G_COG9_LSMA200_EMA200,2024-08-11,2024-08-12,-3.917689507813016,-454.0836792661139,False
validation,G_COG9_LSMA200_EMA200,2024-08-18,2024-08-19,-2.083741896545932,-232.05623467601617,False
validation,G_COG9_LSMA200_EMA200,2024-10-09,2024-10-11,-3.2412997607698,-353.4462049048652,False
validation,G_COG9_LSMA200_EMA200,2024-10-14,2024-10-24,5.724387569123768,603.9808673750813,False
validation,G_COG9_LSMA200_EMA200,2024-10-30,2024-11-04,-5.728133876263087,-638.9729733926015,False
validation,G_COG9_LSMA200_EMA200,2024-11-08,2024-11-20,21.32460100911764,2242.4994633547085,False
validation,G_COG9_LSMA200_EMA200,2024-11-21,2024-11-27,-2.7542443553090434,-351.40082232988607,False
validation,G_COG9_LSMA200_EMA200,2024-12-17,2024-12-19,-5.803205855740212,-720.01067804382,False
validation,G_COG9_LSMA200_EMA200,2025-01-05,2025-01-09,-3.5070625248769915,-409.8742093194378,False
validation,G_COG9_LSMA200_EMA200,2025-01-17,2025-01-24,3.6122446012950338,407.3612939208924,False
validation,G_COG9_LSMA200_EMA200,2025-03-05,2025-03-10,-7.77862816469278,-908.9012583212152,False
validation,G_COG9_LSMA200_EMA200,2025-05-19,2025-05-29,0.9437375800638526,101.69427871974221,False
validation,G_COG9_LSMA200_EMA200,2025-06-10,2025-06-15,-4.683492466148675,-509.4416850090438,False
validation,G_COG9_LSMA200_EMA200,2025-06-26,2025-07-02,-1.8408959156962057,-190.86311500002012,False
validation,G_COG9_LSMA200_EMA200,2025-07-10,2025-07-19,5.69753433930229,579.8428556967174,False
validation,G_COG9_LSMA200_EMA200,2025-08-10,2025-08-16,0.4536157667463403,48.7951162393565,False
validation,G_COG9_LSMA200_EMA200,2025-09-07,2025-09-20,4.6266683502187655,499.9449185345511,False
validation,G_COG9_LSMA200_EMA200,2025-10-01,2025-10-11,-1.4136621917596903,-159.82393837103882,False
validation,G_COG9_LSMA200_EMA200,2025-10-24,2025-10-31,-1.8893859784297473,-210.58799393369736,False
validation,H_COG9_ALMA3_confirma2,2023-01-04,2023-01-18,26.345828095910417,2634.582809591042,False
validation,H_COG9_ALMA3_confirma2,2023-02-14,2023-02-20,11.137601569812873,1407.18949334032,False
validation,H_COG9_ALMA3_confirma2,2023-03-03,2023-03-04,-5.019929735182793,-704.8871031815124,False
validation,H_COG9_ALMA3_confirma2,2023-03-13,2023-03-19,21.951211277142612,2927.607847987052,False
validation,H_COG9_ALMA3_confirma2,2023-03-31,2023-04-03,0.21032488517840342,34.20827632750115,False
validation,H_COG9_ALMA3_confirma2,2023-04-11,2023-04-16,1.9131292904539299,311.8152289942791,False
validation,H_COG9_ALMA3_confirma2,2023-04-26,2023-05-01,2.985186822886421,495.85495135527526,False
validation,H_COG9_ALMA3_confirma2,2023-05-16,2023-05-22,-1.8205228793269357,-311.42540706052023,False
validation,H_COG9_ALMA3_confirma2,2023-05-28,2023-06-01,1.0224485006679274,171.719674560376,False
validation,H_COG9_ALMA3_confirma2,2023-06-08,2023-06-11,-2.1850492407060385,-370.7300016223344,False
validation,H_COG9_ALMA3_confirma2,2023-06-13,2023-06-15,-3.288424295755321,-545.7447839782126,False
validation,H_COG9_ALMA3_confirma2,2023-06-17,2023-06-25,15.528499885664893,2492.3538889586507,False
validation,H_COG9_ALMA3_confirma2,2023-07-04,2023-07-06,-2.3840434135067756,-442.0623197954592,False
validation,H_COG9_ALMA3_confirma2,2023-07-12,2023-07-15,-1.3091845441676186,-236.96872003605313,False
validation,H_COG9_ALMA3_confirma2,2023-07-24,2023-07-25,-3.3062646857403233,-590.6150495735019,False
validation,H_COG9_ALMA3_confirma2,2023-07-30,2023-08-03,-0.866445426892859,-149.66024162197573,False
validation,H_COG9_ALMA3_confirma2,2023-08-09,2023-08-12,-1.4529052211177174,-248.7844268337758,False
validation,H_COG9_ALMA3_confirma2,2023-08-23,2023-08-28,-0.12434015331266313,-20.98172212026475,False
validation,H_COG9_ALMA3_confirma2,2023-08-31,2023-09-01,-5.263466218752988,-887.076826212995,False
validation,H_COG9_ALMA3_confirma2,2023-09-09,2023-09-11,-0.5646694852262546,-90.15736366909914,False
validation,H_COG9_ALMA3_confirma2,2023-09-14,2023-09-21,3.133845052724471,497.53670555895405,False
validation,H_COG9_ALMA3_confirma2,2023-09-30,2023-10-04,1.625355982889709,266.1321301403077,False
validation,H_COG9_ALMA3_confirma2,2023-10-17,2023-10-23,4.918629861312929,818.455436618653,False
validation,H_COG9_ALMA3_confirma2,2023-10-25,2023-10-28,-0.38983815389690424,-68.05935798379869,False
validation,H_COG9_ALMA3_confirma2,2023-11-05,2023-11-06,-0.4422111891636993,-76.90186622498732,False
validation,H_COG9_ALMA3_confirma2,2023-11-09,2023-11-13,3.7288269178728406,645.5867663405115,False
validation,H_COG9_ALMA3_confirma2,2023-11-21,2023-11-22,-4.844493916812242,-870.0220821430812,False
validation,H_COG9_ALMA3_confirma2,2023-11-30,2023-12-01,-0.6437317645003326,-110.00710196571526,False
validation,H_COG9_ALMA3_confirma2,2023-12-03,2023-12-09,11.630658465114529,1974.7647131184276,False
validation,H_COG9_ALMA3_confirma2,2023-12-19,2023-12-25,0.4803779660273344,91.04951167049512,False
validation,H_COG9_ALMA3_confirma2,2024-01-02,2024-01-07,-0.7762356087865241,-147.8323101084825,False
validation,H_COG9_ALMA3_confirma2,2024-01-12,2024-01-13,-7.951322350299339,-1502.556673411771,False
validation,H_COG9_ALMA3_confirma2,2024-01-19,2024-01-22,0.31034018549194187,53.981763809799304,False
validation,H_COG9_ALMA3_confirma2,2024-01-27,2024-02-01,1.5037985167086099,262.3882667042635,False
validation,H_COG9_ALMA3_confirma2,2024-02-09,2024-02-14,9.410886772163597,1666.7390155561843,False
validation,H_COG9_ALMA3_confirma2,2024-02-27,2024-03-03,13.446383989884314,2605.5721329439148,False
validation,H_COG9_ALMA3_confirma2,2024-03-22,2024-03-29,7.736178950467143,1700.6492670046391,False
validation,H_COG9_ALMA3_confirma2,2024-04-08,2024-04-12,0.6287968666777388,148.92245483375882,False
validation,H_COG9_ALMA3_confirma2,2024-04-20,2024-04-25,0.43716519804564147,104.18799464380936,False
validation,H_COG9_ALMA3_confirma2,2024-05-05,2024-05-11,-5.124530837148633,-1226.6499771508097,False
validation,H_COG9_ALMA3_confirma2,2024-05-15,2024-05-20,7.30459423779779,1658.8861341051452,False
validation,H_COG9_ALMA3_confirma2,2024-05-31,2024-06-01,-1.484190706991817,-361.6833406647347,False
validation,H_COG9_ALMA3_confirma2,2024-06-05,2024-06-08,-1.9705527760765063,-473.0780494804567,False
validation,H_COG9_ALMA3_confirma2,2024-06-17,2024-06-21,-3.0013238359779093,-706.3405477068118,False
validation,H_COG9_ALMA3_confirma2,2024-06-27,2024-07-04,-1.3747892092204061,-313.8363196515893,False
validation,H_COG9_ALMA3_confirma2,2024-07-11,2024-07-21,15.959923963612454,3593.236891439963,False
validation,H_COG9_ALMA3_confirma2,2024-08-10,2024-08-15,-3.8304790974596603,-1000.0369586358356,False
validation,H_COG9_ALMA3_confirma2,2024-08-19,2024-08-21,0.7011677995895305,176.04446284604273,False
validation,H_COG9_ALMA3_confirma2,2024-08-23,2024-08-27,3.759700412409628,950.5788634315832,False
validation,H_COG9_ALMA3_confirma2,2024-09-04,2024-09-06,-2.5675519139333414,-673.5701859879446,False
validation,H_COG9_ALMA3_confirma2,2024-09-10,2024-09-16,3.353422671215167,857.1474417894424,False
validation,H_COG9_ALMA3_confirma2,2024-09-20,2024-09-22,0.3355273136555592,88.63800655422165,False
validation,H_COG9_ALMA3_confirma2,2024-09-24,2024-09-25,1.152843012805116,305.5744295866898,False
validation,H_COG9_ALMA3_confirma2,2024-09-29,2024-10-01,-4.130247278418819,-1107.39098912587,False
validation,H_COG9_ALMA3_confirma2,2024-10-07,2024-10-11,-4.256959517760062,-1094.2235538830282,False
validation,H_COG9_ALMA3_confirma2,2024-10-14,2024-10-19,8.514381727185505,2095.3996693008667,False
validation,H_COG9_ALMA3_confirma2,2024-10-29,2024-11-01,0.1704345964550935,45.515446861139935,False
validation,H_COG9_ALMA3_confirma2,2024-11-08,2024-11-14,18.78064424060044,5024.016976233099,False
validation,H_COG9_ALMA3_confirma2,2024-11-22,2024-11-24,-0.9533419332271365,-302.9249081041635,False
validation,H_COG9_ALMA3_confirma2,2024-12-02,2024-12-06,-0.5452902825275663,-171.61445822026508,False
validation,H_COG9_ALMA3_confirma2,2024-12-08,2024-12-10,-2.8516934816913864,-892.5947176464651,False
validation,H_COG9_ALMA3_confirma2,2024-12-17,2024-12-19,-5.803205855740201,-1764.6341527534678,False
validation,H_COG9_ALMA3_confirma2,2024-12-26,2024-12-29,-4.44040944373768,-1271.8791381601768,False
validation,H_COG9_ALMA3_confirma2,2025-01-04,2025-01-08,-1.53808090026466,-420.99436778130985,False
validation,H_COG9_ALMA3_confirma2,2025-01-15,2025-01-20,4.626285496763272,1246.8029845432757,False
validation,H_COG9_ALMA3_confirma2,2025-02-09,2025-02-12,-0.988591160835206,-278.7551712782406,False
validation,H_COG9_ALMA3_confirma2,2025-02-14,2025-02-17,-0.8052453517996772,-224.81209695863436,False
validation,H_COG9_ALMA3_confirma2,2025-02-21,2025-02-23,-2.0784486987979633,-575.5982529129724,False
validation,H_COG9_ALMA3_confirma2,2025-03-03,2025-03-08,-8.198012110963615,-2223.140948909673,False
validation,H_COG9_ALMA3_confirma2,2025-03-16,2025-03-19,-2.2186602335248606,-552.3334271677668,False
validation,H_COG9_ALMA3_confirma2,2025-03-25,2025-03-28,-0.6028173322606856,-146.7412595127389,False
validation,H_COG9_ALMA3_confirma2,2025-04-03,2025-04-07,-5.236806110999648,-1267.0888851103482,False
validation,H_COG9_ALMA3_confirma2,2025-04-11,2025-04-16,4.756013411086291,1090.4941668571992,False
validation,H_COG9_ALMA3_confirma2,2025-04-23,2025-04-27,0.9648141484103423,231.74101369683922,False
validation,H_COG9_ALMA3_confirma2,2025-05-03,2025-05-04,-1.360189482516161,-329.85927600684226,False
validation,H_COG9_ALMA3_confirma2,2025-05-08,2025-05-13,5.619787497887585,1344.3161379182638,False
validation,H_COG9_ALMA3_confirma2,2025-05-20,2025-05-24,1.347965359409442,340.5693334719763,False
validation,H_COG9_ALMA3_confirma2,2025-06-05,2025-06-06,-3.3355727813159097,-854.1069647949698,False
validation,H_COG9_ALMA3_confirma2,2025-06-08,2025-06-13,-0.18659061836817648,-46.18472137126446,False
validation,H_COG9_ALMA3_confirma2,2025-06-20,2025-06-22,-2.7178573762437486,-671.466077428202,False
validation,H_COG9_ALMA3_confirma2,2025-06-25,2025-07-01,0.6999725753789932,168.2331459917441,False
validation,H_COG9_ALMA3_confirma2,2025-07-04,2025-07-06,-1.5611276984050293,-377.83163975545176,False
validation,H_COG9_ALMA3_confirma2,2025-07-10,2025-07-16,5.548065229771004,1321.8071056201225,False
validation,H_COG9_ALMA3_confirma2,2025-07-24,2025-07-25,-0.6479766943945586,-162.94317950797995,False
validation,H_COG9_ALMA3_confirma2,2025-07-28,2025-07-29,-1.4293752633970591,-357.1081635701812,False
validation,H_COG9_ALMA3_confirma2,2025-08-06,2025-08-12,3.680657573568147,906.4136574227341,False
validation,H_COG9_ALMA3_confirma2,2025-08-14,2025-08-15,-4.351519465967002,-1111.0655938229938,False
validation,H_COG9_ALMA3_confirma2,2025-08-24,2025-08-26,-4.8995289579820245,-1196.5508856184751,False
validation,H_COG9_ALMA3_confirma2,2025-08-28,2025-08-29,0.8697443919640113,201.999897409798,False
validation,H_COG9_ALMA3_confirma2,2025-09-02,2025-09-08,1.4344966913094614,336.06244514365244,False
validation,H_COG9_ALMA3_confirma2,2025-09-12,2025-09-15,-0.4848918057318685,-115.226124633562,False
validation,H_COG9_ALMA3_confirma2,2025-09-29,2025-10-06,9.761128153983446,2308.3153779961904,False
validation,H_COG9_ALMA3_confirma2,2025-10-16,2025-10-17,-2.611972726884293,-677.9728933137267,False
validation,H_COG9_ALMA3_confirma2,2025-10-19,2025-10-20,1.0564256661143467,267.04730839177137,False
validation,H_COG9_ALMA3_confirma2,2025-10-22,2025-10-29,3.935996365994354,1005.4671430464587,False
validation,H_COG9_ALMA3_confirma2,2025-11-11,2025-11-14,-6.24248430120341,-1657.4355012415836,False
validation,H_COG9_ALMA3_confirma2,2025-11-20,2025-11-21,-5.6548136512050595,-1407.678790414153,False
validation,H_COG9_ALMA3_confirma2,2025-11-24,2025-12-01,3.753698008785511,881.5853122838707,False
validation,H_COG9_ALMA3_confirma2,2025-12-09,2025-12-11,1.2196229233579103,297.18999138680374,False
validation,H_COG9_ALMA3_confirma2,2025-12-13,2025-12-15,-2.614856932319154,-644.942873246815,False
validation,H_COG9_ALMA3_confirma2,2025-12-21,2025-12-25,-1.0797584569946062,-259.35381268523633,False
